timestamp,global_step,negotiation_id,sender_vehicle_id,recipient_vehicle_id,role,mechanism_step,agent_offer_number,taskA_id,taskA_ready_time,taskA_due_date,taskA_weight,taskB_id,taskB_ready_time,taskB_due_date,taskB_weight
2025-12-18T16:15:43.063961,1,0,0,12,A,0,1,39,0,1105,20,,,,
2025-12-18T16:15:43.067211,1,0,12,0,B,0,1,39,0,1105,20,67,12,77,10
2025-12-18T16:15:43.087939,1,0,0,12,A,1,2,39,0,1105,20,,,,
2025-12-18T16:15:43.088146,1,0,12,0,B,1,2,39,0,1105,20,,,,
2025-12-18T16:15:43.649418,1,1,0,13,A,0,1,39,0,1105,20,,,,
2025-12-18T16:15:43.685348,1,1,13,0,B,0,1,39,0,1105,20,87,85,144,20
2025-12-18T16:15:43.708034,1,1,0,13,A,1,2,39,0,1105,20,,,,
2025-12-18T16:15:43.708283,1,1,13,0,B,1,2,39,0,1105,20,73,0,1090,10
2025-12-18T16:15:43.732700,1,1,0,13,A,2,3,39,0,1105,20,,,,
2025-12-18T16:15:43.732887,1,1,13,0,B,2,3,39,0,1105,20,57,0,1111,40
2025-12-18T16:15:43.754934,1,1,0,13,A,3,4,39,0,1105,20,,,,
2025-12-18T16:15:43.755143,1,1,13,0,B,3,4,39,0,1105,20,3,0,1129,10
2025-12-18T16:15:43.779600,1,1,0,13,A,4,5,39,0,1105,20,,,,
2025-12-18T16:15:43.779791,1,1,13,0,B,4,5,39,0,1105,20,83,0,1113,10
2025-12-18T16:15:43.804962,1,1,0,13,A,5,6,39,0,1105,20,,,,
2025-12-18T16:15:43.805139,1,1,13,0,B,5,6,39,0,1105,20,10,0,1129,10
2025-12-18T16:15:43.829325,1,1,0,13,A,6,7,39,0,1105,20,,,,
2025-12-18T16:15:43.829532,1,1,13,0,B,6,7,39,0,1105,20,43,0,1129,10
2025-12-18T16:15:43.853834,1,1,0,13,A,7,8,39,0,1105,20,,,,
2025-12-18T16:15:43.853995,1,1,13,0,B,7,8,39,0,1105,20,87,85,144,20
2025-12-18T16:15:43.855958,1,1,0,13,A,8,9,39,0,1105,20,,,,
2025-12-18T16:15:43.856018,1,1,13,0,B,8,9,39,0,1105,20,,,,
2025-12-18T16:15:44.453209,1,2,0,11,A,0,1,39,0,1105,20,,,,
2025-12-18T16:15:44.494884,1,2,11,0,B,0,1,39,0,1105,20,25,169,224,40
2025-12-18T16:15:44.518204,1,2,0,11,A,1,2,39,0,1105,20,,,,
2025-12-18T16:15:44.518385,1,2,11,0,B,1,2,39,0,1105,20,38,479,522,30
2025-12-18T16:15:44.540249,1,2,0,11,A,2,3,39,0,1105,20,,,,
2025-12-18T16:15:44.540426,1,2,11,0,B,2,3,39,0,1105,20,80,0,1094,10
2025-12-18T16:15:44.564980,1,2,0,11,A,3,4,39,0,1105,20,,,,
2025-12-18T16:15:44.565156,1,2,11,0,B,3,4,39,0,1105,20,86,0,1119,10
2025-12-18T16:15:44.589550,1,2,0,11,A,4,5,39,0,1105,20,,,,
2025-12-18T16:15:44.589724,1,2,11,0,B,4,5,39,0,1105,20,31,0,1112,20
2025-12-18T16:15:44.611593,1,2,0,11,A,5,6,39,0,1105,20,,,,
2025-12-18T16:15:44.611763,1,2,11,0,B,5,6,39,0,1105,20,16,0,1105,40
2025-12-18T16:15:44.633368,1,2,0,11,A,6,7,39,0,1105,20,,,,
2025-12-18T16:15:44.633553,1,2,11,0,B,6,7,39,0,1105,20,25,169,224,40
2025-12-18T16:15:44.635973,1,2,0,11,A,7,8,39,0,1105,20,,,,
2025-12-18T16:15:44.636026,1,2,11,0,B,7,8,39,0,1105,20,38,479,522,30
2025-12-18T16:15:44.638359,1,2,0,11,A,8,9,39,0,1105,20,,,,
2025-12-18T16:15:44.638401,1,2,11,0,B,8,9,39,0,1105,20,19,0,1106,10
2025-12-18T16:15:44.662121,1,2,0,11,A,9,10,39,0,1105,20,,,,
2025-12-18T16:15:44.662283,1,2,11,0,B,9,10,39,0,1105,20,21,0,1135,20
2025-12-18T16:15:45.288030,1,3,0,2,A,0,1,39,0,1105,20,,,,
2025-12-18T16:15:45.332391,1,3,2,0,B,0,1,39,0,1105,20,84,458,523,20
2025-12-18T16:15:45.355935,1,3,0,2,A,1,2,39,0,1105,20,,,,
2025-12-18T16:15:45.356148,1,3,2,0,B,1,2,39,0,1105,20,88,0,1119,30
2025-12-18T16:15:45.378023,1,3,0,2,A,2,3,39,0,1105,20,,,,
2025-12-18T16:15:45.378287,1,3,2,0,B,2,3,39,0,1105,20,24,0,1131,10
2025-12-18T16:15:45.402809,1,3,0,2,A,3,4,39,0,1105,20,,,,
2025-12-18T16:15:45.402998,1,3,2,0,B,3,4,39,0,1105,20,78,0,1095,20
2025-12-18T16:15:45.424653,1,3,0,2,A,4,5,39,0,1105,20,,,,
2025-12-18T16:15:45.424835,1,3,2,0,B,4,5,39,0,1105,20,91,0,1123,10
2025-12-18T16:15:45.449057,1,3,0,2,A,5,6,39,0,1105,20,,,,
2025-12-18T16:15:45.449205,1,3,2,0,B,5,6,39,0,1105,20,84,458,523,20
2025-12-18T16:15:45.451630,1,3,0,2,A,6,7,39,0,1105,20,,,,
2025-12-18T16:15:45.451679,1,3,2,0,B,6,7,39,0,1105,20,60,0,1100,20
2025-12-18T16:15:45.473377,1,3,0,2,A,7,8,39,0,1105,20,,,,
2025-12-18T16:15:45.473488,1,3,2,0,B,7,8,39,0,1105,20,68,0,1125,10
2025-12-18T16:15:45.497753,1,3,0,2,A,8,9,39,0,1105,20,,,,
2025-12-18T16:15:45.497959,1,3,2,0,B,8,9,39,0,1105,20,51,0,1121,10
2025-12-18T16:15:45.522121,1,3,0,2,A,9,10,39,0,1105,20,,,,
2025-12-18T16:15:45.522372,1,3,2,0,B,9,10,39,0,1105,20,,,,
2025-12-18T16:15:46.197620,1,4,0,3,A,0,1,39,0,1105,20,,,,
2025-12-18T16:15:46.250021,1,4,3,0,B,0,1,39,0,1105,20,77,574,643,10
2025-12-18T16:15:46.273182,1,4,0,3,A,1,2,39,0,1105,20,,,,
2025-12-18T16:15:46.273385,1,4,3,0,B,1,2,39,0,1105,20,99,743,820,10
2025-12-18T16:15:46.295272,1,4,0,3,A,2,3,39,0,1105,20,,,,
2025-12-18T16:15:46.295458,1,4,3,0,B,2,3,39,0,1105,20,77,574,643,10
2025-12-18T16:15:46.297865,1,4,0,3,A,3,4,39,0,1105,20,,,,
2025-12-18T16:15:46.297910,1,4,3,0,B,3,4,39,0,1105,20,98,0,1115,20
2025-12-18T16:15:46.320203,1,4,0,3,A,4,5,39,0,1105,20,,,,
2025-12-18T16:15:46.320391,1,4,3,0,B,4,5,39,0,1105,20,5,0,1130,10
2025-12-18T16:15:46.344761,1,4,0,3,A,5,6,39,0,1105,20,,,,
2025-12-18T16:15:46.344944,1,4,3,0,B,5,6,39,0,1105,20,81,0,1098,30
2025-12-18T16:15:46.367349,1,4,0,3,A,6,7,39,0,1105,20,,,,
2025-12-18T16:15:46.367481,1,4,3,0,B,6,7,39,0,1105,20,99,743,820,10
2025-12-18T16:15:46.369865,1,4,0,3,A,7,8,39,0,1105,20,,,,
2025-12-18T16:15:46.369931,1,4,3,0,B,7,8,39,0,1105,20,42,0,1126,20
2025-12-18T16:15:46.391832,1,4,0,3,A,8,9,39,0,1105,20,,,,
2025-12-18T16:15:46.391982,1,4,3,0,B,8,9,39,0,1105,20,82,0,1110,20
2025-12-18T16:15:46.414436,1,4,0,3,A,9,10,39,0,1105,20,,,,
2025-12-18T16:15:46.414580,1,4,3,0,B,9,10,39,0,1105,20,66,0,1129,10
2025-12-18T16:15:46.982304,1,5,0,8,A,0,1,39,0,1105,20,,,,
2025-12-18T16:15:47.032575,1,5,8,0,B,0,1,39,0,1105,20,53,286,347,20
2025-12-18T16:15:47.056852,1,5,0,8,A,1,2,39,0,1105,20,,,,
2025-12-18T16:15:47.057074,1,5,8,0,B,1,2,39,0,1105,20,9,534,605,10
2025-12-18T16:15:47.078969,1,5,0,8,A,2,3,39,0,1105,20,,,,
2025-12-18T16:15:47.079137,1,5,8,0,B,2,3,39,0,1105,20,100,647,726,20
2025-12-18T16:15:47.101218,1,5,0,8,A,3,4,39,0,1105,20,,,,
2025-12-18T16:15:47.101429,1,5,8,0,B,3,4,39,0,1105,20,69,916,969,10
2025-12-18T16:15:47.123164,1,5,0,8,A,4,5,39,0,1105,20,,,,
2025-12-18T16:15:47.123314,1,5,8,0,B,4,5,39,0,1105,20,53,286,347,20
2025-12-18T16:15:47.125682,1,5,0,8,A,5,6,39,0,1105,20,,,,
2025-12-18T16:15:47.125745,1,5,8,0,B,5,6,39,0,1105,20,9,534,605,10
2025-12-18T16:15:47.128098,1,5,0,8,A,6,7,39,0,1105,20,,,,
2025-12-18T16:15:47.128150,1,5,8,0,B,6,7,39,0,1105,20,100,647,726,20
2025-12-18T16:15:47.130490,1,5,0,8,A,7,8,39,0,1105,20,,,,
2025-12-18T16:15:47.130549,1,5,8,0,B,7,8,39,0,1105,20,75,0,1130,20
2025-12-18T16:15:47.152280,1,5,0,8,A,8,9,39,0,1105,20,,,,
2025-12-18T16:15:47.152479,1,5,8,0,B,8,9,39,0,1105,20,69,916,969,10
2025-12-18T16:15:47.154856,1,5,0,8,A,9,10,39,0,1105,20,,,,
2025-12-18T16:15:47.154913,1,5,8,0,B,9,10,39,0,1105,20,63,0,1131,50
2025-12-18T16:15:47.443754,1,6,0,4,A,0,1,39,0,1105,20,,,,
2025-12-18T16:15:47.457242,1,6,4,0,B,0,1,39,0,1105,20,34,0,1113,20
2025-12-18T16:15:47.479873,1,6,0,4,A,1,2,39,0,1105,20,,,,
2025-12-18T16:15:47.480010,1,6,4,0,B,1,2,39,0,1105,20,89,0,1121,10
2025-12-18T16:15:47.504838,1,6,0,4,A,2,3,39,0,1105,20,,,,
2025-12-18T16:15:47.505087,1,6,4,0,B,2,3,39,0,1105,20,26,0,1130,10
2025-12-18T16:15:47.529683,1,6,0,4,A,3,4,39,0,1105,20,,,,
2025-12-18T16:15:47.529929,1,6,4,0,B,3,4,39,0,1105,20,15,384,429,40
2025-12-18T16:15:47.551840,1,6,0,4,A,4,5,39,0,1105,20,,,,
2025-12-18T16:15:47.552029,1,6,4,0,B,4,5,39,0,1105,20,,,,
2025-12-18T16:15:48.250619,1,7,0,10,A,0,1,39,0,1105,20,,,,
2025-12-18T16:15:48.304352,1,7,10,0,B,0,1,39,0,1105,20,55,95,158,10
2025-12-18T16:15:48.328295,1,7,0,10,A,1,2,39,0,1105,20,,,,
2025-12-18T16:15:48.328518,1,7,10,0,B,1,2,39,0,1105,20,92,368,441,20
2025-12-18T16:15:48.351379,1,7,0,10,A,2,3,39,0,1105,20,,,,
2025-12-18T16:15:48.351586,1,7,10,0,B,2,3,39,0,1105,20,71,0,1088,20
2025-12-18T16:15:48.373945,1,7,0,10,A,3,4,39,0,1105,20,,,,
2025-12-18T16:15:48.374157,1,7,10,0,B,3,4,39,0,1105,20,55,95,158,10
2025-12-18T16:15:48.376278,1,7,0,10,A,4,5,39,0,1105,20,,,,
2025-12-18T16:15:48.376329,1,7,10,0,B,4,5,39,0,1105,20,14,0,1106,10
2025-12-18T16:15:48.401486,1,7,0,10,A,5,6,39,0,1105,20,,,,
2025-12-18T16:15:48.401684,1,7,10,0,B,5,6,39,0,1105,20,92,368,441,20
2025-12-18T16:15:48.404054,1,7,0,10,A,6,7,39,0,1105,20,,,,
2025-12-18T16:15:48.404108,1,7,10,0,B,6,7,39,0,1105,20,22,0,1133,20
2025-12-18T16:15:48.426202,1,7,0,10,A,7,8,39,0,1105,20,,,,
2025-12-18T16:15:48.426495,1,7,10,0,B,7,8,39,0,1105,20,90,0,1125,10
2025-12-18T16:15:48.451509,1,7,0,10,A,8,9,39,0,1105,20,,,,
2025-12-18T16:15:48.451719,1,7,10,0,B,8,9,39,0,1105,20,2,0,1125,30
2025-12-18T16:15:48.473872,1,7,0,10,A,9,10,39,0,1105,20,,,,
2025-12-18T16:15:48.474089,1,7,10,0,B,9,10,39,0,1105,20,,,,
2025-12-18T16:15:48.736633,1,8,0,9,A,0,1,39,0,1105,20,,,,
2025-12-18T16:15:48.747499,1,8,9,0,B,0,1,39,0,1105,20,96,0,1109,10
2025-12-18T16:15:48.773533,1,8,0,9,A,1,2,39,0,1105,20,,,,
2025-12-18T16:15:48.773740,1,8,9,0,B,1,2,39,0,1105,20,62,262,317,20
2025-12-18T16:15:48.796533,1,8,0,9,A,2,3,39,0,1105,20,,,,
2025-12-18T16:15:48.796762,1,8,9,0,B,2,3,39,0,1105,20,40,0,1125,10
2025-12-18T16:15:48.821047,1,8,0,9,A,3,4,39,0,1105,20,,,,
2025-12-18T16:15:48.821257,1,8,9,0,B,3,4,39,0,1105,20,44,359,412,10
2025-12-18T16:15:48.843637,1,8,0,9,A,4,5,39,0,1105,20,,,,
2025-12-18T16:15:48.843813,1,8,9,0,B,4,5,39,0,1105,20,,,,
2025-12-18T16:15:49.183101,1,9,0,7,A,0,1,39,0,1105,20,,,,
2025-12-18T16:15:49.197624,1,9,7,0,B,0,1,39,0,1105,20,74,353,412,50
2025-12-18T16:15:49.221393,1,9,0,7,A,1,2,39,0,1105,20,,,,
2025-12-18T16:15:49.221604,1,9,7,0,B,1,2,39,0,1105,20,18,0,1110,20
2025-12-18T16:15:49.244552,1,9,0,7,A,2,3,39,0,1105,20,,,,
2025-12-18T16:15:49.244802,1,9,7,0,B,2,3,39,0,1105,20,29,0,1126,10
2025-12-18T16:15:49.270605,1,9,0,7,A,3,4,39,0,1105,20,,,,
2025-12-18T16:15:49.270842,1,9,7,0,B,3,4,39,0,1105,20,58,471,534,30
2025-12-18T16:15:49.293950,1,9,0,7,A,4,5,39,0,1105,20,,,,
2025-12-18T16:15:49.294164,1,9,7,0,B,4,5,39,0,1105,20,12,0,1107,20
2025-12-18T16:15:49.317568,1,9,0,7,A,5,6,39,0,1105,20,,,,
2025-12-18T16:15:49.317771,1,9,7,0,B,5,6,39,0,1105,20,,,,
2025-12-18T16:15:49.693133,1,10,0,6,A,0,1,39,0,1105,20,,,,
2025-12-18T16:15:49.713410,1,10,6,0,B,0,1,39,0,1105,20,13,30,92,30
2025-12-18T16:15:49.735575,1,10,0,6,A,1,2,39,0,1105,20,,,,
2025-12-18T16:15:49.735757,1,10,6,0,B,1,2,39,0,1105,20,94,0,1105,10
2025-12-18T16:15:49.761709,1,10,0,6,A,2,3,39,0,1105,20,,,,
2025-12-18T16:15:49.761935,1,10,6,0,B,2,3,39,0,1105,20,48,0,1122,10
2025-12-18T16:15:49.787777,1,10,0,6,A,3,4,39,0,1105,20,,,,
2025-12-18T16:15:49.787971,1,10,6,0,B,3,4,39,0,1105,20,13,30,92,30
2025-12-18T16:15:49.788601,1,10,0,6,A,4,5,39,0,1105,20,,,,
2025-12-18T16:15:49.788653,1,10,6,0,B,4,5,39,0,1105,20,65,0,1133,10
2025-12-18T16:15:49.814108,1,10,0,6,A,5,6,39,0,1105,20,,,,
2025-12-18T16:15:49.814298,1,10,6,0,B,5,6,39,0,1105,20,70,0,1087,30
2025-12-18T16:15:49.837889,1,10,0,6,A,6,7,39,0,1105,20,,,,
2025-12-18T16:15:49.838063,1,10,6,0,B,6,7,39,0,1105,20,23,732,777,10
2025-12-18T16:15:49.860057,1,10,0,6,A,7,8,39,0,1105,20,,,,
2025-12-18T16:15:49.860288,1,10,6,0,B,7,8,39,0,1105,20,,,,
2025-12-18T16:15:50.242532,1,11,0,5,A,0,1,39,0,1105,20,,,,
2025-12-18T16:15:50.262607,1,11,5,0,B,0,1,39,0,1105,20,11,448,505,10
2025-12-18T16:15:50.285397,1,11,0,5,A,1,2,39,0,1105,20,,,,
2025-12-18T16:15:50.285627,1,11,5,0,B,1,2,39,0,1105,20,79,668,731,10
2025-12-18T16:15:50.308547,1,11,0,5,A,2,3,39,0,1105,20,,,,
2025-12-18T16:15:50.308761,1,11,5,0,B,2,3,39,0,1105,20,36,0,1110,10
2025-12-18T16:15:50.333397,1,11,0,5,A,3,4,39,0,1105,20,,,,
2025-12-18T16:15:50.333531,1,11,5,0,B,3,4,39,0,1105,20,41,0,1127,10
2025-12-18T16:15:50.358991,1,11,0,5,A,4,5,39,0,1105,20,,,,
2025-12-18T16:15:50.359164,1,11,5,0,B,4,5,39,0,1105,20,50,0,1123,10
2025-12-18T16:15:50.384765,1,11,0,5,A,5,6,39,0,1105,20,,,,
2025-12-18T16:15:50.384923,1,11,5,0,B,5,6,39,0,1105,20,56,0,1101,30
2025-12-18T16:15:50.408523,1,11,0,5,A,6,7,39,0,1105,20,,,,
2025-12-18T16:15:50.408759,1,11,5,0,B,6,7,39,0,1105,20,,,,
2025-12-18T16:15:51.014803,1,12,0,1,A,0,1,39,0,1105,20,,,,
2025-12-18T16:15:51.061576,1,12,1,0,B,0,1,39,0,1105,20,8,255,324,20
2025-12-18T16:15:51.086607,1,12,0,1,A,1,2,39,0,1105,20,,,,
2025-12-18T16:15:51.086833,1,12,1,0,B,1,2,39,0,1105,20,4,727,782,10
2025-12-18T16:15:51.109381,1,12,0,1,A,2,3,39,0,1105,20,,,,
2025-12-18T16:15:51.109614,1,12,1,0,B,2,3,39,0,1105,20,49,0,1126,10
2025-12-18T16:15:51.134483,1,12,0,1,A,3,4,39,0,1105,20,,,,
2025-12-18T16:15:51.134709,1,12,1,0,B,3,4,39,0,1105,20,61,0,1123,10
2025-12-18T16:15:51.160431,1,12,0,1,A,4,5,39,0,1105,20,,,,
2025-12-18T16:15:51.160729,1,12,1,0,B,4,5,39,0,1105,20,95,0,1108,30
2025-12-18T16:15:51.183396,1,12,0,1,A,5,6,39,0,1105,20,,,,
2025-12-18T16:15:51.183644,1,12,1,0,B,5,6,39,0,1105,20,37,0,1106,20
2025-12-18T16:15:51.206135,1,12,0,1,A,6,7,39,0,1105,20,,,,
2025-12-18T16:15:51.206327,1,12,1,0,B,6,7,39,0,1105,20,54,0,1105,40
2025-12-18T16:15:51.229115,1,12,0,1,A,7,8,39,0,1105,20,,,,
2025-12-18T16:15:51.229307,1,12,1,0,B,7,8,39,0,1105,20,8,255,324,20
2025-12-18T16:15:51.231732,1,12,0,1,A,8,9,39,0,1105,20,,,,
2025-12-18T16:15:51.231804,1,12,1,0,B,8,9,39,0,1105,20,32,0,1114,30
2025-12-18T16:15:51.253483,1,12,0,1,A,9,10,39,0,1105,20,,,,
2025-12-18T16:15:51.253669,1,12,1,0,B,9,10,39,0,1105,20,97,0,1105,30
2025-12-18T16:15:51.465705,1,13,0,12,A,0,1,33,0,1112,40,,,,
2025-12-18T16:15:51.468865,1,13,12,0,B,0,1,33,0,1112,40,67,12,77,10
2025-12-18T16:15:51.489460,1,13,0,12,A,1,2,33,0,1112,40,,,,
2025-12-18T16:15:51.489639,1,13,12,0,B,1,2,33,0,1112,40,,,,
2025-12-18T16:15:51.894501,1,14,0,13,A,0,1,33,0,1112,40,,,,
2025-12-18T16:15:51.930949,1,14,13,0,B,0,1,33,0,1112,40,87,85,144,20
2025-12-18T16:15:51.953914,1,14,0,13,A,1,2,33,0,1112,40,,,,
2025-12-18T16:15:51.954093,1,14,13,0,B,1,2,33,0,1112,40,73,0,1090,10
2025-12-18T16:15:51.978732,1,14,0,13,A,2,3,33,0,1112,40,,,,
2025-12-18T16:15:51.978896,1,14,13,0,B,2,3,33,0,1112,40,57,0,1111,40
2025-12-18T16:15:52.001802,1,14,0,13,A,3,4,33,0,1112,40,,,,
2025-12-18T16:15:52.002058,1,14,13,0,B,3,4,33,0,1112,40,3,0,1129,10
2025-12-18T16:15:52.026904,1,14,0,13,A,4,5,33,0,1112,40,,,,
2025-12-18T16:15:52.027101,1,14,13,0,B,4,5,33,0,1112,40,83,0,1113,10
2025-12-18T16:15:52.053931,1,14,0,13,A,5,6,33,0,1112,40,,,,
2025-12-18T16:15:52.054171,1,14,13,0,B,5,6,33,0,1112,40,10,0,1129,10
2025-12-18T16:15:52.080465,1,14,0,13,A,6,7,33,0,1112,40,,,,
2025-12-18T16:15:52.080761,1,14,13,0,B,6,7,33,0,1112,40,43,0,1129,10
2025-12-18T16:15:52.106221,1,14,0,13,A,7,8,33,0,1112,40,,,,
2025-12-18T16:15:52.106454,1,14,13,0,B,7,8,33,0,1112,40,87,85,144,20
2025-12-18T16:15:52.108677,1,14,0,13,A,8,9,33,0,1112,40,,,,
2025-12-18T16:15:52.108828,1,14,13,0,B,8,9,33,0,1112,40,,,,
2025-12-18T16:15:52.542391,1,15,0,11,A,0,1,33,0,1112,40,,,,
2025-12-18T16:15:52.584084,1,15,11,0,B,0,1,33,0,1112,40,25,169,224,40
2025-12-18T16:15:52.608477,1,15,0,11,A,1,2,33,0,1112,40,,,,
2025-12-18T16:15:52.608691,1,15,11,0,B,1,2,33,0,1112,40,38,479,522,30
2025-12-18T16:15:52.630804,1,15,0,11,A,2,3,33,0,1112,40,,,,
2025-12-18T16:15:52.631017,1,15,11,0,B,2,3,33,0,1112,40,80,0,1094,10
2025-12-18T16:15:52.655044,1,15,0,11,A,3,4,33,0,1112,40,,,,
2025-12-18T16:15:52.655223,1,15,11,0,B,3,4,33,0,1112,40,86,0,1119,10
2025-12-18T16:15:52.679860,1,15,0,11,A,4,5,33,0,1112,40,,,,
2025-12-18T16:15:52.680077,1,15,11,0,B,4,5,33,0,1112,40,31,0,1112,20
2025-12-18T16:15:52.701822,1,15,0,11,A,5,6,33,0,1112,40,,,,
2025-12-18T16:15:52.701996,1,15,11,0,B,5,6,33,0,1112,40,16,0,1105,40
2025-12-18T16:15:52.724182,1,15,0,11,A,6,7,33,0,1112,40,,,,
2025-12-18T16:15:52.724344,1,15,11,0,B,6,7,33,0,1112,40,25,169,224,40
2025-12-18T16:15:52.726777,1,15,0,11,A,7,8,33,0,1112,40,,,,
2025-12-18T16:15:52.726847,1,15,11,0,B,7,8,33,0,1112,40,38,479,522,30
2025-12-18T16:15:52.729211,1,15,0,11,A,8,9,33,0,1112,40,,,,
2025-12-18T16:15:52.729265,1,15,11,0,B,8,9,33,0,1112,40,19,0,1106,10
2025-12-18T16:15:52.753702,1,15,0,11,A,9,10,33,0,1112,40,,,,
2025-12-18T16:15:52.753848,1,15,11,0,B,9,10,33,0,1112,40,21,0,1135,20
2025-12-18T16:15:53.202731,1,16,0,2,A,0,1,33,0,1112,40,,,,
2025-12-18T16:15:53.251387,1,16,2,0,B,0,1,33,0,1112,40,84,458,523,20
2025-12-18T16:15:53.277485,1,16,0,2,A,1,2,33,0,1112,40,,,,
2025-12-18T16:15:53.277690,1,16,2,0,B,1,2,33,0,1112,40,88,0,1119,30
2025-12-18T16:15:53.300784,1,16,0,2,A,2,3,33,0,1112,40,,,,
2025-12-18T16:15:53.300986,1,16,2,0,B,2,3,33,0,1112,40,24,0,1131,10
2025-12-18T16:15:53.326872,1,16,0,2,A,3,4,33,0,1112,40,,,,
2025-12-18T16:15:53.327073,1,16,2,0,B,3,4,33,0,1112,40,78,0,1095,20
2025-12-18T16:15:53.350594,1,16,0,2,A,4,5,33,0,1112,40,,,,
2025-12-18T16:15:53.350862,1,16,2,0,B,4,5,33,0,1112,40,91,0,1123,10
2025-12-18T16:15:53.377081,1,16,0,2,A,5,6,33,0,1112,40,,,,
2025-12-18T16:15:53.377353,1,16,2,0,B,5,6,33,0,1112,40,84,458,523,20
2025-12-18T16:15:53.379749,1,16,0,2,A,6,7,33,0,1112,40,,,,
2025-12-18T16:15:53.379799,1,16,2,0,B,6,7,33,0,1112,40,60,0,1100,20
2025-12-18T16:15:53.403478,1,16,0,2,A,7,8,33,0,1112,40,,,,
2025-12-18T16:15:53.403648,1,16,2,0,B,7,8,33,0,1112,40,68,0,1125,10
2025-12-18T16:15:53.429902,1,16,0,2,A,8,9,33,0,1112,40,,,,
2025-12-18T16:15:53.430139,1,16,2,0,B,8,9,33,0,1112,40,51,0,1121,10
2025-12-18T16:15:53.455629,1,16,0,2,A,9,10,33,0,1112,40,,,,
2025-12-18T16:15:53.455868,1,16,2,0,B,9,10,33,0,1112,40,,,,
2025-12-18T16:15:53.939681,1,17,0,3,A,0,1,33,0,1112,40,,,,
2025-12-18T16:15:53.994758,1,17,3,0,B,0,1,33,0,1112,40,77,574,643,10
2025-12-18T16:15:54.019083,1,17,0,3,A,1,2,33,0,1112,40,,,,
2025-12-18T16:15:54.019279,1,17,3,0,B,1,2,33,0,1112,40,99,743,820,10
2025-12-18T16:15:54.042535,1,17,0,3,A,2,3,33,0,1112,40,,,,
2025-12-18T16:15:54.042774,1,17,3,0,B,2,3,33,0,1112,40,77,574,643,10
2025-12-18T16:15:54.045282,1,17,0,3,A,3,4,33,0,1112,40,,,,
2025-12-18T16:15:54.045349,1,17,3,0,B,3,4,33,0,1112,40,98,0,1115,20
2025-12-18T16:15:54.067764,1,17,0,3,A,4,5,33,0,1112,40,,,,
2025-12-18T16:15:54.067992,1,17,3,0,B,4,5,33,0,1112,40,5,0,1130,10
2025-12-18T16:15:54.093553,1,17,0,3,A,5,6,33,0,1112,40,,,,
2025-12-18T16:15:54.093792,1,17,3,0,B,5,6,33,0,1112,40,81,0,1098,30
2025-12-18T16:15:54.116294,1,17,0,3,A,6,7,33,0,1112,40,,,,
2025-12-18T16:15:54.116490,1,17,3,0,B,6,7,33,0,1112,40,99,743,820,10
2025-12-18T16:15:54.118868,1,17,0,3,A,7,8,33,0,1112,40,,,,
2025-12-18T16:15:54.118915,1,17,3,0,B,7,8,33,0,1112,40,42,0,1126,20
2025-12-18T16:15:54.141893,1,17,0,3,A,8,9,33,0,1112,40,,,,
2025-12-18T16:15:54.142090,1,17,3,0,B,8,9,33,0,1112,40,66,0,1129,10
2025-12-18T16:15:54.166893,1,17,0,3,A,9,10,33,0,1112,40,,,,
2025-12-18T16:15:54.167092,1,17,3,0,B,9,10,33,0,1112,40,82,0,1110,20
2025-12-18T16:15:54.568559,1,18,0,8,A,0,1,33,0,1112,40,,,,
2025-12-18T16:15:54.624585,1,18,8,0,B,0,1,33,0,1112,40,53,286,347,20
2025-12-18T16:15:54.649037,1,18,0,8,A,1,2,33,0,1112,40,,,,
2025-12-18T16:15:54.649245,1,18,8,0,B,1,2,33,0,1112,40,9,534,605,10
2025-12-18T16:15:54.671591,1,18,0,8,A,2,3,33,0,1112,40,,,,
2025-12-18T16:15:54.671813,1,18,8,0,B,2,3,33,0,1112,40,100,647,726,20
2025-12-18T16:15:54.694091,1,18,0,8,A,3,4,33,0,1112,40,,,,
2025-12-18T16:15:54.694254,1,18,8,0,B,3,4,33,0,1112,40,69,916,969,10
2025-12-18T16:15:54.716635,1,18,0,8,A,4,5,33,0,1112,40,,,,
2025-12-18T16:15:54.716815,1,18,8,0,B,4,5,33,0,1112,40,53,286,347,20
2025-12-18T16:15:54.719160,1,18,0,8,A,5,6,33,0,1112,40,,,,
2025-12-18T16:15:54.719206,1,18,8,0,B,5,6,33,0,1112,40,9,534,605,10
2025-12-18T16:15:54.721532,1,18,0,8,A,6,7,33,0,1112,40,,,,
2025-12-18T16:15:54.721580,1,18,8,0,B,6,7,33,0,1112,40,100,647,726,20
2025-12-18T16:15:54.723900,1,18,0,8,A,7,8,33,0,1112,40,,,,
2025-12-18T16:15:54.723957,1,18,8,0,B,7,8,33,0,1112,40,75,0,1130,20
2025-12-18T16:15:54.746754,1,18,0,8,A,8,9,33,0,1112,40,,,,
2025-12-18T16:15:54.746895,1,18,8,0,B,8,9,33,0,1112,40,69,916,969,10
2025-12-18T16:15:54.749233,1,18,0,8,A,9,10,33,0,1112,40,,,,
2025-12-18T16:15:54.749285,1,18,8,0,B,9,10,33,0,1112,40,63,0,1131,50
2025-12-18T16:15:55.003002,1,19,0,4,A,0,1,33,0,1112,40,,,,
2025-12-18T16:15:55.016094,1,19,4,0,B,0,1,33,0,1112,40,34,0,1113,20
2025-12-18T16:15:55.038735,1,19,0,4,A,1,2,33,0,1112,40,,,,
2025-12-18T16:15:55.038913,1,19,4,0,B,1,2,33,0,1112,40,89,0,1121,10
2025-12-18T16:15:55.062645,1,19,0,4,A,2,3,33,0,1112,40,,,,
2025-12-18T16:15:55.062801,1,19,4,0,B,2,3,33,0,1112,40,26,0,1130,10
2025-12-18T16:15:55.088088,1,19,0,4,A,3,4,33,0,1112,40,,,,
2025-12-18T16:15:55.088256,1,19,4,0,B,3,4,33,0,1112,40,15,384,429,40
2025-12-18T16:15:55.110909,1,19,0,4,A,4,5,33,0,1112,40,,,,
2025-12-18T16:15:55.111132,1,19,4,0,B,4,5,33,0,1112,40,,,,
2025-12-18T16:15:55.586810,1,20,0,10,A,0,1,33,0,1112,40,,,,
2025-12-18T16:15:55.640486,1,20,10,0,B,0,1,33,0,1112,40,55,95,158,10
2025-12-18T16:15:55.665261,1,20,0,10,A,1,2,33,0,1112,40,,,,
2025-12-18T16:15:55.665473,1,20,10,0,B,1,2,33,0,1112,40,92,368,441,20
2025-12-18T16:15:55.687284,1,20,0,10,A,2,3,33,0,1112,40,,,,
2025-12-18T16:15:55.687515,1,20,10,0,B,2,3,33,0,1112,40,71,0,1088,20
2025-12-18T16:15:55.711454,1,20,0,10,A,3,4,33,0,1112,40,,,,
2025-12-18T16:15:55.711643,1,20,10,0,B,3,4,33,0,1112,40,55,95,158,10
2025-12-18T16:15:55.713755,1,20,0,10,A,4,5,33,0,1112,40,,,,
2025-12-18T16:15:55.713803,1,20,10,0,B,4,5,33,0,1112,40,14,0,1106,10
2025-12-18T16:15:55.740457,1,20,0,10,A,5,6,33,0,1112,40,,,,
2025-12-18T16:15:55.740641,1,20,10,0,B,5,6,33,0,1112,40,92,368,441,20
2025-12-18T16:15:55.743092,1,20,0,10,A,6,7,33,0,1112,40,,,,
2025-12-18T16:15:55.743139,1,20,10,0,B,6,7,33,0,1112,40,22,0,1133,20
2025-12-18T16:15:55.779471,1,20,0,10,A,7,8,33,0,1112,40,,,,
2025-12-18T16:15:55.779873,1,20,10,0,B,7,8,33,0,1112,40,90,0,1125,10
2025-12-18T16:15:55.809971,1,20,0,10,A,8,9,33,0,1112,40,,,,
2025-12-18T16:15:55.810221,1,20,10,0,B,8,9,33,0,1112,40,2,0,1125,30
2025-12-18T16:15:55.832907,1,20,0,10,A,9,10,33,0,1112,40,,,,
2025-12-18T16:15:55.833168,1,20,10,0,B,9,10,33,0,1112,40,,,,
2025-12-18T16:15:56.074818,1,21,0,9,A,0,1,33,0,1112,40,,,,
2025-12-18T16:15:56.085476,1,21,9,0,B,0,1,33,0,1112,40,96,0,1109,10
2025-12-18T16:15:56.110845,1,21,0,9,A,1,2,33,0,1112,40,,,,
2025-12-18T16:15:56.111023,1,21,9,0,B,1,2,33,0,1112,40,62,262,317,20
2025-12-18T16:15:56.133244,1,21,0,9,A,2,3,33,0,1112,40,,,,
2025-12-18T16:15:56.133419,1,21,9,0,B,2,3,33,0,1112,40,40,0,1125,10
2025-12-18T16:15:56.158320,1,21,0,9,A,3,4,33,0,1112,40,,,,
2025-12-18T16:15:56.158498,1,21,9,0,B,3,4,33,0,1112,40,44,359,412,10
2025-12-18T16:15:56.181331,1,21,0,9,A,4,5,33,0,1112,40,,,,
2025-12-18T16:15:56.181551,1,21,9,0,B,4,5,33,0,1112,40,,,,
2025-12-18T16:15:56.460271,1,22,0,7,A,0,1,33,0,1112,40,,,,
2025-12-18T16:15:56.474920,1,22,7,0,B,0,1,33,0,1112,40,74,353,412,50
2025-12-18T16:15:56.497898,1,22,0,7,A,1,2,33,0,1112,40,,,,
2025-12-18T16:15:56.498102,1,22,7,0,B,1,2,33,0,1112,40,18,0,1110,20
2025-12-18T16:15:56.520089,1,22,0,7,A,2,3,33,0,1112,40,,,,
2025-12-18T16:15:56.520266,1,22,7,0,B,2,3,33,0,1112,40,29,0,1126,10
2025-12-18T16:15:56.545090,1,22,0,7,A,3,4,33,0,1112,40,,,,
2025-12-18T16:15:56.545302,1,22,7,0,B,3,4,33,0,1112,40,58,471,534,30
2025-12-18T16:15:56.567265,1,22,0,7,A,4,5,33,0,1112,40,,,,
2025-12-18T16:15:56.567470,1,22,7,0,B,4,5,33,0,1112,40,12,0,1107,20
2025-12-18T16:15:56.589655,1,22,0,7,A,5,6,33,0,1112,40,,,,
2025-12-18T16:15:56.589866,1,22,7,0,B,5,6,33,0,1112,40,,,,
2025-12-18T16:15:56.896837,1,23,0,6,A,0,1,33,0,1112,40,,,,
2025-12-18T16:15:56.916722,1,23,6,0,B,0,1,33,0,1112,40,13,30,92,30
2025-12-18T16:15:56.937453,1,23,0,6,A,1,2,33,0,1112,40,,,,
2025-12-18T16:15:56.937652,1,23,6,0,B,1,2,33,0,1112,40,94,0,1105,10
2025-12-18T16:15:56.961821,1,23,0,6,A,2,3,33,0,1112,40,,,,
2025-12-18T16:15:56.962016,1,23,6,0,B,2,3,33,0,1112,40,48,0,1122,10
2025-12-18T16:15:56.986803,1,23,0,6,A,3,4,33,0,1112,40,,,,
2025-12-18T16:15:56.986991,1,23,6,0,B,3,4,33,0,1112,40,13,30,92,30
2025-12-18T16:15:56.987622,1,23,0,6,A,4,5,33,0,1112,40,,,,
2025-12-18T16:15:56.987686,1,23,6,0,B,4,5,33,0,1112,40,65,0,1133,10
2025-12-18T16:15:57.012375,1,23,0,6,A,5,6,33,0,1112,40,,,,
2025-12-18T16:15:57.012562,1,23,6,0,B,5,6,33,0,1112,40,70,0,1087,30
2025-12-18T16:15:57.035012,1,23,0,6,A,6,7,33,0,1112,40,,,,
2025-12-18T16:15:57.035240,1,23,6,0,B,6,7,33,0,1112,40,23,732,777,10
2025-12-18T16:15:57.056856,1,23,0,6,A,7,8,33,0,1112,40,,,,
2025-12-18T16:15:57.057034,1,23,6,0,B,7,8,33,0,1112,40,,,,
2025-12-18T16:15:57.364898,1,24,0,5,A,0,1,33,0,1112,40,,,,
2025-12-18T16:15:57.384768,1,24,5,0,B,0,1,33,0,1112,40,11,448,505,10
2025-12-18T16:15:57.406594,1,24,0,5,A,1,2,33,0,1112,40,,,,
2025-12-18T16:15:57.406762,1,24,5,0,B,1,2,33,0,1112,40,79,668,731,10
2025-12-18T16:15:57.428448,1,24,0,5,A,2,3,33,0,1112,40,,,,
2025-12-18T16:15:57.428596,1,24,5,0,B,2,3,33,0,1112,40,36,0,1110,10
2025-12-18T16:15:57.453468,1,24,0,5,A,3,4,33,0,1112,40,,,,
2025-12-18T16:15:57.453670,1,24,5,0,B,3,4,33,0,1112,40,41,0,1127,10
2025-12-18T16:15:57.479392,1,24,0,5,A,4,5,33,0,1112,40,,,,
2025-12-18T16:15:57.479605,1,24,5,0,B,4,5,33,0,1112,40,50,0,1123,10
2025-12-18T16:15:57.504733,1,24,0,5,A,5,6,33,0,1112,40,,,,
2025-12-18T16:15:57.504953,1,24,5,0,B,5,6,33,0,1112,40,56,0,1101,30
2025-12-18T16:15:57.527514,1,24,0,5,A,6,7,33,0,1112,40,,,,
2025-12-18T16:15:57.527736,1,24,5,0,B,6,7,33,0,1112,40,,,,
2025-12-18T16:15:57.955187,1,25,0,1,A,0,1,33,0,1112,40,,,,
2025-12-18T16:15:57.998988,1,25,1,0,B,0,1,33,0,1112,40,8,255,324,20
2025-12-18T16:15:58.021654,1,25,0,1,A,1,2,33,0,1112,40,,,,
2025-12-18T16:15:58.021857,1,25,1,0,B,1,2,33,0,1112,40,4,727,782,10
2025-12-18T16:15:58.043581,1,25,0,1,A,2,3,33,0,1112,40,,,,
2025-12-18T16:15:58.043703,1,25,1,0,B,2,3,33,0,1112,40,49,0,1126,10
2025-12-18T16:15:58.068363,1,25,0,1,A,3,4,33,0,1112,40,,,,
2025-12-18T16:15:58.068580,1,25,1,0,B,3,4,33,0,1112,40,61,0,1123,10
2025-12-18T16:15:58.093398,1,25,0,1,A,4,5,33,0,1112,40,,,,
2025-12-18T16:15:58.093635,1,25,1,0,B,4,5,33,0,1112,40,95,0,1108,30
2025-12-18T16:15:58.115440,1,25,0,1,A,5,6,33,0,1112,40,,,,
2025-12-18T16:15:58.115621,1,25,1,0,B,5,6,33,0,1112,40,37,0,1106,20
2025-12-18T16:15:58.138744,1,25,0,1,A,6,7,33,0,1112,40,,,,
2025-12-18T16:15:58.139013,1,25,1,0,B,6,7,33,0,1112,40,54,0,1105,40
2025-12-18T16:15:58.162669,1,25,0,1,A,7,8,33,0,1112,40,,,,
2025-12-18T16:15:58.162920,1,25,1,0,B,7,8,33,0,1112,40,8,255,324,20
2025-12-18T16:15:58.165650,1,25,0,1,A,8,9,33,0,1112,40,,,,
2025-12-18T16:15:58.165793,1,25,1,0,B,8,9,33,0,1112,40,32,0,1114,30
2025-12-18T16:15:58.189124,1,25,0,1,A,9,10,33,0,1112,40,,,,
2025-12-18T16:15:58.189328,1,25,1,0,B,9,10,33,0,1112,40,97,0,1105,30
2025-12-18T16:15:58.405711,1,26,0,12,A,0,1,28,0,1128,20,,,,
2025-12-18T16:15:58.409025,1,26,12,0,B,0,1,28,0,1128,20,67,12,77,10
2025-12-18T16:15:58.430117,1,26,0,12,A,1,2,28,0,1128,20,,,,
2025-12-18T16:15:58.430324,1,26,12,0,B,1,2,28,0,1128,20,,,,
2025-12-18T16:15:58.839311,1,27,0,13,A,0,1,28,0,1128,20,,,,
2025-12-18T16:15:58.875728,1,27,13,0,B,0,1,28,0,1128,20,87,85,144,20
2025-12-18T16:15:58.899619,1,27,0,13,A,1,2,28,0,1128,20,,,,
2025-12-18T16:15:58.899825,1,27,13,0,B,1,2,28,0,1128,20,73,0,1090,10
2025-12-18T16:15:58.924222,1,27,0,13,A,2,3,28,0,1128,20,,,,
2025-12-18T16:15:58.924470,1,27,13,0,B,2,3,28,0,1128,20,57,0,1111,40
2025-12-18T16:15:58.948813,1,27,0,13,A,3,4,28,0,1128,20,,,,
2025-12-18T16:15:58.949001,1,27,13,0,B,3,4,28,0,1128,20,3,0,1129,10
2025-12-18T16:15:58.974672,1,27,0,13,A,4,5,28,0,1128,20,,,,
2025-12-18T16:15:58.974837,1,27,13,0,B,4,5,28,0,1128,20,83,0,1113,10
2025-12-18T16:15:58.999977,1,27,0,13,A,5,6,28,0,1128,20,,,,
2025-12-18T16:15:59.000149,1,27,13,0,B,5,6,28,0,1128,20,10,0,1129,10
2025-12-18T16:15:59.025966,1,27,0,13,A,6,7,28,0,1128,20,,,,
2025-12-18T16:15:59.026175,1,27,13,0,B,6,7,28,0,1128,20,43,0,1129,10
2025-12-18T16:15:59.051925,1,27,0,13,A,7,8,28,0,1128,20,,,,
2025-12-18T16:15:59.052103,1,27,13,0,B,7,8,28,0,1128,20,87,85,144,20
2025-12-18T16:15:59.053995,1,27,0,13,A,8,9,28,0,1128,20,,,,
2025-12-18T16:15:59.054047,1,27,13,0,B,8,9,28,0,1128,20,,,,
2025-12-18T16:15:59.484755,1,28,0,11,A,0,1,28,0,1128,20,,,,
2025-12-18T16:15:59.530926,1,28,11,0,B,0,1,28,0,1128,20,25,169,224,40
2025-12-18T16:15:59.555221,1,28,0,11,A,1,2,28,0,1128,20,,,,
2025-12-18T16:15:59.555459,1,28,11,0,B,1,2,28,0,1128,20,38,479,522,30
2025-12-18T16:15:59.578267,1,28,0,11,A,2,3,28,0,1128,20,,,,
2025-12-18T16:15:59.578479,1,28,11,0,B,2,3,28,0,1128,20,80,0,1094,10
2025-12-18T16:15:59.604800,1,28,0,11,A,3,4,28,0,1128,20,,,,
2025-12-18T16:15:59.605027,1,28,11,0,B,3,4,28,0,1128,20,86,0,1119,10
2025-12-18T16:15:59.629943,1,28,0,11,A,4,5,28,0,1128,20,,,,
2025-12-18T16:15:59.630131,1,28,11,0,B,4,5,28,0,1128,20,31,0,1112,20
2025-12-18T16:15:59.652672,1,28,0,11,A,5,6,28,0,1128,20,,,,
2025-12-18T16:15:59.652852,1,28,11,0,B,5,6,28,0,1128,20,16,0,1105,40
2025-12-18T16:15:59.675262,1,28,0,11,A,6,7,28,0,1128,20,,,,
2025-12-18T16:15:59.675507,1,28,11,0,B,6,7,28,0,1128,20,25,169,224,40
2025-12-18T16:15:59.677907,1,28,0,11,A,7,8,28,0,1128,20,,,,
2025-12-18T16:15:59.677955,1,28,11,0,B,7,8,28,0,1128,20,38,479,522,30
2025-12-18T16:15:59.680273,1,28,0,11,A,8,9,28,0,1128,20,,,,
2025-12-18T16:15:59.680319,1,28,11,0,B,8,9,28,0,1128,20,19,0,1106,10
2025-12-18T16:15:59.705677,1,28,0,11,A,9,10,28,0,1128,20,,,,
2025-12-18T16:15:59.705882,1,28,11,0,B,9,10,28,0,1128,20,21,0,1135,20
2025-12-18T16:16:00.142104,1,29,0,2,A,0,1,28,0,1128,20,,,,
2025-12-18T16:16:00.189332,1,29,2,0,B,0,1,28,0,1128,20,84,458,523,20
2025-12-18T16:16:00.211562,1,29,0,2,A,1,2,28,0,1128,20,,,,
2025-12-18T16:16:00.211728,1,29,2,0,B,1,2,28,0,1128,20,88,0,1119,30
2025-12-18T16:16:00.234411,1,29,0,2,A,2,3,28,0,1128,20,,,,
2025-12-18T16:16:00.234546,1,29,2,0,B,2,3,28,0,1128,20,24,0,1131,10
2025-12-18T16:16:00.258896,1,29,0,2,A,3,4,28,0,1128,20,,,,
2025-12-18T16:16:00.259073,1,29,2,0,B,3,4,28,0,1128,20,78,0,1095,20
2025-12-18T16:16:00.281269,1,29,0,2,A,4,5,28,0,1128,20,,,,
2025-12-18T16:16:00.281444,1,29,2,0,B,4,5,28,0,1128,20,91,0,1123,10
2025-12-18T16:16:00.306609,1,29,0,2,A,5,6,28,0,1128,20,,,,
2025-12-18T16:16:00.306802,1,29,2,0,B,5,6,28,0,1128,20,84,458,523,20
2025-12-18T16:16:00.309221,1,29,0,2,A,6,7,28,0,1128,20,,,,
2025-12-18T16:16:00.309288,1,29,2,0,B,6,7,28,0,1128,20,60,0,1100,20
2025-12-18T16:16:00.331753,1,29,0,2,A,7,8,28,0,1128,20,,,,
2025-12-18T16:16:00.331957,1,29,2,0,B,7,8,28,0,1128,20,68,0,1125,10
2025-12-18T16:16:00.357993,1,29,0,2,A,8,9,28,0,1128,20,,,,
2025-12-18T16:16:00.358165,1,29,2,0,B,8,9,28,0,1128,20,51,0,1121,10
2025-12-18T16:16:00.384142,1,29,0,2,A,9,10,28,0,1128,20,,,,
2025-12-18T16:16:00.384364,1,29,2,0,B,9,10,28,0,1128,20,46,0,1125,30
2025-12-18T16:16:00.875974,1,30,0,3,A,0,1,28,0,1128,20,,,,
2025-12-18T16:16:00.930139,1,30,3,0,B,0,1,28,0,1128,20,77,574,643,10
2025-12-18T16:16:00.954995,1,30,0,3,A,1,2,28,0,1128,20,,,,
2025-12-18T16:16:00.955203,1,30,3,0,B,1,2,28,0,1128,20,99,743,820,10
2025-12-18T16:16:00.978140,1,30,0,3,A,2,3,28,0,1128,20,,,,
2025-12-18T16:16:00.978361,1,30,3,0,B,2,3,28,0,1128,20,77,574,643,10
2025-12-18T16:16:00.980815,1,30,0,3,A,3,4,28,0,1128,20,,,,
2025-12-18T16:16:00.980881,1,30,3,0,B,3,4,28,0,1128,20,98,0,1115,20
2025-12-18T16:16:01.004555,1,30,0,3,A,4,5,28,0,1128,20,,,,
2025-12-18T16:16:01.004764,1,30,3,0,B,4,5,28,0,1128,20,5,0,1130,10
2025-12-18T16:16:01.030927,1,30,0,3,A,5,6,28,0,1128,20,,,,
2025-12-18T16:16:01.031138,1,30,3,0,B,5,6,28,0,1128,20,81,0,1098,30
2025-12-18T16:16:01.053996,1,30,0,3,A,6,7,28,0,1128,20,,,,
2025-12-18T16:16:01.054173,1,30,3,0,B,6,7,28,0,1128,20,99,743,820,10
2025-12-18T16:16:01.056595,1,30,0,3,A,7,8,28,0,1128,20,,,,
2025-12-18T16:16:01.056665,1,30,3,0,B,7,8,28,0,1128,20,42,0,1126,20
2025-12-18T16:16:01.078722,1,30,0,3,A,8,9,28,0,1128,20,,,,
2025-12-18T16:16:01.078928,1,30,3,0,B,8,9,28,0,1128,20,82,0,1110,20
2025-12-18T16:16:01.101796,1,30,0,3,A,9,10,28,0,1128,20,,,,
2025-12-18T16:16:01.102010,1,30,3,0,B,9,10,28,0,1128,20,66,0,1129,10
2025-12-18T16:16:01.498557,1,31,0,8,A,0,1,28,0,1128,20,,,,
2025-12-18T16:16:01.547071,1,31,8,0,B,0,1,28,0,1128,20,53,286,347,20
2025-12-18T16:16:01.571537,1,31,0,8,A,1,2,28,0,1128,20,,,,
2025-12-18T16:16:01.571740,1,31,8,0,B,1,2,28,0,1128,20,9,534,605,10
2025-12-18T16:16:01.594908,1,31,0,8,A,2,3,28,0,1128,20,,,,
2025-12-18T16:16:01.595106,1,31,8,0,B,2,3,28,0,1128,20,100,647,726,20
2025-12-18T16:16:01.617604,1,31,0,8,A,3,4,28,0,1128,20,,,,
2025-12-18T16:16:01.617821,1,31,8,0,B,3,4,28,0,1128,20,69,916,969,10
2025-12-18T16:16:01.640091,1,31,0,8,A,4,5,28,0,1128,20,,,,
2025-12-18T16:16:01.640315,1,31,8,0,B,4,5,28,0,1128,20,53,286,347,20
2025-12-18T16:16:01.642808,1,31,0,8,A,5,6,28,0,1128,20,,,,
2025-12-18T16:16:01.642891,1,31,8,0,B,5,6,28,0,1128,20,9,534,605,10
2025-12-18T16:16:01.645259,1,31,0,8,A,6,7,28,0,1128,20,,,,
2025-12-18T16:16:01.645309,1,31,8,0,B,6,7,28,0,1128,20,100,647,726,20
2025-12-18T16:16:01.647702,1,31,0,8,A,7,8,28,0,1128,20,,,,
2025-12-18T16:16:01.647764,1,31,8,0,B,7,8,28,0,1128,20,75,0,1130,20
2025-12-18T16:16:01.670783,1,31,0,8,A,8,9,28,0,1128,20,,,,
2025-12-18T16:16:01.670994,1,31,8,0,B,8,9,28,0,1128,20,69,916,969,10
2025-12-18T16:16:01.673502,1,31,0,8,A,9,10,28,0,1128,20,,,,
2025-12-18T16:16:01.673597,1,31,8,0,B,9,10,28,0,1128,20,63,0,1131,50
2025-12-18T16:16:01.923856,1,32,0,4,A,0,1,28,0,1128,20,,,,
2025-12-18T16:16:01.936852,1,32,4,0,B,0,1,28,0,1128,20,34,0,1113,20
2025-12-18T16:16:01.960076,1,32,0,4,A,1,2,28,0,1128,20,,,,
2025-12-18T16:16:01.960288,1,32,4,0,B,1,2,28,0,1128,20,89,0,1121,10
2025-12-18T16:16:01.986189,1,32,0,4,A,2,3,28,0,1128,20,,,,
2025-12-18T16:16:01.986387,1,32,4,0,B,2,3,28,0,1128,20,26,0,1130,10
2025-12-18T16:16:02.012208,1,32,0,4,A,3,4,28,0,1128,20,,,,
2025-12-18T16:16:02.012428,1,32,4,0,B,3,4,28,0,1128,20,15,384,429,40
2025-12-18T16:16:02.035545,1,32,0,4,A,4,5,28,0,1128,20,,,,
2025-12-18T16:16:02.035745,1,32,4,0,B,4,5,28,0,1128,20,,,,
2025-12-18T16:16:02.512666,1,33,0,10,A,0,1,28,0,1128,20,,,,
2025-12-18T16:16:02.566608,1,33,10,0,B,0,1,28,0,1128,20,55,95,158,10
2025-12-18T16:16:02.589616,1,33,0,10,A,1,2,28,0,1128,20,,,,
2025-12-18T16:16:02.589845,1,33,10,0,B,1,2,28,0,1128,20,92,368,441,20
2025-12-18T16:16:02.612445,1,33,0,10,A,2,3,28,0,1128,20,,,,
2025-12-18T16:16:02.612659,1,33,10,0,B,2,3,28,0,1128,20,71,0,1088,20
2025-12-18T16:16:02.634943,1,33,0,10,A,3,4,28,0,1128,20,,,,
2025-12-18T16:16:02.635185,1,33,10,0,B,3,4,28,0,1128,20,55,95,158,10
2025-12-18T16:16:02.637317,1,33,0,10,A,4,5,28,0,1128,20,,,,
2025-12-18T16:16:02.637379,1,33,10,0,B,4,5,28,0,1128,20,14,0,1106,10
2025-12-18T16:16:02.664153,1,33,0,10,A,5,6,28,0,1128,20,,,,
2025-12-18T16:16:02.664384,1,33,10,0,B,5,6,28,0,1128,20,92,368,441,20
2025-12-18T16:16:02.666942,1,33,0,10,A,6,7,28,0,1128,20,,,,
2025-12-18T16:16:02.667094,1,33,10,0,B,6,7,28,0,1128,20,22,0,1133,20
2025-12-18T16:16:02.690519,1,33,0,10,A,7,8,28,0,1128,20,,,,
2025-12-18T16:16:02.690727,1,33,10,0,B,7,8,28,0,1128,20,90,0,1125,10
2025-12-18T16:16:02.716858,1,33,0,10,A,8,9,28,0,1128,20,,,,
2025-12-18T16:16:02.717049,1,33,10,0,B,8,9,28,0,1128,20,2,0,1125,30
2025-12-18T16:16:02.739734,1,33,0,10,A,9,10,28,0,1128,20,,,,
2025-12-18T16:16:02.739976,1,33,10,0,B,9,10,28,0,1128,20,,,,
2025-12-18T16:16:02.979449,1,34,0,9,A,0,1,28,0,1128,20,,,,
2025-12-18T16:16:02.990326,1,34,9,0,B,0,1,28,0,1128,20,96,0,1109,10
2025-12-18T16:16:03.015932,1,34,0,9,A,1,2,28,0,1128,20,,,,
2025-12-18T16:16:03.016156,1,34,9,0,B,1,2,28,0,1128,20,62,262,317,20
2025-12-18T16:16:03.039941,1,34,0,9,A,2,3,28,0,1128,20,,,,
2025-12-18T16:16:03.040133,1,34,9,0,B,2,3,28,0,1128,20,40,0,1125,10
2025-12-18T16:16:03.066038,1,34,0,9,A,3,4,28,0,1128,20,,,,
2025-12-18T16:16:03.066241,1,34,9,0,B,3,4,28,0,1128,20,44,359,412,10
2025-12-18T16:16:03.089706,1,34,0,9,A,4,5,28,0,1128,20,,,,
2025-12-18T16:16:03.089951,1,34,9,0,B,4,5,28,0,1128,20,,,,
2025-12-18T16:16:03.375078,1,35,0,7,A,0,1,28,0,1128,20,,,,
2025-12-18T16:16:03.390736,1,35,7,0,B,0,1,28,0,1128,20,74,353,412,50
2025-12-18T16:16:03.414221,1,35,0,7,A,1,2,28,0,1128,20,,,,
2025-12-18T16:16:03.414481,1,35,7,0,B,1,2,28,0,1128,20,18,0,1110,20
2025-12-18T16:16:03.436698,1,35,0,7,A,2,3,28,0,1128,20,,,,
2025-12-18T16:16:03.436877,1,35,7,0,B,2,3,28,0,1128,20,29,0,1126,10
2025-12-18T16:16:03.461429,1,35,0,7,A,3,4,28,0,1128,20,,,,
2025-12-18T16:16:03.461667,1,35,7,0,B,3,4,28,0,1128,20,58,471,534,30
2025-12-18T16:16:03.484092,1,35,0,7,A,4,5,28,0,1128,20,,,,
2025-12-18T16:16:03.484321,1,35,7,0,B,4,5,28,0,1128,20,12,0,1107,20
2025-12-18T16:16:03.507181,1,35,0,7,A,5,6,28,0,1128,20,,,,
2025-12-18T16:16:03.507436,1,35,7,0,B,5,6,28,0,1128,20,,,,
2025-12-18T16:16:03.816316,1,36,0,6,A,0,1,28,0,1128,20,,,,
2025-12-18T16:16:03.836440,1,36,6,0,B,0,1,28,0,1128,20,13,30,92,30
2025-12-18T16:16:03.856932,1,36,0,6,A,1,2,28,0,1128,20,,,,
2025-12-18T16:16:03.857110,1,36,6,0,B,1,2,28,0,1128,20,94,0,1105,10
2025-12-18T16:16:03.882239,1,36,0,6,A,2,3,28,0,1128,20,,,,
2025-12-18T16:16:03.882417,1,36,6,0,B,2,3,28,0,1128,20,48,0,1122,10
2025-12-18T16:16:03.907414,1,36,0,6,A,3,4,28,0,1128,20,,,,
2025-12-18T16:16:03.907628,1,36,6,0,B,3,4,28,0,1128,20,13,30,92,30
2025-12-18T16:16:03.908272,1,36,0,6,A,4,5,28,0,1128,20,,,,
2025-12-18T16:16:03.908328,1,36,6,0,B,4,5,28,0,1128,20,65,0,1133,10
2025-12-18T16:16:03.932750,1,36,0,6,A,5,6,28,0,1128,20,,,,
2025-12-18T16:16:03.932958,1,36,6,0,B,5,6,28,0,1128,20,70,0,1087,30
2025-12-18T16:16:03.955744,1,36,0,6,A,6,7,28,0,1128,20,,,,
2025-12-18T16:16:03.955995,1,36,6,0,B,6,7,28,0,1128,20,23,732,777,10
2025-12-18T16:16:03.978454,1,36,0,6,A,7,8,28,0,1128,20,,,,
2025-12-18T16:16:03.978677,1,36,6,0,B,7,8,28,0,1128,20,,,,
2025-12-18T16:16:04.288556,1,37,0,5,A,0,1,28,0,1128,20,,,,
2025-12-18T16:16:04.309855,1,37,5,0,B,0,1,28,0,1128,20,11,448,505,10
2025-12-18T16:16:04.332699,1,37,0,5,A,1,2,28,0,1128,20,,,,
2025-12-18T16:16:04.332897,1,37,5,0,B,1,2,28,0,1128,20,79,668,731,10
2025-12-18T16:16:04.356222,1,37,0,5,A,2,3,28,0,1128,20,,,,
2025-12-18T16:16:04.356380,1,37,5,0,B,2,3,28,0,1128,20,36,0,1110,10
2025-12-18T16:16:04.380376,1,37,0,5,A,3,4,28,0,1128,20,,,,
2025-12-18T16:16:04.380563,1,37,5,0,B,3,4,28,0,1128,20,41,0,1127,10
2025-12-18T16:16:04.405528,1,37,0,5,A,4,5,28,0,1128,20,,,,
2025-12-18T16:16:04.405770,1,37,5,0,B,4,5,28,0,1128,20,50,0,1123,10
2025-12-18T16:16:04.429949,1,37,0,5,A,5,6,28,0,1128,20,,,,
2025-12-18T16:16:04.430148,1,37,5,0,B,5,6,28,0,1128,20,56,0,1101,30
2025-12-18T16:16:04.452717,1,37,0,5,A,6,7,28,0,1128,20,,,,
2025-12-18T16:16:04.452936,1,37,5,0,B,6,7,28,0,1128,20,,,,
2025-12-18T16:16:04.897296,1,38,0,1,A,0,1,28,0,1128,20,,,,
2025-12-18T16:16:04.942147,1,38,1,0,B,0,1,28,0,1128,20,8,255,324,20
2025-12-18T16:16:04.965524,1,38,0,1,A,1,2,28,0,1128,20,,,,
2025-12-18T16:16:04.965746,1,38,1,0,B,1,2,28,0,1128,20,4,727,782,10
2025-12-18T16:16:04.988161,1,38,0,1,A,2,3,28,0,1128,20,,,,
2025-12-18T16:16:04.988395,1,38,1,0,B,2,3,28,0,1128,20,49,0,1126,10
2025-12-18T16:16:05.012878,1,38,0,1,A,3,4,28,0,1128,20,,,,
2025-12-18T16:16:05.013120,1,38,1,0,B,3,4,28,0,1128,20,61,0,1123,10
2025-12-18T16:16:05.038646,1,38,0,1,A,4,5,28,0,1128,20,,,,
2025-12-18T16:16:05.038809,1,38,1,0,B,4,5,28,0,1128,20,95,0,1108,30
2025-12-18T16:16:05.060745,1,38,0,1,A,5,6,28,0,1128,20,,,,
2025-12-18T16:16:05.060977,1,38,1,0,B,5,6,28,0,1128,20,37,0,1106,20
2025-12-18T16:16:05.083798,1,38,0,1,A,6,7,28,0,1128,20,,,,
2025-12-18T16:16:05.084004,1,38,1,0,B,6,7,28,0,1128,20,54,0,1105,40
2025-12-18T16:16:05.107286,1,38,0,1,A,7,8,28,0,1128,20,,,,
2025-12-18T16:16:05.107536,1,38,1,0,B,7,8,28,0,1128,20,8,255,324,20
2025-12-18T16:16:05.109947,1,38,0,1,A,8,9,28,0,1128,20,,,,
2025-12-18T16:16:05.110006,1,38,1,0,B,8,9,28,0,1128,20,32,0,1114,30
2025-12-18T16:16:05.132867,1,38,0,1,A,9,10,28,0,1128,20,,,,
2025-12-18T16:16:05.133089,1,38,1,0,B,9,10,28,0,1128,20,97,0,1105,30
2025-12-18T16:16:05.526533,1,39,0,13,A,0,1,76,203,260,10,,,,
2025-12-18T16:16:05.561100,1,39,13,0,B,0,1,76,203,260,10,87,85,144,20
2025-12-18T16:16:05.584961,1,39,0,13,A,1,2,76,203,260,10,,,,
2025-12-18T16:16:05.585181,1,39,13,0,B,1,2,76,203,260,10,73,0,1090,10
2025-12-18T16:16:05.610370,1,39,0,13,A,2,3,76,203,260,10,,,,
2025-12-18T16:16:05.610591,1,39,13,0,B,2,3,76,203,260,10,57,0,1111,40
2025-12-18T16:16:05.632494,1,39,0,13,A,3,4,76,203,260,10,,,,
2025-12-18T16:16:05.632681,1,39,13,0,B,3,4,76,203,260,10,3,0,1129,10
2025-12-18T16:16:05.657705,1,39,0,13,A,4,5,76,203,260,10,,,,
2025-12-18T16:16:05.657912,1,39,13,0,B,4,5,76,203,260,10,10,0,1129,10
2025-12-18T16:16:05.682693,1,39,0,13,A,5,6,76,203,260,10,,,,
2025-12-18T16:16:05.682871,1,39,13,0,B,5,6,76,203,260,10,83,0,1113,10
2025-12-18T16:16:05.708284,1,39,0,13,A,6,7,76,203,260,10,,,,
2025-12-18T16:16:05.708476,1,39,13,0,B,6,7,76,203,260,10,43,0,1129,10
2025-12-18T16:16:05.733988,1,39,0,13,A,7,8,76,203,260,10,,,,
2025-12-18T16:16:05.734166,1,39,13,0,B,7,8,76,203,260,10,87,85,144,20
2025-12-18T16:16:05.736064,1,39,0,13,A,8,9,76,203,260,10,,,,
2025-12-18T16:16:05.736120,1,39,13,0,B,8,9,76,203,260,10,,,,
2025-12-18T16:16:05.969553,1,40,0,12,A,0,1,76,203,260,10,,,,
2025-12-18T16:16:05.970058,1,40,12,0,B,0,1,76,203,260,10,67,12,77,10
2025-12-18T16:16:05.990878,1,40,0,12,A,1,2,76,203,260,10,,,,
2025-12-18T16:16:05.991134,1,40,12,0,B,1,2,76,203,260,10,,,,
2025-12-18T16:16:06.471457,1,41,0,3,A,0,1,76,203,260,10,,,,
2025-12-18T16:16:06.522751,1,41,3,0,B,0,1,76,203,260,10,77,574,643,10
2025-12-18T16:16:06.547192,1,41,0,3,A,1,2,76,203,260,10,,,,
2025-12-18T16:16:06.547409,1,41,3,0,B,1,2,76,203,260,10,99,743,820,10
2025-12-18T16:16:06.570331,1,41,0,3,A,2,3,76,203,260,10,,,,
2025-12-18T16:16:06.570531,1,41,3,0,B,2,3,76,203,260,10,77,574,643,10
2025-12-18T16:16:06.572880,1,41,0,3,A,3,4,76,203,260,10,,,,
2025-12-18T16:16:06.572939,1,41,3,0,B,3,4,76,203,260,10,98,0,1115,20
2025-12-18T16:16:06.596753,1,41,0,3,A,4,5,76,203,260,10,,,,
2025-12-18T16:16:06.597032,1,41,3,0,B,4,5,76,203,260,10,5,0,1130,10
2025-12-18T16:16:06.623125,1,41,0,3,A,5,6,76,203,260,10,,,,
2025-12-18T16:16:06.623328,1,41,3,0,B,5,6,76,203,260,10,81,0,1098,30
2025-12-18T16:16:06.646563,1,41,0,3,A,6,7,76,203,260,10,,,,
2025-12-18T16:16:06.646805,1,41,3,0,B,6,7,76,203,260,10,99,743,820,10
2025-12-18T16:16:06.649214,1,41,0,3,A,7,8,76,203,260,10,,,,
2025-12-18T16:16:06.649271,1,41,3,0,B,7,8,76,203,260,10,42,0,1126,20
2025-12-18T16:16:06.671346,1,41,0,3,A,8,9,76,203,260,10,,,,
2025-12-18T16:16:06.671578,1,41,3,0,B,8,9,76,203,260,10,82,0,1110,20
2025-12-18T16:16:06.693743,1,41,0,3,A,9,10,76,203,260,10,,,,
2025-12-18T16:16:06.693899,1,41,3,0,B,9,10,76,203,260,10,66,0,1129,10
2025-12-18T16:16:07.092385,1,42,0,8,A,0,1,76,203,260,10,,,,
2025-12-18T16:16:07.132729,1,42,8,0,B,0,1,76,203,260,10,53,286,347,20
2025-12-18T16:16:07.155038,1,42,0,8,A,1,2,76,203,260,10,,,,
2025-12-18T16:16:07.155255,1,42,8,0,B,1,2,76,203,260,10,9,534,605,10
2025-12-18T16:16:07.177131,1,42,0,8,A,2,3,76,203,260,10,,,,
2025-12-18T16:16:07.177369,1,42,8,0,B,2,3,76,203,260,10,100,647,726,20
2025-12-18T16:16:07.199586,1,42,0,8,A,3,4,76,203,260,10,,,,
2025-12-18T16:16:07.199736,1,42,8,0,B,3,4,76,203,260,10,69,916,969,10
2025-12-18T16:16:07.222142,1,42,0,8,A,4,5,76,203,260,10,,,,
2025-12-18T16:16:07.222313,1,42,8,0,B,4,5,76,203,260,10,53,286,347,20
2025-12-18T16:16:07.224700,1,42,0,8,A,5,6,76,203,260,10,,,,
2025-12-18T16:16:07.224755,1,42,8,0,B,5,6,76,203,260,10,9,534,605,10
2025-12-18T16:16:07.227076,1,42,0,8,A,6,7,76,203,260,10,,,,
2025-12-18T16:16:07.227127,1,42,8,0,B,6,7,76,203,260,10,75,0,1130,20
2025-12-18T16:16:07.249459,1,42,0,8,A,7,8,76,203,260,10,,,,
2025-12-18T16:16:07.249640,1,42,8,0,B,7,8,76,203,260,10,100,647,726,20
2025-12-18T16:16:07.252033,1,42,0,8,A,8,9,76,203,260,10,,,,
2025-12-18T16:16:07.252089,1,42,8,0,B,8,9,76,203,260,10,69,916,969,10
2025-12-18T16:16:07.254723,1,42,0,8,A,9,10,76,203,260,10,,,,
2025-12-18T16:16:07.254859,1,42,8,0,B,9,10,76,203,260,10,63,0,1131,50
2025-12-18T16:16:07.507134,1,43,0,4,A,0,1,76,203,260,10,,,,
2025-12-18T16:16:07.517856,1,43,4,0,B,0,1,76,203,260,10,34,0,1113,20
2025-12-18T16:16:07.542211,1,43,0,4,A,1,2,76,203,260,10,,,,
2025-12-18T16:16:07.542416,1,43,4,0,B,1,2,76,203,260,10,89,0,1121,10
2025-12-18T16:16:07.567575,1,43,0,4,A,2,3,76,203,260,10,,,,
2025-12-18T16:16:07.567798,1,43,4,0,B,2,3,76,203,260,10,26,0,1130,10
2025-12-18T16:16:07.593607,1,43,0,4,A,3,4,76,203,260,10,,,,
2025-12-18T16:16:07.593811,1,43,4,0,B,3,4,76,203,260,10,15,384,429,40
2025-12-18T16:16:07.617567,1,43,0,4,A,4,5,76,203,260,10,,,,
2025-12-18T16:16:07.617824,1,43,4,0,B,4,5,76,203,260,10,,,,
2025-12-18T16:16:08.105539,1,44,0,10,A,0,1,76,203,260,10,,,,
2025-12-18T16:16:08.157541,1,44,10,0,B,0,1,76,203,260,10,55,95,158,10
2025-12-18T16:16:08.180675,1,44,0,10,A,1,2,76,203,260,10,,,,
2025-12-18T16:16:08.180875,1,44,10,0,B,1,2,76,203,260,10,92,368,441,20
2025-12-18T16:16:08.204929,1,44,0,10,A,2,3,76,203,260,10,,,,
2025-12-18T16:16:08.205186,1,44,10,0,B,2,3,76,203,260,10,71,0,1088,20
2025-12-18T16:16:08.227380,1,44,0,10,A,3,4,76,203,260,10,,,,
2025-12-18T16:16:08.227605,1,44,10,0,B,3,4,76,203,260,10,55,95,158,10
2025-12-18T16:16:08.229778,1,44,0,10,A,4,5,76,203,260,10,,,,
2025-12-18T16:16:08.229854,1,44,10,0,B,4,5,76,203,260,10,14,0,1106,10
2025-12-18T16:16:08.255159,1,44,0,10,A,5,6,76,203,260,10,,,,
2025-12-18T16:16:08.255411,1,44,10,0,B,5,6,76,203,260,10,92,368,441,20
2025-12-18T16:16:08.257849,1,44,0,10,A,6,7,76,203,260,10,,,,
2025-12-18T16:16:08.257911,1,44,10,0,B,6,7,76,203,260,10,22,0,1133,20
2025-12-18T16:16:08.282676,1,44,0,10,A,7,8,76,203,260,10,,,,
2025-12-18T16:16:08.282857,1,44,10,0,B,7,8,76,203,260,10,90,0,1125,10
2025-12-18T16:16:08.308903,1,44,0,10,A,8,9,76,203,260,10,,,,
2025-12-18T16:16:08.309131,1,44,10,0,B,8,9,76,203,260,10,2,0,1125,30
2025-12-18T16:16:08.332449,1,44,0,10,A,9,10,76,203,260,10,,,,
2025-12-18T16:16:08.332664,1,44,10,0,B,9,10,76,203,260,10,,,,
2025-12-18T16:16:08.743609,1,45,0,1,A,0,1,76,203,260,10,,,,
2025-12-18T16:16:08.784476,1,45,1,0,B,0,1,76,203,260,10,8,255,324,20
2025-12-18T16:16:08.809344,1,45,0,1,A,1,2,76,203,260,10,,,,
2025-12-18T16:16:08.809544,1,45,1,0,B,1,2,76,203,260,10,4,727,782,10
2025-12-18T16:16:08.831817,1,45,0,1,A,2,3,76,203,260,10,,,,
2025-12-18T16:16:08.832011,1,45,1,0,B,2,3,76,203,260,10,49,0,1126,10
2025-12-18T16:16:08.856952,1,45,0,1,A,3,4,76,203,260,10,,,,
2025-12-18T16:16:08.857123,1,45,1,0,B,3,4,76,203,260,10,61,0,1123,10
2025-12-18T16:16:08.881518,1,45,0,1,A,4,5,76,203,260,10,,,,
2025-12-18T16:16:08.881737,1,45,1,0,B,4,5,76,203,260,10,95,0,1108,30
2025-12-18T16:16:08.903715,1,45,0,1,A,5,6,76,203,260,10,,,,
2025-12-18T16:16:08.903944,1,45,1,0,B,5,6,76,203,260,10,37,0,1106,20
2025-12-18T16:16:08.925556,1,45,0,1,A,6,7,76,203,260,10,,,,
2025-12-18T16:16:08.925741,1,45,1,0,B,6,7,76,203,260,10,54,0,1105,40
2025-12-18T16:16:08.947417,1,45,0,1,A,7,8,76,203,260,10,,,,
2025-12-18T16:16:08.947577,1,45,1,0,B,7,8,76,203,260,10,32,0,1114,30
2025-12-18T16:16:08.969426,1,45,0,1,A,8,9,76,203,260,10,,,,
2025-12-18T16:16:08.969572,1,45,1,0,B,8,9,76,203,260,10,8,255,324,20
2025-12-18T16:16:08.971932,1,45,0,1,A,9,10,76,203,260,10,,,,
2025-12-18T16:16:08.971997,1,45,1,0,B,9,10,76,203,260,10,97,0,1105,30
2025-12-18T16:16:09.208598,1,46,0,9,A,0,1,76,203,260,10,,,,
2025-12-18T16:16:09.215945,1,46,9,0,B,0,1,76,203,260,10,96,0,1109,10
2025-12-18T16:16:09.241076,1,46,0,9,A,1,2,76,203,260,10,,,,
2025-12-18T16:16:09.241259,1,46,9,0,B,1,2,76,203,260,10,62,262,317,20
2025-12-18T16:16:09.263562,1,46,0,9,A,2,3,76,203,260,10,,,,
2025-12-18T16:16:09.263765,1,46,9,0,B,2,3,76,203,260,10,40,0,1125,10
2025-12-18T16:16:09.288944,1,46,0,9,A,3,4,76,203,260,10,,,,
2025-12-18T16:16:09.289213,1,46,9,0,B,3,4,76,203,260,10,44,359,412,10
2025-12-18T16:16:09.312509,1,46,0,9,A,4,5,76,203,260,10,,,,
2025-12-18T16:16:09.312715,1,46,9,0,B,4,5,76,203,260,10,,,,
2025-12-18T16:16:09.543988,1,47,0,12,A,0,1,93,0,1102,40,,,,
2025-12-18T16:16:09.546963,1,47,12,0,B,0,1,93,0,1102,40,67,12,77,10
2025-12-18T16:16:09.567180,1,47,0,12,A,1,2,93,0,1102,40,,,,
2025-12-18T16:16:09.567385,1,47,12,0,B,1,2,93,0,1102,40,,,,
2025-12-18T16:16:09.822812,1,48,0,9,A,0,1,93,0,1102,40,,,,
2025-12-18T16:16:09.833100,1,48,9,0,B,0,1,93,0,1102,40,96,0,1109,10
2025-12-18T16:16:09.857560,1,48,0,9,A,1,2,93,0,1102,40,,,,
2025-12-18T16:16:09.857745,1,48,9,0,B,1,2,93,0,1102,40,62,262,317,20
2025-12-18T16:16:09.879322,1,48,0,9,A,2,3,93,0,1102,40,,,,
2025-12-18T16:16:09.879518,1,48,9,0,B,2,3,93,0,1102,40,40,0,1125,10
2025-12-18T16:16:09.904367,1,48,0,9,A,3,4,93,0,1102,40,,,,
2025-12-18T16:16:09.904602,1,48,9,0,B,3,4,93,0,1102,40,44,359,412,10
2025-12-18T16:16:09.926405,1,48,0,9,A,4,5,93,0,1102,40,,,,
2025-12-18T16:16:09.926577,1,48,9,0,B,4,5,93,0,1102,40,,,,
2025-12-18T16:16:10.325031,1,49,0,13,A,0,1,93,0,1102,40,,,,
2025-12-18T16:16:10.361474,1,49,13,0,B,0,1,93,0,1102,40,87,85,144,20
2025-12-18T16:16:10.383237,1,49,0,13,A,1,2,93,0,1102,40,,,,
2025-12-18T16:16:10.383460,1,49,13,0,B,1,2,93,0,1102,40,73,0,1090,10
2025-12-18T16:16:10.407536,1,49,0,13,A,2,3,93,0,1102,40,,,,
2025-12-18T16:16:10.407742,1,49,13,0,B,2,3,93,0,1102,40,57,0,1111,40
2025-12-18T16:16:10.429611,1,49,0,13,A,3,4,93,0,1102,40,,,,
2025-12-18T16:16:10.429791,1,49,13,0,B,3,4,93,0,1102,40,3,0,1129,10
2025-12-18T16:16:10.454492,1,49,0,13,A,4,5,93,0,1102,40,,,,
2025-12-18T16:16:10.454707,1,49,13,0,B,4,5,93,0,1102,40,83,0,1113,10
2025-12-18T16:16:10.479566,1,49,0,13,A,5,6,93,0,1102,40,,,,
2025-12-18T16:16:10.479774,1,49,13,0,B,5,6,93,0,1102,40,10,0,1129,10
2025-12-18T16:16:10.504626,1,49,0,13,A,6,7,93,0,1102,40,,,,
2025-12-18T16:16:10.504875,1,49,13,0,B,6,7,93,0,1102,40,43,0,1129,10
2025-12-18T16:16:10.529694,1,49,0,13,A,7,8,93,0,1102,40,,,,
2025-12-18T16:16:10.529912,1,49,13,0,B,7,8,93,0,1102,40,87,85,144,20
2025-12-18T16:16:10.531817,1,49,0,13,A,8,9,93,0,1102,40,,,,
2025-12-18T16:16:10.531873,1,49,13,0,B,8,9,93,0,1102,40,,,,
2025-12-18T16:16:10.748785,1,50,1,12,A,0,1,95,0,1108,30,,,,
2025-12-18T16:16:10.751712,1,50,12,1,B,0,1,95,0,1108,30,67,12,77,10
2025-12-18T16:16:10.770300,1,50,1,12,A,1,2,95,0,1108,30,,,,
2025-12-18T16:16:10.770465,1,50,12,1,B,1,2,95,0,1108,30,,,,
2025-12-18T16:16:11.192575,1,51,1,13,A,0,1,95,0,1108,30,,,,
2025-12-18T16:16:11.232506,1,51,13,1,B,0,1,95,0,1108,30,87,85,144,20
2025-12-18T16:16:11.260722,1,51,1,13,A,1,2,95,0,1108,30,,,,
2025-12-18T16:16:11.260905,1,51,13,1,B,1,2,95,0,1108,30,73,0,1090,10
2025-12-18T16:16:11.291526,1,51,1,13,A,2,3,95,0,1108,30,,,,
2025-12-18T16:16:11.291767,1,51,13,1,B,2,3,95,0,1108,30,57,0,1111,40
2025-12-18T16:16:11.311761,1,51,1,13,A,3,4,95,0,1108,30,,,,
2025-12-18T16:16:11.311961,1,51,13,1,B,3,4,95,0,1108,30,3,0,1129,10
2025-12-18T16:16:11.337485,1,51,1,13,A,4,5,95,0,1108,30,,,,
2025-12-18T16:16:11.337678,1,51,13,1,B,4,5,95,0,1108,30,83,0,1113,10
2025-12-18T16:16:11.361960,1,51,1,13,A,5,6,95,0,1108,30,,,,
2025-12-18T16:16:11.362162,1,51,13,1,B,5,6,95,0,1108,30,10,0,1129,10
2025-12-18T16:16:11.386938,1,51,1,13,A,6,7,95,0,1108,30,,,,
2025-12-18T16:16:11.387119,1,51,13,1,B,6,7,95,0,1108,30,43,0,1129,10
2025-12-18T16:16:11.410243,1,51,1,13,A,7,8,95,0,1108,30,,,,
2025-12-18T16:16:11.410428,1,51,13,1,B,7,8,95,0,1108,30,87,85,144,20
2025-12-18T16:16:11.412347,1,51,1,13,A,8,9,95,0,1108,30,,,,
2025-12-18T16:16:11.412396,1,51,13,1,B,8,9,95,0,1108,30,,,,
2025-12-18T16:16:11.843863,1,52,1,0,A,0,1,95,0,1108,30,,,,
2025-12-18T16:16:11.887761,1,52,0,1,B,0,1,95,0,1108,30,76,203,260,10
2025-12-18T16:16:11.910154,1,52,1,0,A,1,2,95,0,1108,30,,,,
2025-12-18T16:16:11.910351,1,52,0,1,B,1,2,95,0,1108,30,93,0,1102,40
2025-12-18T16:16:11.933772,1,52,1,0,A,2,3,95,0,1108,30,,,,
2025-12-18T16:16:11.934006,1,52,0,1,B,2,3,95,0,1108,30,17,0,1112,20
2025-12-18T16:16:11.958725,1,52,1,0,A,3,4,95,0,1108,30,,,,
2025-12-18T16:16:11.958991,1,52,0,1,B,3,4,95,0,1108,30,76,203,260,10
2025-12-18T16:16:11.961452,1,52,1,0,A,4,5,95,0,1108,30,,,,
2025-12-18T16:16:11.961503,1,52,0,1,B,4,5,95,0,1108,30,33,0,1112,40
2025-12-18T16:16:11.983612,1,52,1,0,A,5,6,95,0,1108,30,,,,
2025-12-18T16:16:11.983831,1,52,0,1,B,5,6,95,0,1108,30,28,0,1128,20
2025-12-18T16:16:12.008614,1,52,1,0,A,6,7,95,0,1108,30,,,,
2025-12-18T16:16:12.008820,1,52,0,1,B,6,7,95,0,1108,30,1,0,1127,10
2025-12-18T16:16:12.033116,1,52,1,0,A,7,8,95,0,1108,30,,,,
2025-12-18T16:16:12.033314,1,52,0,1,B,7,8,95,0,1108,30,7,0,1130,20
2025-12-18T16:16:12.056819,1,52,1,0,A,8,9,95,0,1108,30,,,,
2025-12-18T16:16:12.057026,1,52,0,1,B,8,9,95,0,1108,30,,,,
2025-12-18T16:16:12.465284,1,53,1,11,A,0,1,95,0,1108,30,,,,
2025-12-18T16:16:12.507757,1,53,11,1,B,0,1,95,0,1108,30,25,169,224,40
2025-12-18T16:16:12.528340,1,53,1,11,A,1,2,95,0,1108,30,,,,
2025-12-18T16:16:12.528511,1,53,11,1,B,1,2,95,0,1108,30,38,479,522,30
2025-12-18T16:16:12.548245,1,53,1,11,A,2,3,95,0,1108,30,,,,
2025-12-18T16:16:12.548412,1,53,11,1,B,2,3,95,0,1108,30,80,0,1094,10
2025-12-18T16:16:12.570818,1,53,1,11,A,3,4,95,0,1108,30,,,,
2025-12-18T16:16:12.570973,1,53,11,1,B,3,4,95,0,1108,30,86,0,1119,10
2025-12-18T16:16:12.593154,1,53,1,11,A,4,5,95,0,1108,30,,,,
2025-12-18T16:16:12.593320,1,53,11,1,B,4,5,95,0,1108,30,31,0,1112,20
2025-12-18T16:16:12.615237,1,53,1,11,A,5,6,95,0,1108,30,,,,
2025-12-18T16:16:12.615429,1,53,11,1,B,5,6,95,0,1108,30,16,0,1105,40
2025-12-18T16:16:12.634891,1,53,1,11,A,6,7,95,0,1108,30,,,,
2025-12-18T16:16:12.635053,1,53,11,1,B,6,7,95,0,1108,30,25,169,224,40
2025-12-18T16:16:12.637421,1,53,1,11,A,7,8,95,0,1108,30,,,,
2025-12-18T16:16:12.637486,1,53,11,1,B,7,8,95,0,1108,30,38,479,522,30
2025-12-18T16:16:12.640036,1,53,1,11,A,8,9,95,0,1108,30,,,,
2025-12-18T16:16:12.640076,1,53,11,1,B,8,9,95,0,1108,30,19,0,1106,10
2025-12-18T16:16:12.661927,1,53,1,11,A,9,10,95,0,1108,30,,,,
2025-12-18T16:16:12.662122,1,53,11,1,B,9,10,95,0,1108,30,21,0,1135,20
2025-12-18T16:16:13.074447,1,54,1,2,A,0,1,95,0,1108,30,,,,
2025-12-18T16:16:13.123490,1,54,2,1,B,0,1,95,0,1108,30,84,458,523,20
2025-12-18T16:16:13.146893,1,54,1,2,A,1,2,95,0,1108,30,,,,
2025-12-18T16:16:13.147122,1,54,2,1,B,1,2,95,0,1108,30,88,0,1119,30
2025-12-18T16:16:13.171771,1,54,1,2,A,2,3,95,0,1108,30,,,,
2025-12-18T16:16:13.171991,1,54,2,1,B,2,3,95,0,1108,30,24,0,1131,10
2025-12-18T16:16:13.196947,1,54,1,2,A,3,4,95,0,1108,30,,,,
2025-12-18T16:16:13.197141,1,54,2,1,B,3,4,95,0,1108,30,78,0,1095,20
2025-12-18T16:16:13.220890,1,54,1,2,A,4,5,95,0,1108,30,,,,
2025-12-18T16:16:13.221126,1,54,2,1,B,4,5,95,0,1108,30,91,0,1123,10
2025-12-18T16:16:13.244478,1,54,1,2,A,5,6,95,0,1108,30,,,,
2025-12-18T16:16:13.244746,1,54,2,1,B,5,6,95,0,1108,30,84,458,523,20
2025-12-18T16:16:13.247497,1,54,1,2,A,6,7,95,0,1108,30,,,,
2025-12-18T16:16:13.247578,1,54,2,1,B,6,7,95,0,1108,30,60,0,1100,20
2025-12-18T16:16:13.273117,1,54,1,2,A,7,8,95,0,1108,30,,,,
2025-12-18T16:16:13.273347,1,54,2,1,B,7,8,95,0,1108,30,68,0,1125,10
2025-12-18T16:16:13.297332,1,54,1,2,A,8,9,95,0,1108,30,,,,
2025-12-18T16:16:13.297555,1,54,2,1,B,8,9,95,0,1108,30,51,0,1121,10
2025-12-18T16:16:13.323028,1,54,1,2,A,9,10,95,0,1108,30,,,,
2025-12-18T16:16:13.323227,1,54,2,1,B,9,10,95,0,1108,30,,,,
2025-12-18T16:16:13.774877,1,55,1,3,A,0,1,95,0,1108,30,,,,
2025-12-18T16:16:13.833058,1,55,3,1,B,0,1,95,0,1108,30,77,574,643,10
2025-12-18T16:16:13.855661,1,55,1,3,A,1,2,95,0,1108,30,,,,
2025-12-18T16:16:13.855903,1,55,3,1,B,1,2,95,0,1108,30,99,743,820,10
2025-12-18T16:16:13.876042,1,55,1,3,A,2,3,95,0,1108,30,,,,
2025-12-18T16:16:13.876194,1,55,3,1,B,2,3,95,0,1108,30,77,574,643,10
2025-12-18T16:16:13.878779,1,55,1,3,A,3,4,95,0,1108,30,,,,
2025-12-18T16:16:13.878828,1,55,3,1,B,3,4,95,0,1108,30,98,0,1115,20
2025-12-18T16:16:13.900948,1,55,1,3,A,4,5,95,0,1108,30,,,,
2025-12-18T16:16:13.901173,1,55,3,1,B,4,5,95,0,1108,30,5,0,1130,10
2025-12-18T16:16:13.924190,1,55,1,3,A,5,6,95,0,1108,30,,,,
2025-12-18T16:16:13.924344,1,55,3,1,B,5,6,95,0,1108,30,81,0,1098,30
2025-12-18T16:16:13.946742,1,55,1,3,A,6,7,95,0,1108,30,,,,
2025-12-18T16:16:13.946890,1,55,3,1,B,6,7,95,0,1108,30,99,743,820,10
2025-12-18T16:16:13.949483,1,55,1,3,A,7,8,95,0,1108,30,,,,
2025-12-18T16:16:13.949533,1,55,3,1,B,7,8,95,0,1108,30,42,0,1126,20
2025-12-18T16:16:13.971568,1,55,1,3,A,8,9,95,0,1108,30,,,,
2025-12-18T16:16:13.971800,1,55,3,1,B,8,9,95,0,1108,30,82,0,1110,20
2025-12-18T16:16:13.994835,1,55,1,3,A,9,10,95,0,1108,30,,,,
2025-12-18T16:16:13.995030,1,55,3,1,B,9,10,95,0,1108,30,66,0,1129,10
2025-12-18T16:16:14.230659,1,56,1,4,A,0,1,95,0,1108,30,,,,
2025-12-18T16:16:14.245119,1,56,4,1,B,0,1,95,0,1108,30,34,0,1113,20
2025-12-18T16:16:14.269630,1,56,1,4,A,1,2,95,0,1108,30,,,,
2025-12-18T16:16:14.269828,1,56,4,1,B,1,2,95,0,1108,30,89,0,1121,10
2025-12-18T16:16:14.294334,1,56,1,4,A,2,3,95,0,1108,30,,,,
2025-12-18T16:16:14.294539,1,56,4,1,B,2,3,95,0,1108,30,26,0,1130,10
2025-12-18T16:16:14.318229,1,56,1,4,A,3,4,95,0,1108,30,,,,
2025-12-18T16:16:14.318477,1,56,4,1,B,3,4,95,0,1108,30,15,384,429,40
2025-12-18T16:16:14.339276,1,56,1,4,A,4,5,95,0,1108,30,,,,
2025-12-18T16:16:14.339466,1,56,4,1,B,4,5,95,0,1108,30,,,,
2025-12-18T16:16:14.796551,1,57,1,10,A,0,1,95,0,1108,30,,,,
2025-12-18T16:16:14.849314,1,57,10,1,B,0,1,95,0,1108,30,55,95,158,10
2025-12-18T16:16:14.870945,1,57,1,10,A,1,2,95,0,1108,30,,,,
2025-12-18T16:16:14.871187,1,57,10,1,B,1,2,95,0,1108,30,92,368,441,20
2025-12-18T16:16:14.891392,1,57,1,10,A,2,3,95,0,1108,30,,,,
2025-12-18T16:16:14.891613,1,57,10,1,B,2,3,95,0,1108,30,71,0,1088,20
2025-12-18T16:16:14.915613,1,57,1,10,A,3,4,95,0,1108,30,,,,
2025-12-18T16:16:14.915805,1,57,10,1,B,3,4,95,0,1108,30,55,95,158,10
2025-12-18T16:16:14.917934,1,57,1,10,A,4,5,95,0,1108,30,,,,
2025-12-18T16:16:14.917982,1,57,10,1,B,4,5,95,0,1108,30,14,0,1106,10
2025-12-18T16:16:14.942438,1,57,1,10,A,5,6,95,0,1108,30,,,,
2025-12-18T16:16:14.942686,1,57,10,1,B,5,6,95,0,1108,30,92,368,441,20
2025-12-18T16:16:14.945916,1,57,1,10,A,6,7,95,0,1108,30,,,,
2025-12-18T16:16:14.946074,1,57,10,1,B,6,7,95,0,1108,30,22,0,1133,20
2025-12-18T16:16:14.971715,1,57,1,10,A,7,8,95,0,1108,30,,,,
2025-12-18T16:16:14.971926,1,57,10,1,B,7,8,95,0,1108,30,90,0,1125,10
2025-12-18T16:16:14.995950,1,57,1,10,A,8,9,95,0,1108,30,,,,
2025-12-18T16:16:14.996147,1,57,10,1,B,8,9,95,0,1108,30,2,0,1125,30
2025-12-18T16:16:15.020139,1,57,1,10,A,9,10,95,0,1108,30,,,,
2025-12-18T16:16:15.020349,1,57,10,1,B,9,10,95,0,1108,30,,,,
2025-12-18T16:16:15.267532,1,58,1,7,A,0,1,95,0,1108,30,,,,
2025-12-18T16:16:15.282925,1,58,7,1,B,0,1,95,0,1108,30,74,353,412,50
2025-12-18T16:16:15.302937,1,58,1,7,A,1,2,95,0,1108,30,,,,
2025-12-18T16:16:15.303154,1,58,7,1,B,1,2,95,0,1108,30,18,0,1110,20
2025-12-18T16:16:15.325543,1,58,1,7,A,2,3,95,0,1108,30,,,,
2025-12-18T16:16:15.325704,1,58,7,1,B,2,3,95,0,1108,30,29,0,1126,10
2025-12-18T16:16:15.348619,1,58,1,7,A,3,4,95,0,1108,30,,,,
2025-12-18T16:16:15.348857,1,58,7,1,B,3,4,95,0,1108,30,58,471,534,30
2025-12-18T16:16:15.369261,1,58,1,7,A,4,5,95,0,1108,30,,,,
2025-12-18T16:16:15.369462,1,58,7,1,B,4,5,95,0,1108,30,12,0,1107,20
2025-12-18T16:16:15.393348,1,58,1,7,A,5,6,95,0,1108,30,,,,
2025-12-18T16:16:15.393573,1,58,7,1,B,5,6,95,0,1108,30,,,,
2025-12-18T16:16:15.688893,1,59,1,6,A,0,1,95,0,1108,30,,,,
2025-12-18T16:16:15.708743,1,59,6,1,B,0,1,95,0,1108,30,13,30,92,30
2025-12-18T16:16:15.727134,1,59,1,6,A,1,2,95,0,1108,30,,,,
2025-12-18T16:16:15.727295,1,59,6,1,B,1,2,95,0,1108,30,94,0,1105,10
2025-12-18T16:16:15.749444,1,59,1,6,A,2,3,95,0,1108,30,,,,
2025-12-18T16:16:15.749592,1,59,6,1,B,2,3,95,0,1108,30,48,0,1122,10
2025-12-18T16:16:15.771081,1,59,1,6,A,3,4,95,0,1108,30,,,,
2025-12-18T16:16:15.771261,1,59,6,1,B,3,4,95,0,1108,30,13,30,92,30
2025-12-18T16:16:15.771897,1,59,1,6,A,4,5,95,0,1108,30,,,,
2025-12-18T16:16:15.771946,1,59,6,1,B,4,5,95,0,1108,30,65,0,1133,10
2025-12-18T16:16:15.794729,1,59,1,6,A,5,6,95,0,1108,30,,,,
2025-12-18T16:16:15.794953,1,59,6,1,B,5,6,95,0,1108,30,70,0,1087,30
2025-12-18T16:16:15.817212,1,59,1,6,A,6,7,95,0,1108,30,,,,
2025-12-18T16:16:15.817390,1,59,6,1,B,6,7,95,0,1108,30,23,732,777,10
2025-12-18T16:16:15.837271,1,59,1,6,A,7,8,95,0,1108,30,,,,
2025-12-18T16:16:15.837427,1,59,6,1,B,7,8,95,0,1108,30,,,,
2025-12-18T16:16:16.080979,1,60,1,9,A,0,1,95,0,1108,30,,,,
2025-12-18T16:16:16.091553,1,60,9,1,B,0,1,95,0,1108,30,96,0,1109,10
2025-12-18T16:16:16.116446,1,60,1,9,A,1,2,95,0,1108,30,,,,
2025-12-18T16:16:16.116642,1,60,9,1,B,1,2,95,0,1108,30,62,262,317,20
2025-12-18T16:16:16.138595,1,60,1,9,A,2,3,95,0,1108,30,,,,
2025-12-18T16:16:16.138800,1,60,9,1,B,2,3,95,0,1108,30,40,0,1125,10
2025-12-18T16:16:16.161779,1,60,1,9,A,3,4,95,0,1108,30,,,,
2025-12-18T16:16:16.161961,1,60,9,1,B,3,4,95,0,1108,30,44,359,412,10
2025-12-18T16:16:16.182540,1,60,1,9,A,4,5,95,0,1108,30,,,,
2025-12-18T16:16:16.182775,1,60,9,1,B,4,5,95,0,1108,30,,,,
2025-12-18T16:16:16.399201,1,61,1,12,A,0,1,97,0,1105,30,,,,
2025-12-18T16:16:16.402158,1,61,12,1,B,0,1,97,0,1105,30,67,12,77,10
2025-12-18T16:16:16.421823,1,61,1,12,A,1,2,97,0,1105,30,,,,
2025-12-18T16:16:16.422062,1,61,12,1,B,1,2,97,0,1105,30,,,,
2025-12-18T16:16:16.815779,1,62,1,13,A,0,1,97,0,1105,30,,,,
2025-12-18T16:16:16.852455,1,62,13,1,B,0,1,97,0,1105,30,87,85,144,20
2025-12-18T16:16:16.872416,1,62,1,13,A,1,2,97,0,1105,30,,,,
2025-12-18T16:16:16.872622,1,62,13,1,B,1,2,97,0,1105,30,73,0,1090,10
2025-12-18T16:16:16.895276,1,62,1,13,A,2,3,97,0,1105,30,,,,
2025-12-18T16:16:16.895470,1,62,13,1,B,2,3,97,0,1105,30,57,0,1111,40
2025-12-18T16:16:16.915852,1,62,1,13,A,3,4,97,0,1105,30,,,,
2025-12-18T16:16:16.916071,1,62,13,1,B,3,4,97,0,1105,30,3,0,1129,10
2025-12-18T16:16:16.938748,1,62,1,13,A,4,5,97,0,1105,30,,,,
2025-12-18T16:16:16.938958,1,62,13,1,B,4,5,97,0,1105,30,83,0,1113,10
2025-12-18T16:16:16.961318,1,62,1,13,A,5,6,97,0,1105,30,,,,
2025-12-18T16:16:16.961524,1,62,13,1,B,5,6,97,0,1105,30,10,0,1129,10
2025-12-18T16:16:16.984866,1,62,1,13,A,6,7,97,0,1105,30,,,,
2025-12-18T16:16:16.985105,1,62,13,1,B,6,7,97,0,1105,30,43,0,1129,10
2025-12-18T16:16:17.007422,1,62,1,13,A,7,8,97,0,1105,30,,,,
2025-12-18T16:16:17.007599,1,62,13,1,B,7,8,97,0,1105,30,87,85,144,20
2025-12-18T16:16:17.009518,1,62,1,13,A,8,9,97,0,1105,30,,,,
2025-12-18T16:16:17.009570,1,62,13,1,B,8,9,97,0,1105,30,,,,
2025-12-18T16:16:17.442024,1,63,1,0,A,0,1,97,0,1105,30,,,,
2025-12-18T16:16:17.485920,1,63,0,1,B,0,1,97,0,1105,30,76,203,260,10
2025-12-18T16:16:17.508739,1,63,1,0,A,1,2,97,0,1105,30,,,,
2025-12-18T16:16:17.508952,1,63,0,1,B,1,2,97,0,1105,30,93,0,1102,40
2025-12-18T16:16:17.530385,1,63,1,0,A,2,3,97,0,1105,30,,,,
2025-12-18T16:16:17.530610,1,63,0,1,B,2,3,97,0,1105,30,17,0,1112,20
2025-12-18T16:16:17.553555,1,63,1,0,A,3,4,97,0,1105,30,,,,
2025-12-18T16:16:17.553787,1,63,0,1,B,3,4,97,0,1105,30,76,203,260,10
2025-12-18T16:16:17.556284,1,63,1,0,A,4,5,97,0,1105,30,,,,
2025-12-18T16:16:17.556379,1,63,0,1,B,4,5,97,0,1105,30,33,0,1112,40
2025-12-18T16:16:17.576328,1,63,1,0,A,5,6,97,0,1105,30,,,,
2025-12-18T16:16:17.576524,1,63,0,1,B,5,6,97,0,1105,30,28,0,1128,20
2025-12-18T16:16:17.600993,1,63,1,0,A,6,7,97,0,1105,30,,,,
2025-12-18T16:16:17.601201,1,63,0,1,B,6,7,97,0,1105,30,1,0,1127,10
2025-12-18T16:16:17.625794,1,63,1,0,A,7,8,97,0,1105,30,,,,
2025-12-18T16:16:17.626040,1,63,0,1,B,7,8,97,0,1105,30,7,0,1130,20
2025-12-18T16:16:17.651682,1,63,1,0,A,8,9,97,0,1105,30,,,,
2025-12-18T16:16:17.651900,1,63,0,1,B,8,9,97,0,1105,30,,,,
2025-12-18T16:16:18.067319,1,64,1,11,A,0,1,97,0,1105,30,,,,
2025-12-18T16:16:18.109752,1,64,11,1,B,0,1,97,0,1105,30,25,169,224,40
2025-12-18T16:16:18.130848,1,64,1,11,A,1,2,97,0,1105,30,,,,
2025-12-18T16:16:18.131100,1,64,11,1,B,1,2,97,0,1105,30,38,479,522,30
2025-12-18T16:16:18.151531,1,64,1,11,A,2,3,97,0,1105,30,,,,
2025-12-18T16:16:18.151819,1,64,11,1,B,2,3,97,0,1105,30,80,0,1094,10
2025-12-18T16:16:18.174879,1,64,1,11,A,3,4,97,0,1105,30,,,,
2025-12-18T16:16:18.175112,1,64,11,1,B,3,4,97,0,1105,30,86,0,1119,10
2025-12-18T16:16:18.198412,1,64,1,11,A,4,5,97,0,1105,30,,,,
2025-12-18T16:16:18.198662,1,64,11,1,B,4,5,97,0,1105,30,31,0,1112,20
2025-12-18T16:16:18.221435,1,64,1,11,A,5,6,97,0,1105,30,,,,
2025-12-18T16:16:18.221660,1,64,11,1,B,5,6,97,0,1105,30,16,0,1105,40
2025-12-18T16:16:18.241488,1,64,1,11,A,6,7,97,0,1105,30,,,,
2025-12-18T16:16:18.241700,1,64,11,1,B,6,7,97,0,1105,30,25,169,224,40
2025-12-18T16:16:18.244129,1,64,1,11,A,7,8,97,0,1105,30,,,,
2025-12-18T16:16:18.244186,1,64,11,1,B,7,8,97,0,1105,30,38,479,522,30
2025-12-18T16:16:18.246754,1,64,1,11,A,8,9,97,0,1105,30,,,,
2025-12-18T16:16:18.246812,1,64,11,1,B,8,9,97,0,1105,30,19,0,1106,10
2025-12-18T16:16:18.269865,1,64,1,11,A,9,10,97,0,1105,30,,,,
2025-12-18T16:16:18.270040,1,64,11,1,B,9,10,97,0,1105,30,21,0,1135,20
2025-12-18T16:16:18.685526,1,65,1,2,A,0,1,97,0,1105,30,,,,
2025-12-18T16:16:18.734411,1,65,2,1,B,0,1,97,0,1105,30,84,458,523,20
2025-12-18T16:16:18.756682,1,65,1,2,A,1,2,97,0,1105,30,,,,
2025-12-18T16:16:18.756915,1,65,2,1,B,1,2,97,0,1105,30,88,0,1119,30
2025-12-18T16:16:18.778609,1,65,1,2,A,2,3,97,0,1105,30,,,,
2025-12-18T16:16:18.778856,1,65,2,1,B,2,3,97,0,1105,30,24,0,1131,10
2025-12-18T16:16:18.801499,1,65,1,2,A,3,4,97,0,1105,30,,,,
2025-12-18T16:16:18.801704,1,65,2,1,B,3,4,97,0,1105,30,78,0,1095,20
2025-12-18T16:16:18.823760,1,65,1,2,A,4,5,97,0,1105,30,,,,
2025-12-18T16:16:18.823970,1,65,2,1,B,4,5,97,0,1105,30,91,0,1123,10
2025-12-18T16:16:18.846265,1,65,1,2,A,5,6,97,0,1105,30,,,,
2025-12-18T16:16:18.846433,1,65,2,1,B,5,6,97,0,1105,30,84,458,523,20
2025-12-18T16:16:18.849032,1,65,1,2,A,6,7,97,0,1105,30,,,,
2025-12-18T16:16:18.849096,1,65,2,1,B,6,7,97,0,1105,30,60,0,1100,20
2025-12-18T16:16:18.870601,1,65,1,2,A,7,8,97,0,1105,30,,,,
2025-12-18T16:16:18.870801,1,65,2,1,B,7,8,97,0,1105,30,68,0,1125,10
2025-12-18T16:16:18.893382,1,65,1,2,A,8,9,97,0,1105,30,,,,
2025-12-18T16:16:18.893606,1,65,2,1,B,8,9,97,0,1105,30,51,0,1121,10
2025-12-18T16:16:18.916627,1,65,1,2,A,9,10,97,0,1105,30,,,,
2025-12-18T16:16:18.916814,1,65,2,1,B,9,10,97,0,1105,30,,,,
2025-12-18T16:16:19.373006,1,66,1,3,A,0,1,97,0,1105,30,,,,
2025-12-18T16:16:19.427792,1,66,3,1,B,0,1,97,0,1105,30,77,574,643,10
2025-12-18T16:16:19.450200,1,66,1,3,A,1,2,97,0,1105,30,,,,
2025-12-18T16:16:19.450424,1,66,3,1,B,1,2,97,0,1105,30,99,743,820,10
2025-12-18T16:16:19.472372,1,66,1,3,A,2,3,97,0,1105,30,,,,
2025-12-18T16:16:19.472637,1,66,3,1,B,2,3,97,0,1105,30,77,574,643,10
2025-12-18T16:16:19.475487,1,66,1,3,A,3,4,97,0,1105,30,,,,
2025-12-18T16:16:19.475653,1,66,3,1,B,3,4,97,0,1105,30,98,0,1115,20
2025-12-18T16:16:19.500158,1,66,1,3,A,4,5,97,0,1105,30,,,,
2025-12-18T16:16:19.500376,1,66,3,1,B,4,5,97,0,1105,30,5,0,1130,10
2025-12-18T16:16:19.524802,1,66,1,3,A,5,6,97,0,1105,30,,,,
2025-12-18T16:16:19.525000,1,66,3,1,B,5,6,97,0,1105,30,81,0,1098,30
2025-12-18T16:16:19.549161,1,66,1,3,A,6,7,97,0,1105,30,,,,
2025-12-18T16:16:19.549359,1,66,3,1,B,6,7,97,0,1105,30,99,743,820,10
2025-12-18T16:16:19.552026,1,66,1,3,A,7,8,97,0,1105,30,,,,
2025-12-18T16:16:19.552081,1,66,3,1,B,7,8,97,0,1105,30,42,0,1126,20
2025-12-18T16:16:19.576374,1,66,1,3,A,8,9,97,0,1105,30,,,,
2025-12-18T16:16:19.576574,1,66,3,1,B,8,9,97,0,1105,30,82,0,1110,20
2025-12-18T16:16:19.600977,1,66,1,3,A,9,10,97,0,1105,30,,,,
2025-12-18T16:16:19.601149,1,66,3,1,B,9,10,97,0,1105,30,66,0,1129,10
2025-12-18T16:16:19.845276,1,67,1,4,A,0,1,97,0,1105,30,,,,
2025-12-18T16:16:19.858268,1,67,4,1,B,0,1,97,0,1105,30,34,0,1113,20
2025-12-18T16:16:19.880252,1,67,1,4,A,1,2,97,0,1105,30,,,,
2025-12-18T16:16:19.880445,1,67,4,1,B,1,2,97,0,1105,30,89,0,1121,10
2025-12-18T16:16:19.903386,1,67,1,4,A,2,3,97,0,1105,30,,,,
2025-12-18T16:16:19.903558,1,67,4,1,B,2,3,97,0,1105,30,26,0,1130,10
2025-12-18T16:16:19.925771,1,67,1,4,A,3,4,97,0,1105,30,,,,
2025-12-18T16:16:19.925935,1,67,4,1,B,3,4,97,0,1105,30,15,384,429,40
2025-12-18T16:16:19.947669,1,67,1,4,A,4,5,97,0,1105,30,,,,
2025-12-18T16:16:19.947876,1,67,4,1,B,4,5,97,0,1105,30,,,,
2025-12-18T16:16:20.421744,1,68,1,10,A,0,1,97,0,1105,30,,,,
2025-12-18T16:16:20.476842,1,68,10,1,B,0,1,97,0,1105,30,55,95,158,10
2025-12-18T16:16:20.500350,1,68,1,10,A,1,2,97,0,1105,30,,,,
2025-12-18T16:16:20.500606,1,68,10,1,B,1,2,97,0,1105,30,92,368,441,20
2025-12-18T16:16:20.522114,1,68,1,10,A,2,3,97,0,1105,30,,,,
2025-12-18T16:16:20.522324,1,68,10,1,B,2,3,97,0,1105,30,71,0,1088,20
2025-12-18T16:16:20.545693,1,68,1,10,A,3,4,97,0,1105,30,,,,
2025-12-18T16:16:20.545930,1,68,10,1,B,3,4,97,0,1105,30,55,95,158,10
2025-12-18T16:16:20.548178,1,68,1,10,A,4,5,97,0,1105,30,,,,
2025-12-18T16:16:20.548241,1,68,10,1,B,4,5,97,0,1105,30,14,0,1106,10
2025-12-18T16:16:20.571250,1,68,1,10,A,5,6,97,0,1105,30,,,,
2025-12-18T16:16:20.571457,1,68,10,1,B,5,6,97,0,1105,30,92,368,441,20
2025-12-18T16:16:20.574182,1,68,1,10,A,6,7,97,0,1105,30,,,,
2025-12-18T16:16:20.574262,1,68,10,1,B,6,7,97,0,1105,30,22,0,1133,20
2025-12-18T16:16:20.596545,1,68,1,10,A,7,8,97,0,1105,30,,,,
2025-12-18T16:16:20.596740,1,68,10,1,B,7,8,97,0,1105,30,90,0,1125,10
2025-12-18T16:16:20.619189,1,68,1,10,A,8,9,97,0,1105,30,,,,
2025-12-18T16:16:20.619447,1,68,10,1,B,8,9,97,0,1105,30,2,0,1125,30
2025-12-18T16:16:20.642323,1,68,1,10,A,9,10,97,0,1105,30,,,,
2025-12-18T16:16:20.642552,1,68,10,1,B,9,10,97,0,1105,30,,,,
2025-12-18T16:16:20.886884,1,69,1,7,A,0,1,97,0,1105,30,,,,
2025-12-18T16:16:20.901886,1,69,7,1,B,0,1,97,0,1105,30,74,353,412,50
2025-12-18T16:16:20.925252,1,69,1,7,A,1,2,97,0,1105,30,,,,
2025-12-18T16:16:20.925455,1,69,7,1,B,1,2,97,0,1105,30,18,0,1110,20
2025-12-18T16:16:20.950711,1,69,1,7,A,2,3,97,0,1105,30,,,,
2025-12-18T16:16:20.950968,1,69,7,1,B,2,3,97,0,1105,30,29,0,1126,10
2025-12-18T16:16:20.975688,1,69,1,7,A,3,4,97,0,1105,30,,,,
2025-12-18T16:16:20.975906,1,69,7,1,B,3,4,97,0,1105,30,58,471,534,30
2025-12-18T16:16:20.997973,1,69,1,7,A,4,5,97,0,1105,30,,,,
2025-12-18T16:16:20.998176,1,69,7,1,B,4,5,97,0,1105,30,12,0,1107,20
2025-12-18T16:16:21.023194,1,69,1,7,A,5,6,97,0,1105,30,,,,
2025-12-18T16:16:21.023381,1,69,7,1,B,5,6,97,0,1105,30,,,,
2025-12-18T16:16:21.345267,1,70,1,6,A,0,1,97,0,1105,30,,,,
2025-12-18T16:16:21.365549,1,70,6,1,B,0,1,97,0,1105,30,13,30,92,30
2025-12-18T16:16:21.384666,1,70,1,6,A,1,2,97,0,1105,30,,,,
2025-12-18T16:16:21.384877,1,70,6,1,B,1,2,97,0,1105,30,94,0,1105,10
2025-12-18T16:16:21.407910,1,70,1,6,A,2,3,97,0,1105,30,,,,
2025-12-18T16:16:21.408105,1,70,6,1,B,2,3,97,0,1105,30,48,0,1122,10
2025-12-18T16:16:21.457241,1,70,1,6,A,3,4,97,0,1105,30,,,,
2025-12-18T16:16:21.457849,1,70,6,1,B,3,4,97,0,1105,30,13,30,92,30
2025-12-18T16:16:21.460322,1,70,1,6,A,4,5,97,0,1105,30,,,,
2025-12-18T16:16:21.460465,1,70,6,1,B,4,5,97,0,1105,30,65,0,1133,10
2025-12-18T16:16:21.487199,1,70,1,6,A,5,6,97,0,1105,30,,,,
2025-12-18T16:16:21.487445,1,70,6,1,B,5,6,97,0,1105,30,70,0,1087,30
2025-12-18T16:16:21.510710,1,70,1,6,A,6,7,97,0,1105,30,,,,
2025-12-18T16:16:21.510933,1,70,6,1,B,6,7,97,0,1105,30,23,732,777,10
2025-12-18T16:16:21.532853,1,70,1,6,A,7,8,97,0,1105,30,,,,
2025-12-18T16:16:21.533056,1,70,6,1,B,7,8,97,0,1105,30,,,,
2025-12-18T16:16:21.781019,1,71,1,9,A,0,1,97,0,1105,30,,,,
2025-12-18T16:16:21.791519,1,71,9,1,B,0,1,97,0,1105,30,96,0,1109,10
2025-12-18T16:16:21.814083,1,71,1,9,A,1,2,97,0,1105,30,,,,
2025-12-18T16:16:21.814323,1,71,9,1,B,1,2,97,0,1105,30,62,262,317,20
2025-12-18T16:16:21.834982,1,71,1,9,A,2,3,97,0,1105,30,,,,
2025-12-18T16:16:21.835146,1,71,9,1,B,2,3,97,0,1105,30,40,0,1125,10
2025-12-18T16:16:21.857903,1,71,1,9,A,3,4,97,0,1105,30,,,,
2025-12-18T16:16:21.858108,1,71,9,1,B,3,4,97,0,1105,30,44,359,412,10
2025-12-18T16:16:21.877837,1,71,1,9,A,4,5,97,0,1105,30,,,,
2025-12-18T16:16:21.878021,1,71,9,1,B,4,5,97,0,1105,30,,,,
2025-12-18T16:16:22.091055,1,72,1,12,A,0,1,8,255,324,20,,,,
2025-12-18T16:16:22.091573,1,72,12,1,B,0,1,8,255,324,20,67,12,77,10
2025-12-18T16:16:22.109764,1,72,1,12,A,1,2,8,255,324,20,,,,
2025-12-18T16:16:22.109972,1,72,12,1,B,1,2,8,255,324,20,,,,
2025-12-18T16:16:22.517418,1,73,1,11,A,0,1,8,255,324,20,,,,
2025-12-18T16:16:22.562026,1,73,11,1,B,0,1,8,255,324,20,25,169,224,40
2025-12-18T16:16:22.584464,1,73,1,11,A,1,2,8,255,324,20,,,,
2025-12-18T16:16:22.584674,1,73,11,1,B,1,2,8,255,324,20,38,479,522,30
2025-12-18T16:16:22.607673,1,73,1,11,A,2,3,8,255,324,20,,,,
2025-12-18T16:16:22.607947,1,73,11,1,B,2,3,8,255,324,20,80,0,1094,10
2025-12-18T16:16:22.633540,1,73,1,11,A,3,4,8,255,324,20,,,,
2025-12-18T16:16:22.633775,1,73,11,1,B,3,4,8,255,324,20,86,0,1119,10
2025-12-18T16:16:22.659333,1,73,1,11,A,4,5,8,255,324,20,,,,
2025-12-18T16:16:22.659596,1,73,11,1,B,4,5,8,255,324,20,31,0,1112,20
2025-12-18T16:16:22.685220,1,73,1,11,A,5,6,8,255,324,20,,,,
2025-12-18T16:16:22.685463,1,73,11,1,B,5,6,8,255,324,20,16,0,1105,40
2025-12-18T16:16:22.705855,1,73,1,11,A,6,7,8,255,324,20,,,,
2025-12-18T16:16:22.706053,1,73,11,1,B,6,7,8,255,324,20,25,169,224,40
2025-12-18T16:16:22.708605,1,73,1,11,A,7,8,8,255,324,20,,,,
2025-12-18T16:16:22.708687,1,73,11,1,B,7,8,8,255,324,20,38,479,522,30
2025-12-18T16:16:22.711360,1,73,1,11,A,8,9,8,255,324,20,,,,
2025-12-18T16:16:22.711425,1,73,11,1,B,8,9,8,255,324,20,19,0,1106,10
2025-12-18T16:16:22.734115,1,73,1,11,A,9,10,8,255,324,20,,,,
2025-12-18T16:16:22.734332,1,73,11,1,B,9,10,8,255,324,20,21,0,1135,20
2025-12-18T16:16:23.144357,1,74,1,0,A,0,1,8,255,324,20,,,,
2025-12-18T16:16:23.187887,1,74,0,1,B,0,1,8,255,324,20,76,203,260,10
2025-12-18T16:16:23.209033,1,74,1,0,A,1,2,8,255,324,20,,,,
2025-12-18T16:16:23.209223,1,74,0,1,B,1,2,8,255,324,20,93,0,1102,40
2025-12-18T16:16:23.229662,1,74,1,0,A,2,3,8,255,324,20,,,,
2025-12-18T16:16:23.229885,1,74,0,1,B,2,3,8,255,324,20,17,0,1112,20
2025-12-18T16:16:23.251836,1,74,1,0,A,3,4,8,255,324,20,,,,
2025-12-18T16:16:23.252011,1,74,0,1,B,3,4,8,255,324,20,76,203,260,10
2025-12-18T16:16:23.254374,1,74,1,0,A,4,5,8,255,324,20,,,,
2025-12-18T16:16:23.254437,1,74,0,1,B,4,5,8,255,324,20,33,0,1112,40
2025-12-18T16:16:23.274378,1,74,1,0,A,5,6,8,255,324,20,,,,
2025-12-18T16:16:23.274497,1,74,0,1,B,5,6,8,255,324,20,28,0,1128,20
2025-12-18T16:16:23.297084,1,74,1,0,A,6,7,8,255,324,20,,,,
2025-12-18T16:16:23.297298,1,74,0,1,B,6,7,8,255,324,20,1,0,1127,10
2025-12-18T16:16:23.319250,1,74,1,0,A,7,8,8,255,324,20,,,,
2025-12-18T16:16:23.319418,1,74,0,1,B,7,8,8,255,324,20,7,0,1130,20
2025-12-18T16:16:23.341596,1,74,1,0,A,8,9,8,255,324,20,,,,
2025-12-18T16:16:23.341774,1,74,0,1,B,8,9,8,255,324,20,,,,
2025-12-18T16:16:23.775543,1,75,1,2,A,0,1,8,255,324,20,,,,
2025-12-18T16:16:23.823052,1,75,2,1,B,0,1,8,255,324,20,84,458,523,20
2025-12-18T16:16:23.845079,1,75,1,2,A,1,2,8,255,324,20,,,,
2025-12-18T16:16:23.845281,1,75,2,1,B,1,2,8,255,324,20,88,0,1119,30
2025-12-18T16:16:23.867681,1,75,1,2,A,2,3,8,255,324,20,,,,
2025-12-18T16:16:23.867885,1,75,2,1,B,2,3,8,255,324,20,24,0,1131,10
2025-12-18T16:16:23.889987,1,75,1,2,A,3,4,8,255,324,20,,,,
2025-12-18T16:16:23.890167,1,75,2,1,B,3,4,8,255,324,20,78,0,1095,20
2025-12-18T16:16:23.913178,1,75,1,2,A,4,5,8,255,324,20,,,,
2025-12-18T16:16:23.913375,1,75,2,1,B,4,5,8,255,324,20,91,0,1123,10
2025-12-18T16:16:23.935865,1,75,1,2,A,5,6,8,255,324,20,,,,
2025-12-18T16:16:23.936107,1,75,2,1,B,5,6,8,255,324,20,84,458,523,20
2025-12-18T16:16:23.938849,1,75,1,2,A,6,7,8,255,324,20,,,,
2025-12-18T16:16:23.938913,1,75,2,1,B,6,7,8,255,324,20,60,0,1100,20
2025-12-18T16:16:23.961603,1,75,1,2,A,7,8,8,255,324,20,,,,
2025-12-18T16:16:23.961820,1,75,2,1,B,7,8,8,255,324,20,68,0,1125,10
2025-12-18T16:16:23.984126,1,75,1,2,A,8,9,8,255,324,20,,,,
2025-12-18T16:16:23.984348,1,75,2,1,B,8,9,8,255,324,20,51,0,1121,10
2025-12-18T16:16:24.006724,1,75,1,2,A,9,10,8,255,324,20,,,,
2025-12-18T16:16:24.006872,1,75,2,1,B,9,10,8,255,324,20,46,0,1125,30
2025-12-18T16:16:24.450000,1,76,1,3,A,0,1,8,255,324,20,,,,
2025-12-18T16:16:24.502005,1,76,3,1,B,0,1,8,255,324,20,77,574,643,10
2025-12-18T16:16:24.524754,1,76,1,3,A,1,2,8,255,324,20,,,,
2025-12-18T16:16:24.524959,1,76,3,1,B,1,2,8,255,324,20,99,743,820,10
2025-12-18T16:16:24.547146,1,76,1,3,A,2,3,8,255,324,20,,,,
2025-12-18T16:16:24.547370,1,76,3,1,B,2,3,8,255,324,20,77,574,643,10
2025-12-18T16:16:24.550047,1,76,1,3,A,3,4,8,255,324,20,,,,
2025-12-18T16:16:24.550097,1,76,3,1,B,3,4,8,255,324,20,98,0,1115,20
2025-12-18T16:16:24.574936,1,76,1,3,A,4,5,8,255,324,20,,,,
2025-12-18T16:16:24.575111,1,76,3,1,B,4,5,8,255,324,20,5,0,1130,10
2025-12-18T16:16:24.599340,1,76,1,3,A,5,6,8,255,324,20,,,,
2025-12-18T16:16:24.599639,1,76,3,1,B,5,6,8,255,324,20,81,0,1098,30
2025-12-18T16:16:24.625103,1,76,1,3,A,6,7,8,255,324,20,,,,
2025-12-18T16:16:24.625303,1,76,3,1,B,6,7,8,255,324,20,99,743,820,10
2025-12-18T16:16:24.627972,1,76,1,3,A,7,8,8,255,324,20,,,,
2025-12-18T16:16:24.628026,1,76,3,1,B,7,8,8,255,324,20,42,0,1126,20
2025-12-18T16:16:24.652704,1,76,1,3,A,8,9,8,255,324,20,,,,
2025-12-18T16:16:24.652917,1,76,3,1,B,8,9,8,255,324,20,82,0,1110,20
2025-12-18T16:16:24.677903,1,76,1,3,A,9,10,8,255,324,20,,,,
2025-12-18T16:16:24.678114,1,76,3,1,B,9,10,8,255,324,20,66,0,1129,10
2025-12-18T16:16:24.918139,1,77,1,4,A,0,1,8,255,324,20,,,,
2025-12-18T16:16:24.929226,1,77,4,1,B,0,1,8,255,324,20,34,0,1113,20
2025-12-18T16:16:24.954733,1,77,1,4,A,1,2,8,255,324,20,,,,
2025-12-18T16:16:24.954997,1,77,4,1,B,1,2,8,255,324,20,89,0,1121,10
2025-12-18T16:16:24.980526,1,77,1,4,A,2,3,8,255,324,20,,,,
2025-12-18T16:16:24.980792,1,77,4,1,B,2,3,8,255,324,20,26,0,1130,10
2025-12-18T16:16:25.005116,1,77,1,4,A,3,4,8,255,324,20,,,,
2025-12-18T16:16:25.005340,1,77,4,1,B,3,4,8,255,324,20,15,384,429,40
2025-12-18T16:16:25.026323,1,77,1,4,A,4,5,8,255,324,20,,,,
2025-12-18T16:16:25.026508,1,77,4,1,B,4,5,8,255,324,20,,,,
2025-12-18T16:16:25.488197,1,78,1,10,A,0,1,8,255,324,20,,,,
2025-12-18T16:16:25.540654,1,78,10,1,B,0,1,8,255,324,20,55,95,158,10
2025-12-18T16:16:25.563047,1,78,1,10,A,1,2,8,255,324,20,,,,
2025-12-18T16:16:25.565940,1,78,10,1,B,1,2,8,255,324,20,92,368,441,20
2025-12-18T16:16:25.588598,1,78,1,10,A,2,3,8,255,324,20,,,,
2025-12-18T16:16:25.588808,1,78,10,1,B,2,3,8,255,324,20,71,0,1088,20
2025-12-18T16:16:25.613892,1,78,1,10,A,3,4,8,255,324,20,,,,
2025-12-18T16:16:25.614133,1,78,10,1,B,3,4,8,255,324,20,55,95,158,10
2025-12-18T16:16:25.616465,1,78,1,10,A,4,5,8,255,324,20,,,,
2025-12-18T16:16:25.616632,1,78,10,1,B,4,5,8,255,324,20,14,0,1106,10
2025-12-18T16:16:25.641998,1,78,1,10,A,5,6,8,255,324,20,,,,
2025-12-18T16:16:25.642217,1,78,10,1,B,5,6,8,255,324,20,92,368,441,20
2025-12-18T16:16:25.644874,1,78,1,10,A,6,7,8,255,324,20,,,,
2025-12-18T16:16:25.644934,1,78,10,1,B,6,7,8,255,324,20,22,0,1133,20
2025-12-18T16:16:25.670285,1,78,1,10,A,7,8,8,255,324,20,,,,
2025-12-18T16:16:25.670495,1,78,10,1,B,7,8,8,255,324,20,90,0,1125,10
2025-12-18T16:16:25.695703,1,78,1,10,A,8,9,8,255,324,20,,,,
2025-12-18T16:16:25.695923,1,78,10,1,B,8,9,8,255,324,20,2,0,1125,30
2025-12-18T16:16:25.720355,1,78,1,10,A,9,10,8,255,324,20,,,,
2025-12-18T16:16:25.720575,1,78,10,1,B,9,10,8,255,324,20,,,,
2025-12-18T16:16:25.969652,1,79,1,7,A,0,1,8,255,324,20,,,,
2025-12-18T16:16:25.981747,1,79,7,1,B,0,1,8,255,324,20,74,353,412,50
2025-12-18T16:16:26.001783,1,79,1,7,A,1,2,8,255,324,20,,,,
2025-12-18T16:16:26.002002,1,79,7,1,B,1,2,8,255,324,20,18,0,1110,20
2025-12-18T16:16:26.024321,1,79,1,7,A,2,3,8,255,324,20,,,,
2025-12-18T16:16:26.024515,1,79,7,1,B,2,3,8,255,324,20,29,0,1126,10
2025-12-18T16:16:26.047174,1,79,1,7,A,3,4,8,255,324,20,,,,
2025-12-18T16:16:26.047346,1,79,7,1,B,3,4,8,255,324,20,58,471,534,30
2025-12-18T16:16:26.067080,1,79,1,7,A,4,5,8,255,324,20,,,,
2025-12-18T16:16:26.067245,1,79,7,1,B,4,5,8,255,324,20,12,0,1107,20
2025-12-18T16:16:26.108790,1,79,1,7,A,5,6,8,255,324,20,,,,
2025-12-18T16:16:26.109007,1,79,7,1,B,5,6,8,255,324,20,,,,
2025-12-18T16:16:26.406710,1,80,1,5,A,0,1,8,255,324,20,,,,
2025-12-18T16:16:26.424463,1,80,5,1,B,0,1,8,255,324,20,11,448,505,10
2025-12-18T16:16:26.445035,1,80,1,5,A,1,2,8,255,324,20,,,,
2025-12-18T16:16:26.445278,1,80,5,1,B,1,2,8,255,324,20,79,668,731,10
2025-12-18T16:16:26.465539,1,80,1,5,A,2,3,8,255,324,20,,,,
2025-12-18T16:16:26.465736,1,80,5,1,B,2,3,8,255,324,20,36,0,1110,10
2025-12-18T16:16:26.488623,1,80,1,5,A,3,4,8,255,324,20,,,,
2025-12-18T16:16:26.488855,1,80,5,1,B,3,4,8,255,324,20,41,0,1127,10
2025-12-18T16:16:26.511814,1,80,1,5,A,4,5,8,255,324,20,,,,
2025-12-18T16:16:26.512046,1,80,5,1,B,4,5,8,255,324,20,50,0,1123,10
2025-12-18T16:16:26.534025,1,80,1,5,A,5,6,8,255,324,20,,,,
2025-12-18T16:16:26.534168,1,80,5,1,B,5,6,8,255,324,20,56,0,1101,30
2025-12-18T16:16:26.556864,1,80,1,5,A,6,7,8,255,324,20,,,,
2025-12-18T16:16:26.557122,1,80,5,1,B,6,7,8,255,324,20,,,,
2025-12-18T16:16:26.798398,1,81,1,9,A,0,1,8,255,324,20,,,,
2025-12-18T16:16:26.806441,1,81,9,1,B,0,1,8,255,324,20,96,0,1109,10
2025-12-18T16:16:26.831423,1,81,1,9,A,1,2,8,255,324,20,,,,
2025-12-18T16:16:26.831689,1,81,9,1,B,1,2,8,255,324,20,62,262,317,20
2025-12-18T16:16:26.852774,1,81,1,9,A,2,3,8,255,324,20,,,,
2025-12-18T16:16:26.852976,1,81,9,1,B,2,3,8,255,324,20,40,0,1125,10
2025-12-18T16:16:26.877051,1,81,1,9,A,3,4,8,255,324,20,,,,
2025-12-18T16:16:26.877253,1,81,9,1,B,3,4,8,255,324,20,44,359,412,10
2025-12-18T16:16:26.899173,1,81,1,9,A,4,5,8,255,324,20,,,,
2025-12-18T16:16:26.899384,1,81,9,1,B,4,5,8,255,324,20,,,,
2025-12-18T16:16:27.289204,1,82,1,13,A,0,1,4,727,782,10,,,,
2025-12-18T16:16:27.324462,1,82,13,1,B,0,1,4,727,782,10,87,85,144,20
2025-12-18T16:16:27.348102,1,82,1,13,A,1,2,4,727,782,10,,,,
2025-12-18T16:16:27.348351,1,82,13,1,B,1,2,4,727,782,10,73,0,1090,10
2025-12-18T16:16:27.372235,1,82,1,13,A,2,3,4,727,782,10,,,,
2025-12-18T16:16:27.372448,1,82,13,1,B,2,3,4,727,782,10,57,0,1111,40
2025-12-18T16:16:27.392543,1,82,1,13,A,3,4,4,727,782,10,,,,
2025-12-18T16:16:27.392705,1,82,13,1,B,3,4,4,727,782,10,3,0,1129,10
2025-12-18T16:16:27.414455,1,82,1,13,A,4,5,4,727,782,10,,,,
2025-12-18T16:16:27.414616,1,82,13,1,B,4,5,4,727,782,10,10,0,1129,10
2025-12-18T16:16:27.437369,1,82,1,13,A,5,6,4,727,782,10,,,,
2025-12-18T16:16:27.437507,1,82,13,1,B,5,6,4,727,782,10,83,0,1113,10
2025-12-18T16:16:27.459985,1,82,1,13,A,6,7,4,727,782,10,,,,
2025-12-18T16:16:27.460154,1,82,13,1,B,6,7,4,727,782,10,43,0,1129,10
2025-12-18T16:16:27.482593,1,82,1,13,A,7,8,4,727,782,10,,,,
2025-12-18T16:16:27.482849,1,82,13,1,B,7,8,4,727,782,10,87,85,144,20
2025-12-18T16:16:27.484768,1,82,1,13,A,8,9,4,727,782,10,,,,
2025-12-18T16:16:27.484827,1,82,13,1,B,8,9,4,727,782,10,,,,
2025-12-18T16:16:27.696945,1,83,1,12,A,0,1,4,727,782,10,,,,
2025-12-18T16:16:27.697449,1,83,12,1,B,0,1,4,727,782,10,67,12,77,10
2025-12-18T16:16:27.715427,1,83,1,12,A,1,2,4,727,782,10,,,,
2025-12-18T16:16:27.715648,1,83,12,1,B,1,2,4,727,782,10,,,,
2025-12-18T16:16:28.135973,1,84,1,0,A,0,1,4,727,782,10,,,,
2025-12-18T16:16:28.179632,1,84,0,1,B,0,1,4,727,782,10,76,203,260,10
2025-12-18T16:16:28.202694,1,84,1,0,A,1,2,4,727,782,10,,,,
2025-12-18T16:16:28.202936,1,84,0,1,B,1,2,4,727,782,10,93,0,1102,40
2025-12-18T16:16:28.223970,1,84,1,0,A,2,3,4,727,782,10,,,,
2025-12-18T16:16:28.224176,1,84,0,1,B,2,3,4,727,782,10,17,0,1112,20
2025-12-18T16:16:28.247705,1,84,1,0,A,3,4,4,727,782,10,,,,
2025-12-18T16:16:28.247910,1,84,0,1,B,3,4,4,727,782,10,76,203,260,10
2025-12-18T16:16:28.250264,1,84,1,0,A,4,5,4,727,782,10,,,,
2025-12-18T16:16:28.250331,1,84,0,1,B,4,5,4,727,782,10,33,0,1112,40
2025-12-18T16:16:28.271704,1,84,1,0,A,5,6,4,727,782,10,,,,
2025-12-18T16:16:28.271980,1,84,0,1,B,5,6,4,727,782,10,28,0,1128,20
2025-12-18T16:16:28.295367,1,84,1,0,A,6,7,4,727,782,10,,,,
2025-12-18T16:16:28.295587,1,84,0,1,B,6,7,4,727,782,10,1,0,1127,10
2025-12-18T16:16:28.317969,1,84,1,0,A,7,8,4,727,782,10,,,,
2025-12-18T16:16:28.318166,1,84,0,1,B,7,8,4,727,782,10,7,0,1130,20
2025-12-18T16:16:28.340544,1,84,1,0,A,8,9,4,727,782,10,,,,
2025-12-18T16:16:28.340771,1,84,0,1,B,8,9,4,727,782,10,,,,
2025-12-18T16:16:28.747241,1,85,1,11,A,0,1,4,727,782,10,,,,
2025-12-18T16:16:28.790930,1,85,11,1,B,0,1,4,727,782,10,25,169,224,40
2025-12-18T16:16:28.811957,1,85,1,11,A,1,2,4,727,782,10,,,,
2025-12-18T16:16:28.812166,1,85,11,1,B,1,2,4,727,782,10,38,479,522,30
2025-12-18T16:16:28.832938,1,85,1,11,A,2,3,4,727,782,10,,,,
2025-12-18T16:16:28.833141,1,85,11,1,B,2,3,4,727,782,10,80,0,1094,10
2025-12-18T16:16:28.857122,1,85,1,11,A,3,4,4,727,782,10,,,,
2025-12-18T16:16:28.857373,1,85,11,1,B,3,4,4,727,782,10,86,0,1119,10
2025-12-18T16:16:28.881625,1,85,1,11,A,4,5,4,727,782,10,,,,
2025-12-18T16:16:28.881816,1,85,11,1,B,4,5,4,727,782,10,31,0,1112,20
2025-12-18T16:16:28.904519,1,85,1,11,A,5,6,4,727,782,10,,,,
2025-12-18T16:16:28.904742,1,85,11,1,B,5,6,4,727,782,10,16,0,1105,40
2025-12-18T16:16:28.925474,1,85,1,11,A,6,7,4,727,782,10,,,,
2025-12-18T16:16:28.925693,1,85,11,1,B,6,7,4,727,782,10,25,169,224,40
2025-12-18T16:16:28.928041,1,85,1,11,A,7,8,4,727,782,10,,,,
2025-12-18T16:16:28.928090,1,85,11,1,B,7,8,4,727,782,10,38,479,522,30
2025-12-18T16:16:28.930707,1,85,1,11,A,8,9,4,727,782,10,,,,
2025-12-18T16:16:28.930753,1,85,11,1,B,8,9,4,727,782,10,19,0,1106,10
2025-12-18T16:16:28.955457,1,85,1,11,A,9,10,4,727,782,10,,,,
2025-12-18T16:16:28.955703,1,85,11,1,B,9,10,4,727,782,10,21,0,1135,20
2025-12-18T16:16:29.400819,1,86,1,3,A,0,1,4,727,782,10,,,,
2025-12-18T16:16:29.452810,1,86,3,1,B,0,1,4,727,782,10,77,574,643,10
2025-12-18T16:16:29.474822,1,86,1,3,A,1,2,4,727,782,10,,,,
2025-12-18T16:16:29.474994,1,86,3,1,B,1,2,4,727,782,10,99,743,820,10
2025-12-18T16:16:29.494843,1,86,1,3,A,2,3,4,727,782,10,,,,
2025-12-18T16:16:29.495004,1,86,3,1,B,2,3,4,727,782,10,77,574,643,10
2025-12-18T16:16:29.497633,1,86,1,3,A,3,4,4,727,782,10,,,,
2025-12-18T16:16:29.497695,1,86,3,1,B,3,4,4,727,782,10,98,0,1115,20
2025-12-18T16:16:29.520512,1,86,1,3,A,4,5,4,727,782,10,,,,
2025-12-18T16:16:29.520788,1,86,3,1,B,4,5,4,727,782,10,5,0,1130,10
2025-12-18T16:16:29.543567,1,86,1,3,A,5,6,4,727,782,10,,,,
2025-12-18T16:16:29.543777,1,86,3,1,B,5,6,4,727,782,10,81,0,1098,30
2025-12-18T16:16:29.566340,1,86,1,3,A,6,7,4,727,782,10,,,,
2025-12-18T16:16:29.566470,1,86,3,1,B,6,7,4,727,782,10,99,743,820,10
2025-12-18T16:16:29.569037,1,86,1,3,A,7,8,4,727,782,10,,,,
2025-12-18T16:16:29.569451,1,86,3,1,B,7,8,4,727,782,10,42,0,1126,20
2025-12-18T16:16:29.591638,1,86,1,3,A,8,9,4,727,782,10,,,,
2025-12-18T16:16:29.591868,1,86,3,1,B,8,9,4,727,782,10,82,0,1110,20
2025-12-18T16:16:29.614422,1,86,1,3,A,9,10,4,727,782,10,,,,
2025-12-18T16:16:29.614667,1,86,3,1,B,9,10,4,727,782,10,66,0,1129,10
2025-12-18T16:16:30.064843,1,87,1,10,A,0,1,4,727,782,10,,,,
2025-12-18T16:16:30.115938,1,87,10,1,B,0,1,4,727,782,10,55,95,158,10
2025-12-18T16:16:30.136876,1,87,1,10,A,1,2,4,727,782,10,,,,
2025-12-18T16:16:30.137130,1,87,10,1,B,1,2,4,727,782,10,92,368,441,20
2025-12-18T16:16:30.157793,1,87,1,10,A,2,3,4,727,782,10,,,,
2025-12-18T16:16:30.157973,1,87,10,1,B,2,3,4,727,782,10,71,0,1088,20
2025-12-18T16:16:30.180614,1,87,1,10,A,3,4,4,727,782,10,,,,
2025-12-18T16:16:30.180837,1,87,10,1,B,3,4,4,727,782,10,55,95,158,10
2025-12-18T16:16:30.183054,1,87,1,10,A,4,5,4,727,782,10,,,,
2025-12-18T16:16:30.183100,1,87,10,1,B,4,5,4,727,782,10,14,0,1106,10
2025-12-18T16:16:30.206504,1,87,1,10,A,5,6,4,727,782,10,,,,
2025-12-18T16:16:30.206716,1,87,10,1,B,5,6,4,727,782,10,92,368,441,20
2025-12-18T16:16:30.209473,1,87,1,10,A,6,7,4,727,782,10,,,,
2025-12-18T16:16:30.209599,1,87,10,1,B,6,7,4,727,782,10,22,0,1133,20
2025-12-18T16:16:30.233263,1,87,1,10,A,7,8,4,727,782,10,,,,
2025-12-18T16:16:30.233485,1,87,10,1,B,7,8,4,727,782,10,90,0,1125,10
2025-12-18T16:16:30.256262,1,87,1,10,A,8,9,4,727,782,10,,,,
2025-12-18T16:16:30.256433,1,87,10,1,B,8,9,4,727,782,10,2,0,1125,30
2025-12-18T16:16:30.279342,1,87,1,10,A,9,10,4,727,782,10,,,,
2025-12-18T16:16:30.279575,1,87,10,1,B,9,10,4,727,782,10,,,,
2025-12-18T16:16:30.660351,1,88,1,8,A,0,1,4,727,782,10,,,,
2025-12-18T16:16:30.708584,1,88,8,1,B,0,1,4,727,782,10,53,286,347,20
2025-12-18T16:16:30.730771,1,88,1,8,A,1,2,4,727,782,10,,,,
2025-12-18T16:16:30.731033,1,88,8,1,B,1,2,4,727,782,10,9,534,605,10
2025-12-18T16:16:30.752147,1,88,1,8,A,2,3,4,727,782,10,,,,
2025-12-18T16:16:30.752327,1,88,8,1,B,2,3,4,727,782,10,100,647,726,20
2025-12-18T16:16:30.773115,1,88,1,8,A,3,4,4,727,782,10,,,,
2025-12-18T16:16:30.773321,1,88,8,1,B,3,4,4,727,782,10,69,916,969,10
2025-12-18T16:16:30.794641,1,88,1,8,A,4,5,4,727,782,10,,,,
2025-12-18T16:16:30.794862,1,88,8,1,B,4,5,4,727,782,10,53,286,347,20
2025-12-18T16:16:30.797309,1,88,1,8,A,5,6,4,727,782,10,,,,
2025-12-18T16:16:30.797362,1,88,8,1,B,5,6,4,727,782,10,9,534,605,10
2025-12-18T16:16:30.800182,1,88,1,8,A,6,7,4,727,782,10,,,,
2025-12-18T16:16:30.800311,1,88,8,1,B,6,7,4,727,782,10,75,0,1130,20
2025-12-18T16:16:30.826005,1,88,1,8,A,7,8,4,727,782,10,,,,
2025-12-18T16:16:30.826246,1,88,8,1,B,7,8,4,727,782,10,100,647,726,20
2025-12-18T16:16:30.828942,1,88,1,8,A,8,9,4,727,782,10,,,,
2025-12-18T16:16:30.828992,1,88,8,1,B,8,9,4,727,782,10,69,916,969,10
2025-12-18T16:16:30.831999,1,88,1,8,A,9,10,4,727,782,10,,,,
2025-12-18T16:16:30.832074,1,88,8,1,B,9,10,4,727,782,10,63,0,1131,50
2025-12-18T16:16:31.068693,1,89,1,4,A,0,1,4,727,782,10,,,,
2025-12-18T16:16:31.079993,1,89,4,1,B,0,1,4,727,782,10,34,0,1113,20
2025-12-18T16:16:31.104140,1,89,1,4,A,1,2,4,727,782,10,,,,
2025-12-18T16:16:31.104354,1,89,4,1,B,1,2,4,727,782,10,89,0,1121,10
2025-12-18T16:16:31.128281,1,89,1,4,A,2,3,4,727,782,10,,,,
2025-12-18T16:16:31.128484,1,89,4,1,B,2,3,4,727,782,10,26,0,1130,10
2025-12-18T16:16:31.152359,1,89,1,4,A,3,4,4,727,782,10,,,,
2025-12-18T16:16:31.152566,1,89,4,1,B,3,4,4,727,782,10,15,384,429,40
2025-12-18T16:16:31.172933,1,89,1,4,A,4,5,4,727,782,10,,,,
2025-12-18T16:16:31.173145,1,89,4,1,B,4,5,4,727,782,10,,,,
2025-12-18T16:16:31.412341,1,90,1,9,A,0,1,4,727,782,10,,,,
2025-12-18T16:16:31.420468,1,90,9,1,B,0,1,4,727,782,10,96,0,1109,10
2025-12-18T16:16:31.444625,1,90,1,9,A,1,2,4,727,782,10,,,,
2025-12-18T16:16:31.444839,1,90,9,1,B,1,2,4,727,782,10,62,262,317,20
2025-12-18T16:16:31.465653,1,90,1,9,A,2,3,4,727,782,10,,,,
2025-12-18T16:16:31.465840,1,90,9,1,B,2,3,4,727,782,10,40,0,1125,10
2025-12-18T16:16:31.489274,1,90,1,9,A,3,4,4,727,782,10,,,,
2025-12-18T16:16:31.489494,1,90,9,1,B,3,4,4,727,782,10,44,359,412,10
2025-12-18T16:16:31.510274,1,90,1,9,A,4,5,4,727,782,10,,,,
2025-12-18T16:16:31.510470,1,90,9,1,B,4,5,4,727,782,10,,,,
2025-12-18T16:16:31.797551,1,91,1,6,A,0,1,4,727,782,10,,,,
2025-12-18T16:16:31.814960,1,91,6,1,B,0,1,4,727,782,10,13,30,92,30
2025-12-18T16:16:31.833209,1,91,1,6,A,1,2,4,727,782,10,,,,
2025-12-18T16:16:31.833365,1,91,6,1,B,1,2,4,727,782,10,94,0,1105,10
2025-12-18T16:16:31.855374,1,91,1,6,A,2,3,4,727,782,10,,,,
2025-12-18T16:16:31.855571,1,91,6,1,B,2,3,4,727,782,10,48,0,1122,10
2025-12-18T16:16:31.879015,1,91,1,6,A,3,4,4,727,782,10,,,,
2025-12-18T16:16:31.879218,1,91,6,1,B,3,4,4,727,782,10,13,30,92,30
2025-12-18T16:16:31.879881,1,91,1,6,A,4,5,4,727,782,10,,,,
2025-12-18T16:16:31.879929,1,91,6,1,B,4,5,4,727,782,10,65,0,1133,10
2025-12-18T16:16:31.904903,1,91,1,6,A,5,6,4,727,782,10,,,,
2025-12-18T16:16:31.905095,1,91,6,1,B,5,6,4,727,782,10,70,0,1087,30
2025-12-18T16:16:31.929130,1,91,1,6,A,6,7,4,727,782,10,,,,
2025-12-18T16:16:31.929352,1,91,6,1,B,6,7,4,727,782,10,23,732,777,10
2025-12-18T16:16:31.950925,1,91,1,6,A,7,8,4,727,782,10,,,,
2025-12-18T16:16:31.951143,1,91,6,1,B,7,8,4,727,782,10,,,,
2025-12-18T16:16:32.215692,1,92,1,7,A,0,1,4,727,782,10,,,,
2025-12-18T16:16:32.227876,1,92,7,1,B,0,1,4,727,782,10,74,353,412,50
2025-12-18T16:16:32.249966,1,92,1,7,A,1,2,4,727,782,10,,,,
2025-12-18T16:16:32.250148,1,92,7,1,B,1,2,4,727,782,10,18,0,1110,20
2025-12-18T16:16:32.274114,1,92,1,7,A,2,3,4,727,782,10,,,,
2025-12-18T16:16:32.274327,1,92,7,1,B,2,3,4,727,782,10,29,0,1126,10
2025-12-18T16:16:32.297735,1,92,1,7,A,3,4,4,727,782,10,,,,
2025-12-18T16:16:32.297923,1,92,7,1,B,3,4,4,727,782,10,58,471,534,30
2025-12-18T16:16:32.318420,1,92,1,7,A,4,5,4,727,782,10,,,,
2025-12-18T16:16:32.318576,1,92,7,1,B,4,5,4,727,782,10,12,0,1107,20
2025-12-18T16:16:32.342191,1,92,1,7,A,5,6,4,727,782,10,,,,
2025-12-18T16:16:32.342413,1,92,7,1,B,5,6,4,727,782,10,,,,
2025-12-18T16:16:32.629475,1,93,1,5,A,0,1,4,727,782,10,,,,
2025-12-18T16:16:32.647510,1,93,5,1,B,0,1,4,727,782,10,11,448,505,10
2025-12-18T16:16:32.668430,1,93,1,5,A,1,2,4,727,782,10,,,,
2025-12-18T16:16:32.668572,1,93,5,1,B,1,2,4,727,782,10,79,668,731,10
2025-12-18T16:16:32.688439,1,93,1,5,A,2,3,4,727,782,10,,,,
2025-12-18T16:16:32.688682,1,93,5,1,B,2,3,4,727,782,10,36,0,1110,10
2025-12-18T16:16:32.710736,1,93,1,5,A,3,4,4,727,782,10,,,,
2025-12-18T16:16:32.710907,1,93,5,1,B,3,4,4,727,782,10,41,0,1127,10
2025-12-18T16:16:32.733900,1,93,1,5,A,4,5,4,727,782,10,,,,
2025-12-18T16:16:32.734112,1,93,5,1,B,4,5,4,727,782,10,50,0,1123,10
2025-12-18T16:16:32.756345,1,93,1,5,A,5,6,4,727,782,10,,,,
2025-12-18T16:16:32.756539,1,93,5,1,B,5,6,4,727,782,10,56,0,1101,30
2025-12-18T16:16:32.778261,1,93,1,5,A,6,7,4,727,782,10,,,,
2025-12-18T16:16:32.778435,1,93,5,1,B,6,7,4,727,782,10,,,,
2025-12-18T16:16:32.991157,1,94,1,12,A,0,1,54,0,1105,40,,,,
2025-12-18T16:16:32.994201,1,94,12,1,B,0,1,54,0,1105,40,67,12,77,10
2025-12-18T16:16:33.012247,1,94,1,12,A,1,2,54,0,1105,40,,,,
2025-12-18T16:16:33.012418,1,94,12,1,B,1,2,54,0,1105,40,,,,
2025-12-18T16:16:33.499362,1,95,1,0,A,0,1,54,0,1105,40,,,,
2025-12-18T16:16:33.542105,1,95,0,1,B,0,1,54,0,1105,40,76,203,260,10
2025-12-18T16:16:33.563152,1,95,1,0,A,1,2,54,0,1105,40,,,,
2025-12-18T16:16:33.563368,1,95,0,1,B,1,2,54,0,1105,40,93,0,1102,40
2025-12-18T16:16:33.583206,1,95,1,0,A,2,3,54,0,1105,40,,,,
2025-12-18T16:16:33.583413,1,95,0,1,B,2,3,54,0,1105,40,17,0,1112,20
2025-12-18T16:16:33.605621,1,95,1,0,A,3,4,54,0,1105,40,,,,
2025-12-18T16:16:33.605785,1,95,0,1,B,3,4,54,0,1105,40,76,203,260,10
2025-12-18T16:16:33.608160,1,95,1,0,A,4,5,54,0,1105,40,,,,
2025-12-18T16:16:33.608216,1,95,0,1,B,4,5,54,0,1105,40,33,0,1112,40
2025-12-18T16:16:33.628261,1,95,1,0,A,5,6,54,0,1105,40,,,,
2025-12-18T16:16:33.628479,1,95,0,1,B,5,6,54,0,1105,40,28,0,1128,20
2025-12-18T16:16:33.651702,1,95,1,0,A,6,7,54,0,1105,40,,,,
2025-12-18T16:16:33.651882,1,95,0,1,B,6,7,54,0,1105,40,1,0,1127,10
2025-12-18T16:16:33.674741,1,95,1,0,A,7,8,54,0,1105,40,,,,
2025-12-18T16:16:33.674876,1,95,0,1,B,7,8,54,0,1105,40,7,0,1130,20
2025-12-18T16:16:33.697191,1,95,1,0,A,8,9,54,0,1105,40,,,,
2025-12-18T16:16:33.697404,1,95,0,1,B,8,9,54,0,1105,40,,,,
2025-12-18T16:16:34.103835,1,96,1,11,A,0,1,54,0,1105,40,,,,
2025-12-18T16:16:34.146573,1,96,11,1,B,0,1,54,0,1105,40,25,169,224,40
2025-12-18T16:16:34.168062,1,96,1,11,A,1,2,54,0,1105,40,,,,
2025-12-18T16:16:34.170683,1,96,11,1,B,1,2,54,0,1105,40,38,479,522,30
2025-12-18T16:16:34.191416,1,96,1,11,A,2,3,54,0,1105,40,,,,
2025-12-18T16:16:34.191640,1,96,11,1,B,2,3,54,0,1105,40,80,0,1094,10
2025-12-18T16:16:34.213877,1,96,1,11,A,3,4,54,0,1105,40,,,,
2025-12-18T16:16:34.214117,1,96,11,1,B,3,4,54,0,1105,40,86,0,1119,10
2025-12-18T16:16:34.237072,1,96,1,11,A,4,5,54,0,1105,40,,,,
2025-12-18T16:16:34.237256,1,96,11,1,B,4,5,54,0,1105,40,31,0,1112,20
2025-12-18T16:16:34.259419,1,96,1,11,A,5,6,54,0,1105,40,,,,
2025-12-18T16:16:34.259612,1,96,11,1,B,5,6,54,0,1105,40,16,0,1105,40
2025-12-18T16:16:34.279584,1,96,1,11,A,6,7,54,0,1105,40,,,,
2025-12-18T16:16:34.279738,1,96,11,1,B,6,7,54,0,1105,40,25,169,224,40
2025-12-18T16:16:34.282127,1,96,1,11,A,7,8,54,0,1105,40,,,,
2025-12-18T16:16:34.282179,1,96,11,1,B,7,8,54,0,1105,40,38,479,522,30
2025-12-18T16:16:34.284939,1,96,1,11,A,8,9,54,0,1105,40,,,,
2025-12-18T16:16:34.285044,1,96,11,1,B,8,9,54,0,1105,40,19,0,1106,10
2025-12-18T16:16:34.308228,1,96,1,11,A,9,10,54,0,1105,40,,,,
2025-12-18T16:16:34.308428,1,96,11,1,B,9,10,54,0,1105,40,21,0,1135,20
2025-12-18T16:16:34.715579,1,97,1,2,A,0,1,54,0,1105,40,,,,
2025-12-18T16:16:34.760444,1,97,2,1,B,0,1,54,0,1105,40,84,458,523,20
2025-12-18T16:16:34.781108,1,97,1,2,A,1,2,54,0,1105,40,,,,
2025-12-18T16:16:34.781338,1,97,2,1,B,1,2,54,0,1105,40,88,0,1119,30
2025-12-18T16:16:34.804054,1,97,1,2,A,2,3,54,0,1105,40,,,,
2025-12-18T16:16:34.804236,1,97,2,1,B,2,3,54,0,1105,40,24,0,1131,10
2025-12-18T16:16:34.826190,1,97,1,2,A,3,4,54,0,1105,40,,,,
2025-12-18T16:16:34.826379,1,97,2,1,B,3,4,54,0,1105,40,78,0,1095,20
2025-12-18T16:16:34.848827,1,97,1,2,A,4,5,54,0,1105,40,,,,
2025-12-18T16:16:34.848977,1,97,2,1,B,4,5,54,0,1105,40,91,0,1123,10
2025-12-18T16:16:34.871380,1,97,1,2,A,5,6,54,0,1105,40,,,,
2025-12-18T16:16:34.871580,1,97,2,1,B,5,6,54,0,1105,40,84,458,523,20
2025-12-18T16:16:34.874218,1,97,1,2,A,6,7,54,0,1105,40,,,,
2025-12-18T16:16:34.874273,1,97,2,1,B,6,7,54,0,1105,40,60,0,1100,20
2025-12-18T16:16:34.896622,1,97,1,2,A,7,8,54,0,1105,40,,,,
2025-12-18T16:16:34.896851,1,97,2,1,B,7,8,54,0,1105,40,68,0,1125,10
2025-12-18T16:16:34.919602,1,97,1,2,A,8,9,54,0,1105,40,,,,
2025-12-18T16:16:34.919778,1,97,2,1,B,8,9,54,0,1105,40,51,0,1121,10
2025-12-18T16:16:34.942231,1,97,1,2,A,9,10,54,0,1105,40,,,,
2025-12-18T16:16:34.942380,1,97,2,1,B,9,10,54,0,1105,40,46,0,1125,30
2025-12-18T16:16:35.379206,1,98,1,3,A,0,1,54,0,1105,40,,,,
2025-12-18T16:16:35.431679,1,98,3,1,B,0,1,54,0,1105,40,77,574,643,10
2025-12-18T16:16:35.453442,1,98,1,3,A,1,2,54,0,1105,40,,,,
2025-12-18T16:16:35.453677,1,98,3,1,B,1,2,54,0,1105,40,99,743,820,10
2025-12-18T16:16:35.473615,1,98,1,3,A,2,3,54,0,1105,40,,,,
2025-12-18T16:16:35.473785,1,98,3,1,B,2,3,54,0,1105,40,77,574,643,10
2025-12-18T16:16:35.476415,1,98,1,3,A,3,4,54,0,1105,40,,,,
2025-12-18T16:16:35.476472,1,98,3,1,B,3,4,54,0,1105,40,98,0,1115,20
2025-12-18T16:16:35.498778,1,98,1,3,A,4,5,54,0,1105,40,,,,
2025-12-18T16:16:35.498990,1,98,3,1,B,4,5,54,0,1105,40,5,0,1130,10
2025-12-18T16:16:35.521187,1,98,1,3,A,5,6,54,0,1105,40,,,,
2025-12-18T16:16:35.521387,1,98,3,1,B,5,6,54,0,1105,40,81,0,1098,30
2025-12-18T16:16:35.543571,1,98,1,3,A,6,7,54,0,1105,40,,,,
2025-12-18T16:16:35.543800,1,98,3,1,B,6,7,54,0,1105,40,99,743,820,10
2025-12-18T16:16:35.546427,1,98,1,3,A,7,8,54,0,1105,40,,,,
2025-12-18T16:16:35.546481,1,98,3,1,B,7,8,54,0,1105,40,42,0,1126,20
2025-12-18T16:16:35.568227,1,98,1,3,A,8,9,54,0,1105,40,,,,
2025-12-18T16:16:35.568382,1,98,3,1,B,8,9,54,0,1105,40,82,0,1110,20
2025-12-18T16:16:35.590878,1,98,1,3,A,9,10,54,0,1105,40,,,,
2025-12-18T16:16:35.591094,1,98,3,1,B,9,10,54,0,1105,40,66,0,1129,10
2025-12-18T16:16:35.968823,1,99,1,8,A,0,1,54,0,1105,40,,,,
2025-12-18T16:16:36.017040,1,99,8,1,B,0,1,54,0,1105,40,53,286,347,20
2025-12-18T16:16:36.038746,1,99,1,8,A,1,2,54,0,1105,40,,,,
2025-12-18T16:16:36.038979,1,99,8,1,B,1,2,54,0,1105,40,9,534,605,10
2025-12-18T16:16:36.059099,1,99,1,8,A,2,3,54,0,1105,40,,,,
2025-12-18T16:16:36.059327,1,99,8,1,B,2,3,54,0,1105,40,100,647,726,20
2025-12-18T16:16:36.078961,1,99,1,8,A,3,4,54,0,1105,40,,,,
2025-12-18T16:16:36.079193,1,99,8,1,B,3,4,54,0,1105,40,69,916,969,10
2025-12-18T16:16:36.099695,1,99,1,8,A,4,5,54,0,1105,40,,,,
2025-12-18T16:16:36.099865,1,99,8,1,B,4,5,54,0,1105,40,53,286,347,20
2025-12-18T16:16:36.102252,1,99,1,8,A,5,6,54,0,1105,40,,,,
2025-12-18T16:16:36.102300,1,99,8,1,B,5,6,54,0,1105,40,9,534,605,10
2025-12-18T16:16:36.104994,1,99,1,8,A,6,7,54,0,1105,40,,,,
2025-12-18T16:16:36.105037,1,99,8,1,B,6,7,54,0,1105,40,100,647,726,20
2025-12-18T16:16:36.107659,1,99,1,8,A,7,8,54,0,1105,40,,,,
2025-12-18T16:16:36.107698,1,99,8,1,B,7,8,54,0,1105,40,75,0,1130,20
2025-12-18T16:16:36.129042,1,99,1,8,A,8,9,54,0,1105,40,,,,
2025-12-18T16:16:36.129213,1,99,8,1,B,8,9,54,0,1105,40,69,916,969,10
2025-12-18T16:16:36.131917,1,99,1,8,A,9,10,54,0,1105,40,,,,
2025-12-18T16:16:36.131965,1,99,8,1,B,9,10,54,0,1105,40,63,0,1131,50
2025-12-18T16:16:36.364141,1,100,1,4,A,0,1,54,0,1105,40,,,,
2025-12-18T16:16:36.377680,1,100,4,1,B,0,1,54,0,1105,40,34,0,1113,20
2025-12-18T16:16:36.401120,1,100,1,4,A,1,2,54,0,1105,40,,,,
2025-12-18T16:16:36.401307,1,100,4,1,B,1,2,54,0,1105,40,89,0,1121,10
2025-12-18T16:16:36.424016,1,100,1,4,A,2,3,54,0,1105,40,,,,
2025-12-18T16:16:36.424236,1,100,4,1,B,2,3,54,0,1105,40,26,0,1130,10
2025-12-18T16:16:36.447261,1,100,1,4,A,3,4,54,0,1105,40,,,,
2025-12-18T16:16:36.447444,1,100,4,1,B,3,4,54,0,1105,40,15,384,429,40
2025-12-18T16:16:36.468023,1,100,1,4,A,4,5,54,0,1105,40,,,,
2025-12-18T16:16:36.468164,1,100,4,1,B,4,5,54,0,1105,40,,,,
2025-12-18T16:16:36.924697,1,101,1,10,A,0,1,54,0,1105,40,,,,
2025-12-18T16:16:36.978848,1,101,10,1,B,0,1,54,0,1105,40,55,95,158,10
2025-12-18T16:16:36.999954,1,101,1,10,A,1,2,54,0,1105,40,,,,
2025-12-18T16:16:37.000121,1,101,10,1,B,1,2,54,0,1105,40,92,368,441,20
2025-12-18T16:16:37.019824,1,101,1,10,A,2,3,54,0,1105,40,,,,
2025-12-18T16:16:37.019997,1,101,10,1,B,2,3,54,0,1105,40,71,0,1088,20
2025-12-18T16:16:37.042381,1,101,1,10,A,3,4,54,0,1105,40,,,,
2025-12-18T16:16:37.042606,1,101,10,1,B,3,4,54,0,1105,40,55,95,158,10
2025-12-18T16:16:37.044745,1,101,1,10,A,4,5,54,0,1105,40,,,,
2025-12-18T16:16:37.044799,1,101,10,1,B,4,5,54,0,1105,40,14,0,1106,10
2025-12-18T16:16:37.066262,1,101,1,10,A,5,6,54,0,1105,40,,,,
2025-12-18T16:16:37.066468,1,101,10,1,B,5,6,54,0,1105,40,92,368,441,20
2025-12-18T16:16:37.069099,1,101,1,10,A,6,7,54,0,1105,40,,,,
2025-12-18T16:16:37.069166,1,101,10,1,B,6,7,54,0,1105,40,22,0,1133,20
2025-12-18T16:16:37.091265,1,101,1,10,A,7,8,54,0,1105,40,,,,
2025-12-18T16:16:37.091486,1,101,10,1,B,7,8,54,0,1105,40,90,0,1125,10
2025-12-18T16:16:37.113804,1,101,1,10,A,8,9,54,0,1105,40,,,,
2025-12-18T16:16:37.113991,1,101,10,1,B,8,9,54,0,1105,40,2,0,1125,30
2025-12-18T16:16:37.136391,1,101,1,10,A,9,10,54,0,1105,40,,,,
2025-12-18T16:16:37.136613,1,101,10,1,B,9,10,54,0,1105,40,,,,
2025-12-18T16:16:37.378216,1,102,1,7,A,0,1,54,0,1105,40,,,,
2025-12-18T16:16:37.393279,1,102,7,1,B,0,1,54,0,1105,40,74,353,412,50
2025-12-18T16:16:37.413432,1,102,1,7,A,1,2,54,0,1105,40,,,,
2025-12-18T16:16:37.413607,1,102,7,1,B,1,2,54,0,1105,40,18,0,1110,20
2025-12-18T16:16:37.436052,1,102,1,7,A,2,3,54,0,1105,40,,,,
2025-12-18T16:16:37.436274,1,102,7,1,B,2,3,54,0,1105,40,29,0,1126,10
2025-12-18T16:16:37.458810,1,102,1,7,A,3,4,54,0,1105,40,,,,
2025-12-18T16:16:37.458985,1,102,7,1,B,3,4,54,0,1105,40,58,471,534,30
2025-12-18T16:16:37.478680,1,102,1,7,A,4,5,54,0,1105,40,,,,
2025-12-18T16:16:37.478870,1,102,7,1,B,4,5,54,0,1105,40,12,0,1107,20
2025-12-18T16:16:37.500163,1,102,1,7,A,5,6,54,0,1105,40,,,,
2025-12-18T16:16:37.500319,1,102,7,1,B,5,6,54,0,1105,40,,,,
2025-12-18T16:16:37.784647,1,103,1,5,A,0,1,54,0,1105,40,,,,
2025-12-18T16:16:37.804461,1,103,5,1,B,0,1,54,0,1105,40,11,448,505,10
2025-12-18T16:16:37.824391,1,103,1,5,A,1,2,54,0,1105,40,,,,
2025-12-18T16:16:37.824523,1,103,5,1,B,1,2,54,0,1105,40,79,668,731,10
2025-12-18T16:16:37.843964,1,103,1,5,A,2,3,54,0,1105,40,,,,
2025-12-18T16:16:37.844168,1,103,5,1,B,2,3,54,0,1105,40,36,0,1110,10
2025-12-18T16:16:37.865921,1,103,1,5,A,3,4,54,0,1105,40,,,,
2025-12-18T16:16:37.866091,1,103,5,1,B,3,4,54,0,1105,40,41,0,1127,10
2025-12-18T16:16:37.888615,1,103,1,5,A,4,5,54,0,1105,40,,,,
2025-12-18T16:16:37.888747,1,103,5,1,B,4,5,54,0,1105,40,50,0,1123,10
2025-12-18T16:16:37.910444,1,103,1,5,A,5,6,54,0,1105,40,,,,
2025-12-18T16:16:37.910610,1,103,5,1,B,5,6,54,0,1105,40,56,0,1101,30
2025-12-18T16:16:37.932323,1,103,1,5,A,6,7,54,0,1105,40,,,,
2025-12-18T16:16:37.932546,1,103,5,1,B,6,7,54,0,1105,40,,,,
2025-12-18T16:16:38.143179,1,104,1,12,A,0,1,32,0,1114,30,,,,
2025-12-18T16:16:38.146376,1,104,12,1,B,0,1,32,0,1114,30,67,12,77,10
2025-12-18T16:16:38.164250,1,104,1,12,A,1,2,32,0,1114,30,,,,
2025-12-18T16:16:38.164416,1,104,12,1,B,1,2,32,0,1114,30,,,,
2025-12-18T16:16:38.547458,1,105,1,13,A,0,1,32,0,1114,30,,,,
2025-12-18T16:16:38.584198,1,105,13,1,B,0,1,32,0,1114,30,87,85,144,20
2025-12-18T16:16:38.603986,1,105,1,13,A,1,2,32,0,1114,30,,,,
2025-12-18T16:16:38.604186,1,105,13,1,B,1,2,32,0,1114,30,73,0,1090,10
2025-12-18T16:16:38.626759,1,105,1,13,A,2,3,32,0,1114,30,,,,
2025-12-18T16:16:38.626969,1,105,13,1,B,2,3,32,0,1114,30,57,0,1111,40
2025-12-18T16:16:38.646952,1,105,1,13,A,3,4,32,0,1114,30,,,,
2025-12-18T16:16:38.647155,1,105,13,1,B,3,4,32,0,1114,30,3,0,1129,10
2025-12-18T16:16:38.669385,1,105,1,13,A,4,5,32,0,1114,30,,,,
2025-12-18T16:16:38.669553,1,105,13,1,B,4,5,32,0,1114,30,83,0,1113,10
2025-12-18T16:16:38.691231,1,105,1,13,A,5,6,32,0,1114,30,,,,
2025-12-18T16:16:38.691390,1,105,13,1,B,5,6,32,0,1114,30,10,0,1129,10
2025-12-18T16:16:38.715522,1,105,1,13,A,6,7,32,0,1114,30,,,,
2025-12-18T16:16:38.715708,1,105,13,1,B,6,7,32,0,1114,30,43,0,1129,10
2025-12-18T16:16:38.739335,1,105,1,13,A,7,8,32,0,1114,30,,,,
2025-12-18T16:16:38.739533,1,105,13,1,B,7,8,32,0,1114,30,87,85,144,20
2025-12-18T16:16:38.741483,1,105,1,13,A,8,9,32,0,1114,30,,,,
2025-12-18T16:16:38.741550,1,105,13,1,B,8,9,32,0,1114,30,,,,
2025-12-18T16:16:39.168599,1,106,1,0,A,0,1,32,0,1114,30,,,,
2025-12-18T16:16:39.211438,1,106,0,1,B,0,1,32,0,1114,30,76,203,260,10
2025-12-18T16:16:39.232268,1,106,1,0,A,1,2,32,0,1114,30,,,,
2025-12-18T16:16:39.232421,1,106,0,1,B,1,2,32,0,1114,30,93,0,1102,40
2025-12-18T16:16:39.252554,1,106,1,0,A,2,3,32,0,1114,30,,,,
2025-12-18T16:16:39.252719,1,106,0,1,B,2,3,32,0,1114,30,17,0,1112,20
2025-12-18T16:16:39.275474,1,106,1,0,A,3,4,32,0,1114,30,,,,
2025-12-18T16:16:39.275635,1,106,0,1,B,3,4,32,0,1114,30,76,203,260,10
2025-12-18T16:16:39.278004,1,106,1,0,A,4,5,32,0,1114,30,,,,
2025-12-18T16:16:39.278054,1,106,0,1,B,4,5,32,0,1114,30,33,0,1112,40
2025-12-18T16:16:39.298059,1,106,1,0,A,5,6,32,0,1114,30,,,,
2025-12-18T16:16:39.298265,1,106,0,1,B,5,6,32,0,1114,30,28,0,1128,20
2025-12-18T16:16:39.321134,1,106,1,0,A,6,7,32,0,1114,30,,,,
2025-12-18T16:16:39.321347,1,106,0,1,B,6,7,32,0,1114,30,1,0,1127,10
2025-12-18T16:16:39.344762,1,106,1,0,A,7,8,32,0,1114,30,,,,
2025-12-18T16:16:39.345021,1,106,0,1,B,7,8,32,0,1114,30,7,0,1130,20
2025-12-18T16:16:39.367508,1,106,1,0,A,8,9,32,0,1114,30,,,,
2025-12-18T16:16:39.367702,1,106,0,1,B,8,9,32,0,1114,30,,,,
2025-12-18T16:16:39.771720,1,107,1,11,A,0,1,32,0,1114,30,,,,
2025-12-18T16:16:39.817840,1,107,11,1,B,0,1,32,0,1114,30,25,169,224,40
2025-12-18T16:16:39.838309,1,107,1,11,A,1,2,32,0,1114,30,,,,
2025-12-18T16:16:39.838510,1,107,11,1,B,1,2,32,0,1114,30,38,479,522,30
2025-12-18T16:16:39.857742,1,107,1,11,A,2,3,32,0,1114,30,,,,
2025-12-18T16:16:39.857965,1,107,11,1,B,2,3,32,0,1114,30,80,0,1094,10
2025-12-18T16:16:39.880783,1,107,1,11,A,3,4,32,0,1114,30,,,,
2025-12-18T16:16:39.881007,1,107,11,1,B,3,4,32,0,1114,30,86,0,1119,10
2025-12-18T16:16:39.903071,1,107,1,11,A,4,5,32,0,1114,30,,,,
2025-12-18T16:16:39.903279,1,107,11,1,B,4,5,32,0,1114,30,31,0,1112,20
2025-12-18T16:16:39.925639,1,107,1,11,A,5,6,32,0,1114,30,,,,
2025-12-18T16:16:39.925820,1,107,11,1,B,5,6,32,0,1114,30,16,0,1105,40
2025-12-18T16:16:39.945969,1,107,1,11,A,6,7,32,0,1114,30,,,,
2025-12-18T16:16:39.946132,1,107,11,1,B,6,7,32,0,1114,30,25,169,224,40
2025-12-18T16:16:39.948492,1,107,1,11,A,7,8,32,0,1114,30,,,,
2025-12-18T16:16:39.948541,1,107,11,1,B,7,8,32,0,1114,30,38,479,522,30
2025-12-18T16:16:39.951083,1,107,1,11,A,8,9,32,0,1114,30,,,,
2025-12-18T16:16:39.951131,1,107,11,1,B,8,9,32,0,1114,30,19,0,1106,10
2025-12-18T16:16:39.974175,1,107,1,11,A,9,10,32,0,1114,30,,,,
2025-12-18T16:16:39.974343,1,107,11,1,B,9,10,32,0,1114,30,21,0,1135,20
2025-12-18T16:16:40.386004,1,108,1,2,A,0,1,32,0,1114,30,,,,
2025-12-18T16:16:40.433546,1,108,2,1,B,0,1,32,0,1114,30,84,458,523,20
2025-12-18T16:16:40.454802,1,108,1,2,A,1,2,32,0,1114,30,,,,
2025-12-18T16:16:40.454984,1,108,2,1,B,1,2,32,0,1114,30,88,0,1119,30
2025-12-18T16:16:40.476497,1,108,1,2,A,2,3,32,0,1114,30,,,,
2025-12-18T16:16:40.476668,1,108,2,1,B,2,3,32,0,1114,30,24,0,1131,10
2025-12-18T16:16:40.499034,1,108,1,2,A,3,4,32,0,1114,30,,,,
2025-12-18T16:16:40.499233,1,108,2,1,B,3,4,32,0,1114,30,78,0,1095,20
2025-12-18T16:16:40.521757,1,108,1,2,A,4,5,32,0,1114,30,,,,
2025-12-18T16:16:40.521995,1,108,2,1,B,4,5,32,0,1114,30,91,0,1123,10
2025-12-18T16:16:40.543506,1,108,1,2,A,5,6,32,0,1114,30,,,,
2025-12-18T16:16:40.543672,1,108,2,1,B,5,6,32,0,1114,30,84,458,523,20
2025-12-18T16:16:40.546294,1,108,1,2,A,6,7,32,0,1114,30,,,,
2025-12-18T16:16:40.546349,1,108,2,1,B,6,7,32,0,1114,30,60,0,1100,20
2025-12-18T16:16:40.567758,1,108,1,2,A,7,8,32,0,1114,30,,,,
2025-12-18T16:16:40.567965,1,108,2,1,B,7,8,32,0,1114,30,68,0,1125,10
2025-12-18T16:16:40.589788,1,108,1,2,A,8,9,32,0,1114,30,,,,
2025-12-18T16:16:40.589922,1,108,2,1,B,8,9,32,0,1114,30,51,0,1121,10
2025-12-18T16:16:40.611927,1,108,1,2,A,9,10,32,0,1114,30,,,,
2025-12-18T16:16:40.612084,1,108,2,1,B,9,10,32,0,1114,30,,,,
2025-12-18T16:16:41.047913,1,109,1,3,A,0,1,32,0,1114,30,,,,
2025-12-18T16:16:41.101209,1,109,3,1,B,0,1,32,0,1114,30,77,574,643,10
2025-12-18T16:16:41.123119,1,109,1,3,A,1,2,32,0,1114,30,,,,
2025-12-18T16:16:41.123351,1,109,3,1,B,1,2,32,0,1114,30,99,743,820,10
2025-12-18T16:16:41.143422,1,109,1,3,A,2,3,32,0,1114,30,,,,
2025-12-18T16:16:41.143628,1,109,3,1,B,2,3,32,0,1114,30,77,574,643,10
2025-12-18T16:16:41.146317,1,109,1,3,A,3,4,32,0,1114,30,,,,
2025-12-18T16:16:41.146369,1,109,3,1,B,3,4,32,0,1114,30,98,0,1115,20
2025-12-18T16:16:41.169278,1,109,1,3,A,4,5,32,0,1114,30,,,,
2025-12-18T16:16:41.169460,1,109,3,1,B,4,5,32,0,1114,30,5,0,1130,10
2025-12-18T16:16:41.192310,1,109,1,3,A,5,6,32,0,1114,30,,,,
2025-12-18T16:16:41.192472,1,109,3,1,B,5,6,32,0,1114,30,81,0,1098,30
2025-12-18T16:16:41.215151,1,109,1,3,A,6,7,32,0,1114,30,,,,
2025-12-18T16:16:41.215301,1,109,3,1,B,6,7,32,0,1114,30,99,743,820,10
2025-12-18T16:16:41.217915,1,109,1,3,A,7,8,32,0,1114,30,,,,
2025-12-18T16:16:41.217960,1,109,3,1,B,7,8,32,0,1114,30,42,0,1126,20
2025-12-18T16:16:41.240491,1,109,1,3,A,8,9,32,0,1114,30,,,,
2025-12-18T16:16:41.240727,1,109,3,1,B,8,9,32,0,1114,30,82,0,1110,20
2025-12-18T16:16:41.263016,1,109,1,3,A,9,10,32,0,1114,30,,,,
2025-12-18T16:16:41.263242,1,109,3,1,B,9,10,32,0,1114,30,66,0,1129,10
2025-12-18T16:16:41.659982,1,110,1,8,A,0,1,32,0,1114,30,,,,
2025-12-18T16:16:41.709415,1,110,8,1,B,0,1,32,0,1114,30,53,286,347,20
2025-12-18T16:16:41.730594,1,110,1,8,A,1,2,32,0,1114,30,,,,
2025-12-18T16:16:41.730794,1,110,8,1,B,1,2,32,0,1114,30,9,534,605,10
2025-12-18T16:16:41.750761,1,110,1,8,A,2,3,32,0,1114,30,,,,
2025-12-18T16:16:41.750940,1,110,8,1,B,2,3,32,0,1114,30,100,647,726,20
2025-12-18T16:16:41.770119,1,110,1,8,A,3,4,32,0,1114,30,,,,
2025-12-18T16:16:41.770273,1,110,8,1,B,3,4,32,0,1114,30,69,916,969,10
2025-12-18T16:16:41.790570,1,110,1,8,A,4,5,32,0,1114,30,,,,
2025-12-18T16:16:41.790784,1,110,8,1,B,4,5,32,0,1114,30,53,286,347,20
2025-12-18T16:16:41.793192,1,110,1,8,A,5,6,32,0,1114,30,,,,
2025-12-18T16:16:41.793241,1,110,8,1,B,5,6,32,0,1114,30,9,534,605,10
2025-12-18T16:16:41.795887,1,110,1,8,A,6,7,32,0,1114,30,,,,
2025-12-18T16:16:41.795953,1,110,8,1,B,6,7,32,0,1114,30,100,647,726,20
2025-12-18T16:16:41.798635,1,110,1,8,A,7,8,32,0,1114,30,,,,
2025-12-18T16:16:41.798696,1,110,8,1,B,7,8,32,0,1114,30,75,0,1130,20
2025-12-18T16:16:41.821075,1,110,1,8,A,8,9,32,0,1114,30,,,,
2025-12-18T16:16:41.821291,1,110,8,1,B,8,9,32,0,1114,30,69,916,969,10
2025-12-18T16:16:41.823917,1,110,1,8,A,9,10,32,0,1114,30,,,,
2025-12-18T16:16:41.823971,1,110,8,1,B,9,10,32,0,1114,30,63,0,1131,50
2025-12-18T16:16:42.055890,1,111,1,4,A,0,1,32,0,1114,30,,,,
2025-12-18T16:16:42.069226,1,111,4,1,B,0,1,32,0,1114,30,34,0,1113,20
2025-12-18T16:16:42.092607,1,111,1,4,A,1,2,32,0,1114,30,,,,
2025-12-18T16:16:42.092839,1,111,4,1,B,1,2,32,0,1114,30,89,0,1121,10
2025-12-18T16:16:42.115570,1,111,1,4,A,2,3,32,0,1114,30,,,,
2025-12-18T16:16:42.115774,1,111,4,1,B,2,3,32,0,1114,30,26,0,1130,10
2025-12-18T16:16:42.138561,1,111,1,4,A,3,4,32,0,1114,30,,,,
2025-12-18T16:16:42.138782,1,111,4,1,B,3,4,32,0,1114,30,15,384,429,40
2025-12-18T16:16:42.158916,1,111,1,4,A,4,5,32,0,1114,30,,,,
2025-12-18T16:16:42.159068,1,111,4,1,B,4,5,32,0,1114,30,,,,
2025-12-18T16:16:42.619408,1,112,1,10,A,0,1,32,0,1114,30,,,,
2025-12-18T16:16:42.675650,1,112,10,1,B,0,1,32,0,1114,30,55,95,158,10
2025-12-18T16:16:42.697985,1,112,1,10,A,1,2,32,0,1114,30,,,,
2025-12-18T16:16:42.698195,1,112,10,1,B,1,2,32,0,1114,30,92,368,441,20
2025-12-18T16:16:42.718998,1,112,1,10,A,2,3,32,0,1114,30,,,,
2025-12-18T16:16:42.719223,1,112,10,1,B,2,3,32,0,1114,30,71,0,1088,20
2025-12-18T16:16:42.741980,1,112,1,10,A,3,4,32,0,1114,30,,,,
2025-12-18T16:16:42.742184,1,112,10,1,B,3,4,32,0,1114,30,55,95,158,10
2025-12-18T16:16:42.744336,1,112,1,10,A,4,5,32,0,1114,30,,,,
2025-12-18T16:16:42.744383,1,112,10,1,B,4,5,32,0,1114,30,14,0,1106,10
2025-12-18T16:16:42.766341,1,112,1,10,A,5,6,32,0,1114,30,,,,
2025-12-18T16:16:42.766513,1,112,10,1,B,5,6,32,0,1114,30,92,368,441,20
2025-12-18T16:16:42.769221,1,112,1,10,A,6,7,32,0,1114,30,,,,
2025-12-18T16:16:42.769275,1,112,10,1,B,6,7,32,0,1114,30,22,0,1133,20
2025-12-18T16:16:42.791713,1,112,1,10,A,7,8,32,0,1114,30,,,,
2025-12-18T16:16:42.791957,1,112,10,1,B,7,8,32,0,1114,30,90,0,1125,10
2025-12-18T16:16:42.814178,1,112,1,10,A,8,9,32,0,1114,30,,,,
2025-12-18T16:16:42.814406,1,112,10,1,B,8,9,32,0,1114,30,2,0,1125,30
2025-12-18T16:16:42.836856,1,112,1,10,A,9,10,32,0,1114,30,,,,
2025-12-18T16:16:42.837013,1,112,10,1,B,9,10,32,0,1114,30,,,,
2025-12-18T16:16:43.058258,1,113,1,9,A,0,1,32,0,1114,30,,,,
2025-12-18T16:16:43.068422,1,113,9,1,B,0,1,32,0,1114,30,96,0,1109,10
2025-12-18T16:16:43.091288,1,113,1,9,A,1,2,32,0,1114,30,,,,
2025-12-18T16:16:43.091492,1,113,9,1,B,1,2,32,0,1114,30,62,262,317,20
2025-12-18T16:16:43.111403,1,113,1,9,A,2,3,32,0,1114,30,,,,
2025-12-18T16:16:43.111581,1,113,9,1,B,2,3,32,0,1114,30,40,0,1125,10
2025-12-18T16:16:43.133670,1,113,1,9,A,3,4,32,0,1114,30,,,,
2025-12-18T16:16:43.133896,1,113,9,1,B,3,4,32,0,1114,30,44,359,412,10
2025-12-18T16:16:43.154132,1,113,1,9,A,4,5,32,0,1114,30,,,,
2025-12-18T16:16:43.154333,1,113,9,1,B,4,5,32,0,1114,30,,,,
2025-12-18T16:16:43.411992,1,114,1,7,A,0,1,32,0,1114,30,,,,
2025-12-18T16:16:43.426800,1,114,7,1,B,0,1,32,0,1114,30,74,353,412,50
2025-12-18T16:16:43.447250,1,114,1,7,A,1,2,32,0,1114,30,,,,
2025-12-18T16:16:43.447368,1,114,7,1,B,1,2,32,0,1114,30,18,0,1110,20
2025-12-18T16:16:43.471238,1,114,1,7,A,2,3,32,0,1114,30,,,,
2025-12-18T16:16:43.471401,1,114,7,1,B,2,3,32,0,1114,30,29,0,1126,10
2025-12-18T16:16:43.493977,1,114,1,7,A,3,4,32,0,1114,30,,,,
2025-12-18T16:16:43.494196,1,114,7,1,B,3,4,32,0,1114,30,58,471,534,30
2025-12-18T16:16:43.513649,1,114,1,7,A,4,5,32,0,1114,30,,,,
2025-12-18T16:16:43.513809,1,114,7,1,B,4,5,32,0,1114,30,12,0,1107,20
2025-12-18T16:16:43.536745,1,114,1,7,A,5,6,32,0,1114,30,,,,
2025-12-18T16:16:43.536988,1,114,7,1,B,5,6,32,0,1114,30,,,,
2025-12-18T16:16:43.824903,1,115,1,6,A,0,1,32,0,1114,30,,,,
2025-12-18T16:16:43.845110,1,115,6,1,B,0,1,32,0,1114,30,13,30,92,30
2025-12-18T16:16:43.862990,1,115,1,6,A,1,2,32,0,1114,30,,,,
2025-12-18T16:16:43.863133,1,115,6,1,B,1,2,32,0,1114,30,94,0,1105,10
2025-12-18T16:16:43.885655,1,115,1,6,A,2,3,32,0,1114,30,,,,
2025-12-18T16:16:43.885813,1,115,6,1,B,2,3,32,0,1114,30,48,0,1122,10
2025-12-18T16:16:43.907936,1,115,1,6,A,3,4,32,0,1114,30,,,,
2025-12-18T16:16:43.908083,1,115,6,1,B,3,4,32,0,1114,30,13,30,92,30
2025-12-18T16:16:43.908909,1,115,1,6,A,4,5,32,0,1114,30,,,,
2025-12-18T16:16:43.908999,1,115,6,1,B,4,5,32,0,1114,30,65,0,1133,10
2025-12-18T16:16:43.931320,1,115,1,6,A,5,6,32,0,1114,30,,,,
2025-12-18T16:16:43.931493,1,115,6,1,B,5,6,32,0,1114,30,70,0,1087,30
2025-12-18T16:16:43.954209,1,115,1,6,A,6,7,32,0,1114,30,,,,
2025-12-18T16:16:43.954387,1,115,6,1,B,6,7,32,0,1114,30,23,732,777,10
2025-12-18T16:16:43.974605,1,115,1,6,A,7,8,32,0,1114,30,,,,
2025-12-18T16:16:43.974843,1,115,6,1,B,7,8,32,0,1114,30,,,,
2025-12-18T16:16:44.261112,1,116,1,5,A,0,1,32,0,1114,30,,,,
2025-12-18T16:16:44.281008,1,116,5,1,B,0,1,32,0,1114,30,11,448,505,10
2025-12-18T16:16:44.302534,1,116,1,5,A,1,2,32,0,1114,30,,,,
2025-12-18T16:16:44.302732,1,116,5,1,B,1,2,32,0,1114,30,79,668,731,10
2025-12-18T16:16:44.322753,1,116,1,5,A,2,3,32,0,1114,30,,,,
2025-12-18T16:16:44.322935,1,116,5,1,B,2,3,32,0,1114,30,36,0,1110,10
2025-12-18T16:16:44.345060,1,116,1,5,A,3,4,32,0,1114,30,,,,
2025-12-18T16:16:44.345246,1,116,5,1,B,3,4,32,0,1114,30,41,0,1127,10
2025-12-18T16:16:44.368466,1,116,1,5,A,4,5,32,0,1114,30,,,,
2025-12-18T16:16:44.368669,1,116,5,1,B,4,5,32,0,1114,30,50,0,1123,10
2025-12-18T16:16:44.391409,1,116,1,5,A,5,6,32,0,1114,30,,,,
2025-12-18T16:16:44.391637,1,116,5,1,B,5,6,32,0,1114,30,56,0,1101,30
2025-12-18T16:16:44.413999,1,116,1,5,A,6,7,32,0,1114,30,,,,
2025-12-18T16:16:44.414141,1,116,5,1,B,6,7,32,0,1114,30,,,,
2025-12-18T16:16:44.651556,1,117,2,12,A,0,1,88,0,1119,30,,,,
2025-12-18T16:16:44.654473,1,117,12,2,B,0,1,88,0,1119,30,67,12,77,10
2025-12-18T16:16:45.072823,1,118,2,13,A,0,1,88,0,1119,30,,,,
2025-12-18T16:16:45.113308,1,118,13,2,B,0,1,88,0,1119,30,87,85,144,20
2025-12-18T16:16:45.539576,1,119,2,8,A,0,1,88,0,1119,30,,,,
2025-12-18T16:16:45.587468,1,119,8,2,B,0,1,88,0,1119,30,53,286,347,20
2025-12-18T16:16:45.862183,1,120,2,9,A,0,1,88,0,1119,30,,,,
2025-12-18T16:16:45.872195,1,120,9,2,B,0,1,88,0,1119,30,96,0,1109,10
2025-12-18T16:16:46.185930,1,121,2,5,A,0,1,88,0,1119,30,,,,
2025-12-18T16:16:46.206562,1,121,5,2,B,0,1,88,0,1119,30,11,448,505,10
2025-12-18T16:16:46.639161,1,122,2,1,A,0,1,88,0,1119,30,,,,
2025-12-18T16:16:46.683821,1,122,1,2,B,0,1,88,0,1119,30,8,255,324,20
2025-12-18T16:16:46.925567,1,123,2,12,A,0,1,78,0,1095,20,,,,
2025-12-18T16:16:46.928397,1,123,12,2,B,0,1,78,0,1095,20,67,12,77,10
2025-12-18T16:16:47.338041,1,124,2,13,A,0,1,78,0,1095,20,,,,
2025-12-18T16:16:47.373785,1,124,13,2,B,0,1,78,0,1095,20,87,85,144,20
2025-12-18T16:16:47.800137,1,125,2,8,A,0,1,78,0,1095,20,,,,
2025-12-18T16:16:47.847758,1,125,8,2,B,0,1,78,0,1095,20,53,286,347,20
2025-12-18T16:16:48.117099,1,126,2,9,A,0,1,78,0,1095,20,,,,
2025-12-18T16:16:48.127343,1,126,9,2,B,0,1,78,0,1095,20,96,0,1109,10
2025-12-18T16:16:48.442371,1,127,2,5,A,0,1,78,0,1095,20,,,,
2025-12-18T16:16:48.463162,1,127,5,2,B,0,1,78,0,1095,20,11,448,505,10
2025-12-18T16:16:48.894319,1,128,2,1,A,0,1,78,0,1095,20,,,,
2025-12-18T16:16:48.938824,1,128,1,2,B,0,1,78,0,1095,20,8,255,324,20
2025-12-18T16:16:49.181920,1,129,2,12,A,0,1,91,0,1123,10,,,,
2025-12-18T16:16:49.185218,1,129,12,2,B,0,1,91,0,1123,10,67,12,77,10
2025-12-18T16:16:49.591174,1,130,2,13,A,0,1,91,0,1123,10,,,,
2025-12-18T16:16:49.627258,1,130,13,2,B,0,1,91,0,1123,10,87,85,144,20
2025-12-18T16:16:50.078215,1,131,2,0,A,0,1,91,0,1123,10,,,,
2025-12-18T16:16:50.123305,1,131,0,2,B,0,1,91,0,1123,10,76,203,260,10
2025-12-18T16:16:50.557423,1,132,2,11,A,0,1,91,0,1123,10,,,,
2025-12-18T16:16:50.599411,1,132,11,2,B,0,1,91,0,1123,10,25,169,224,40
2025-12-18T16:16:51.085407,1,133,2,3,A,0,1,91,0,1123,10,,,,
2025-12-18T16:16:51.141291,1,133,3,2,B,0,1,91,0,1123,10,77,574,643,10
2025-12-18T16:16:51.563865,1,134,2,8,A,0,1,91,0,1123,10,,,,
2025-12-18T16:16:51.611399,1,134,8,2,B,0,1,91,0,1123,10,53,286,347,20
2025-12-18T16:16:51.892697,1,135,2,4,A,0,1,91,0,1123,10,,,,
2025-12-18T16:16:51.905911,1,135,4,2,B,0,1,91,0,1123,10,34,0,1113,20
2025-12-18T16:16:52.390936,1,136,2,10,A,0,1,91,0,1123,10,,,,
2025-12-18T16:16:52.443470,1,136,10,2,B,0,1,91,0,1123,10,55,95,158,10
2025-12-18T16:16:52.711542,1,137,2,9,A,0,1,91,0,1123,10,,,,
2025-12-18T16:16:52.721489,1,137,9,2,B,0,1,91,0,1123,10,96,0,1109,10
2025-12-18T16:16:53.011396,1,138,2,7,A,0,1,91,0,1123,10,,,,
2025-12-18T16:16:53.025698,1,138,7,2,B,0,1,91,0,1123,10,74,353,412,50
2025-12-18T16:16:53.048052,1,138,2,7,A,1,2,91,0,1123,10,,,,
2025-12-18T16:16:53.048235,1,138,7,2,B,1,2,91,0,1123,10,18,0,1110,20
2025-12-18T16:16:53.368100,1,139,2,6,A,0,1,91,0,1123,10,,,,
2025-12-18T16:16:53.387072,1,139,6,2,B,0,1,91,0,1123,10,13,30,92,30
2025-12-18T16:16:53.700425,1,140,2,5,A,0,1,91,0,1123,10,,,,
2025-12-18T16:16:53.721136,1,140,5,2,B,0,1,91,0,1123,10,11,448,505,10
2025-12-18T16:16:54.156532,1,141,2,1,A,0,1,91,0,1123,10,,,,
2025-12-18T16:16:54.202010,1,141,1,2,B,0,1,91,0,1123,10,8,255,324,20
2025-12-18T16:16:54.616383,1,142,2,13,A,0,1,84,458,523,20,,,,
2025-12-18T16:16:54.649673,1,142,13,2,B,0,1,84,458,523,20,87,85,144,20
2025-12-18T16:16:54.890487,1,143,2,12,A,0,1,84,458,523,20,,,,
2025-12-18T16:16:54.890980,1,143,12,2,B,0,1,84,458,523,20,67,12,77,10
2025-12-18T16:16:55.372972,1,144,2,3,A,0,1,84,458,523,20,,,,
2025-12-18T16:16:55.422707,1,144,3,2,B,0,1,84,458,523,20,77,574,643,10
2025-12-18T16:16:55.849296,1,145,2,8,A,0,1,84,458,523,20,,,,
2025-12-18T16:16:55.891421,1,145,8,2,B,0,1,84,458,523,20,53,286,347,20
2025-12-18T16:16:56.379028,1,146,2,10,A,0,1,84,458,523,20,,,,
2025-12-18T16:16:56.429292,1,146,10,2,B,0,1,84,458,523,20,55,95,158,10
2025-12-18T16:16:56.719240,1,147,2,7,A,0,1,84,458,523,20,,,,
2025-12-18T16:16:56.731520,1,147,7,2,B,0,1,84,458,523,20,74,353,412,50
2025-12-18T16:16:56.753594,1,147,2,7,A,1,2,84,458,523,20,,,,
2025-12-18T16:16:56.753779,1,147,7,2,B,1,2,84,458,523,20,18,0,1110,20
2025-12-18T16:16:57.073121,1,148,2,6,A,0,1,84,458,523,20,,,,
2025-12-18T16:16:57.090257,1,148,6,2,B,0,1,84,458,523,20,13,30,92,30
2025-12-18T16:16:57.354620,1,149,2,9,A,0,1,84,458,523,20,,,,
2025-12-18T16:16:57.362574,1,149,9,2,B,0,1,84,458,523,20,96,0,1109,10
2025-12-18T16:16:57.631949,1,150,3,12,A,0,1,52,0,1124,10,,,,
2025-12-18T16:16:57.634976,1,150,12,3,B,0,1,52,0,1124,10,67,12,77,10
2025-12-18T16:16:58.069668,1,151,3,13,A,0,1,52,0,1124,10,,,,
2025-12-18T16:16:58.105418,1,151,13,3,B,0,1,52,0,1124,10,87,85,144,20
2025-12-18T16:16:58.582853,1,152,3,0,A,0,1,52,0,1124,10,,,,
2025-12-18T16:16:58.627153,1,152,0,3,B,0,1,52,0,1124,10,76,203,260,10
2025-12-18T16:16:59.089016,1,153,3,11,A,0,1,52,0,1124,10,,,,
2025-12-18T16:16:59.133434,1,153,11,3,B,0,1,52,0,1124,10,25,169,224,40
2025-12-18T16:16:59.157882,1,153,3,11,A,1,2,52,0,1124,10,,,,
2025-12-18T16:16:59.158091,1,153,11,3,B,1,2,52,0,1124,10,38,479,522,30
2025-12-18T16:16:59.640194,1,154,3,2,A,0,1,52,0,1124,10,,,,
2025-12-18T16:16:59.687599,1,154,2,3,B,0,1,52,0,1124,10,84,458,523,20
2025-12-18T16:17:00.145288,1,155,3,8,A,0,1,52,0,1124,10,,,,
2025-12-18T16:17:00.193007,1,155,8,3,B,0,1,52,0,1124,10,53,286,347,20
2025-12-18T16:17:00.498726,1,156,3,4,A,0,1,52,0,1124,10,,,,
2025-12-18T16:17:00.511935,1,156,4,3,B,0,1,52,0,1124,10,34,0,1113,20
2025-12-18T16:17:01.025330,1,157,3,10,A,0,1,52,0,1124,10,,,,
2025-12-18T16:17:01.077837,1,157,10,3,B,0,1,52,0,1124,10,55,95,158,10
2025-12-18T16:17:01.373138,1,158,3,9,A,0,1,52,0,1124,10,,,,
2025-12-18T16:17:01.383596,1,158,9,3,B,0,1,52,0,1124,10,96,0,1109,10
2025-12-18T16:17:01.700479,1,159,3,7,A,0,1,52,0,1124,10,,,,
2025-12-18T16:17:01.714806,1,159,7,3,B,0,1,52,0,1124,10,74,353,412,50
2025-12-18T16:17:01.736807,1,159,3,7,A,1,2,52,0,1124,10,,,,
2025-12-18T16:17:01.736990,1,159,7,3,B,1,2,52,0,1124,10,18,0,1110,20
2025-12-18T16:17:02.081129,1,160,3,6,A,0,1,52,0,1124,10,,,,
2025-12-18T16:17:02.101045,1,160,6,3,B,0,1,52,0,1124,10,13,30,92,30
2025-12-18T16:17:02.437865,1,161,3,5,A,0,1,52,0,1124,10,,,,
2025-12-18T16:17:02.458576,1,161,5,3,B,0,1,52,0,1124,10,11,448,505,10
2025-12-18T16:17:02.915997,1,162,3,1,A,0,1,52,0,1124,10,,,,
2025-12-18T16:17:02.960554,1,162,1,3,B,0,1,52,0,1124,10,8,255,324,20
2025-12-18T16:17:03.230034,1,163,3,12,A,0,1,81,0,1098,30,,,,
2025-12-18T16:17:03.233138,1,163,12,3,B,0,1,81,0,1098,30,67,12,77,10
2025-12-18T16:17:03.667431,1,164,3,13,A,0,1,81,0,1098,30,,,,
2025-12-18T16:17:03.703262,1,164,13,3,B,0,1,81,0,1098,30,87,85,144,20
2025-12-18T16:17:04.153765,1,165,3,8,A,0,1,81,0,1098,30,,,,
2025-12-18T16:17:04.201085,1,165,8,3,B,0,1,81,0,1098,30,53,286,347,20
2025-12-18T16:17:04.497242,1,166,3,9,A,0,1,81,0,1098,30,,,,
2025-12-18T16:17:04.507452,1,166,9,3,B,0,1,81,0,1098,30,96,0,1109,10
2025-12-18T16:17:04.850303,1,167,3,5,A,0,1,81,0,1098,30,,,,
2025-12-18T16:17:04.871060,1,167,5,3,B,0,1,81,0,1098,30,11,448,505,10
2025-12-18T16:17:05.328383,1,168,3,1,A,0,1,81,0,1098,30,,,,
2025-12-18T16:17:05.373223,1,168,1,3,B,0,1,81,0,1098,30,8,255,324,20
2025-12-18T16:17:05.639669,1,169,3,12,A,0,1,42,0,1126,20,,,,
2025-12-18T16:17:05.642511,1,169,12,3,B,0,1,42,0,1126,20,67,12,77,10
2025-12-18T16:17:06.077139,1,170,3,13,A,0,1,42,0,1126,20,,,,
2025-12-18T16:17:06.112933,1,170,13,3,B,0,1,42,0,1126,20,87,85,144,20
2025-12-18T16:17:06.588072,1,171,3,0,A,0,1,42,0,1126,20,,,,
2025-12-18T16:17:06.629807,1,171,0,3,B,0,1,42,0,1126,20,76,203,260,10
2025-12-18T16:17:07.091492,1,172,3,11,A,0,1,42,0,1126,20,,,,
2025-12-18T16:17:07.135919,1,172,11,3,B,0,1,42,0,1126,20,25,169,224,40
2025-12-18T16:17:07.159577,1,172,3,11,A,1,2,42,0,1126,20,,,,
2025-12-18T16:17:07.159777,1,172,11,3,B,1,2,42,0,1126,20,38,479,522,30
2025-12-18T16:17:07.642863,1,173,3,2,A,0,1,42,0,1126,20,,,,
2025-12-18T16:17:07.689641,1,173,2,3,B,0,1,42,0,1126,20,84,458,523,20
2025-12-18T16:17:08.142174,1,174,3,8,A,0,1,42,0,1126,20,,,,
2025-12-18T16:17:08.190471,1,174,8,3,B,0,1,42,0,1126,20,53,286,347,20
2025-12-18T16:17:08.495101,1,175,3,4,A,0,1,42,0,1126,20,,,,
2025-12-18T16:17:08.508083,1,175,4,3,B,0,1,42,0,1126,20,34,0,1113,20
2025-12-18T16:17:09.017487,1,176,3,10,A,0,1,42,0,1126,20,,,,
2025-12-18T16:17:09.070994,1,176,10,3,B,0,1,42,0,1126,20,55,95,158,10
2025-12-18T16:17:09.368664,1,177,3,9,A,0,1,42,0,1126,20,,,,
2025-12-18T16:17:09.378704,1,177,9,3,B,0,1,42,0,1126,20,96,0,1109,10
2025-12-18T16:17:09.694661,1,178,3,7,A,0,1,42,0,1126,20,,,,
2025-12-18T16:17:09.709071,1,178,7,3,B,0,1,42,0,1126,20,74,353,412,50
2025-12-18T16:17:09.731012,1,178,3,7,A,1,2,42,0,1126,20,,,,
2025-12-18T16:17:09.731197,1,178,7,3,B,1,2,42,0,1126,20,18,0,1110,20
2025-12-18T16:17:10.074167,1,179,3,6,A,0,1,42,0,1126,20,,,,
2025-12-18T16:17:10.093945,1,179,6,3,B,0,1,42,0,1126,20,13,30,92,30
2025-12-18T16:17:10.427475,1,180,3,5,A,0,1,42,0,1126,20,,,,
2025-12-18T16:17:10.448247,1,180,5,3,B,0,1,42,0,1126,20,11,448,505,10
2025-12-18T16:17:10.906716,1,181,3,1,A,0,1,42,0,1126,20,,,,
2025-12-18T16:17:10.951766,1,181,1,3,B,0,1,42,0,1126,20,8,255,324,20
2025-12-18T16:17:11.219614,1,182,3,12,A,0,1,66,0,1129,10,,,,
2025-12-18T16:17:11.222781,1,182,12,3,B,0,1,66,0,1129,10,67,12,77,10
2025-12-18T16:17:11.657616,1,183,3,13,A,0,1,66,0,1129,10,,,,
2025-12-18T16:17:11.693022,1,183,13,3,B,0,1,66,0,1129,10,87,85,144,20
2025-12-18T16:17:12.166251,1,184,3,0,A,0,1,66,0,1129,10,,,,
2025-12-18T16:17:12.210791,1,184,0,3,B,0,1,66,0,1129,10,76,203,260,10
2025-12-18T16:17:12.671641,1,185,3,11,A,0,1,66,0,1129,10,,,,
2025-12-18T16:17:12.713106,1,185,11,3,B,0,1,66,0,1129,10,25,169,224,40
2025-12-18T16:17:12.736701,1,185,3,11,A,1,2,66,0,1129,10,,,,
2025-12-18T16:17:12.736906,1,185,11,3,B,1,2,66,0,1129,10,38,479,522,30
2025-12-18T16:17:13.218109,1,186,3,2,A,0,1,66,0,1129,10,,,,
2025-12-18T16:17:13.265751,1,186,2,3,B,0,1,66,0,1129,10,84,458,523,20
2025-12-18T16:17:13.717460,1,187,3,8,A,0,1,66,0,1129,10,,,,
2025-12-18T16:17:13.764456,1,187,8,3,B,0,1,66,0,1129,10,53,286,347,20
2025-12-18T16:17:14.070019,1,188,3,4,A,0,1,66,0,1129,10,,,,
2025-12-18T16:17:14.082784,1,188,4,3,B,0,1,66,0,1129,10,34,0,1113,20
2025-12-18T16:17:14.592400,1,189,3,10,A,0,1,66,0,1129,10,,,,
2025-12-18T16:17:14.644814,1,189,10,3,B,0,1,66,0,1129,10,55,95,158,10
2025-12-18T16:17:14.936081,1,190,3,9,A,0,1,66,0,1129,10,,,,
2025-12-18T16:17:14.946518,1,190,9,3,B,0,1,66,0,1129,10,96,0,1109,10
2025-12-18T16:17:15.261131,1,191,3,7,A,0,1,66,0,1129,10,,,,
2025-12-18T16:17:15.275548,1,191,7,3,B,0,1,66,0,1129,10,74,353,412,50
2025-12-18T16:17:15.297986,1,191,3,7,A,1,2,66,0,1129,10,,,,
2025-12-18T16:17:15.298217,1,191,7,3,B,1,2,66,0,1129,10,18,0,1110,20
2025-12-18T16:17:15.640656,1,192,3,6,A,0,1,66,0,1129,10,,,,
2025-12-18T16:17:15.660408,1,192,6,3,B,0,1,66,0,1129,10,13,30,92,30
2025-12-18T16:17:15.999181,1,193,3,5,A,0,1,66,0,1129,10,,,,
2025-12-18T16:17:16.020303,1,193,5,3,B,0,1,66,0,1129,10,11,448,505,10
2025-12-18T16:17:16.464132,1,194,3,1,A,0,1,66,0,1129,10,,,,
2025-12-18T16:17:16.508320,1,194,1,3,B,0,1,66,0,1129,10,8,255,324,20
2025-12-18T16:17:16.774975,1,195,3,12,A,0,1,77,574,643,10,,,,
2025-12-18T16:17:16.775462,1,195,12,3,B,0,1,77,574,643,10,67,12,77,10
2025-12-18T16:17:17.256636,1,196,3,2,A,0,1,77,574,643,10,,,,
2025-12-18T16:17:17.301604,1,196,2,3,B,0,1,77,574,643,10,84,458,523,20
2025-12-18T16:17:17.606684,1,197,3,4,A,0,1,77,574,643,10,,,,
2025-12-18T16:17:17.617535,1,197,4,3,B,0,1,77,574,643,10,34,0,1113,20
2025-12-18T16:17:17.961372,1,198,3,6,A,0,1,77,574,643,10,,,,
2025-12-18T16:17:17.978713,1,198,6,3,B,0,1,77,574,643,10,13,30,92,30
2025-12-18T16:17:18.288744,1,199,3,7,A,0,1,77,574,643,10,,,,
2025-12-18T16:17:18.300743,1,199,7,3,B,0,1,77,574,643,10,74,353,412,50
2025-12-18T16:17:18.325003,1,199,3,7,A,1,2,77,574,643,10,,,,
2025-12-18T16:17:18.325193,1,199,7,3,B,1,2,77,574,643,10,18,0,1110,20
2025-12-18T16:17:18.667643,1,200,3,5,A,0,1,77,574,643,10,,,,
2025-12-18T16:17:18.686937,1,200,5,3,B,0,1,77,574,643,10,11,448,505,10
2025-12-18T16:17:18.980589,1,201,3,9,A,0,1,77,574,643,10,,,,
2025-12-18T16:17:18.988452,1,201,9,3,B,0,1,77,574,643,10,96,0,1109,10
2025-12-18T16:17:19.053787,1,202,4,12,A,0,1,89,0,1121,10,,,,
2025-12-18T16:17:19.056889,1,202,12,4,B,0,1,89,0,1121,10,67,12,77,10
2025-12-18T16:17:19.276383,1,203,4,13,A,0,1,89,0,1121,10,,,,
2025-12-18T16:17:19.312049,1,203,13,4,B,0,1,89,0,1121,10,87,85,144,20
2025-12-18T16:17:19.570274,1,204,4,0,A,0,1,89,0,1121,10,,,,
2025-12-18T16:17:19.614418,1,204,0,4,B,0,1,89,0,1121,10,76,203,260,10
2025-12-18T16:17:19.856593,1,205,4,11,A,0,1,89,0,1121,10,,,,
2025-12-18T16:17:19.898701,1,205,11,4,B,0,1,89,0,1121,10,25,169,224,40
2025-12-18T16:17:20.167050,1,206,4,2,A,0,1,89,0,1121,10,,,,
2025-12-18T16:17:20.213740,1,206,2,4,B,0,1,89,0,1121,10,84,458,523,20
2025-12-18T16:17:20.506350,1,207,4,3,A,0,1,89,0,1121,10,,,,
2025-12-18T16:17:20.562028,1,207,3,4,B,0,1,89,0,1121,10,77,574,643,10
2025-12-18T16:17:20.796864,1,208,4,8,A,0,1,89,0,1121,10,,,,
2025-12-18T16:17:20.844219,1,208,8,4,B,0,1,89,0,1121,10,53,286,347,20
2025-12-18T16:17:21.137642,1,209,4,10,A,0,1,89,0,1121,10,,,,
2025-12-18T16:17:21.189542,1,209,10,4,B,0,1,89,0,1121,10,55,95,158,10
2025-12-18T16:17:21.265640,1,210,4,9,A,0,1,89,0,1121,10,,,,
2025-12-18T16:17:21.275864,1,210,9,4,B,0,1,89,0,1121,10,96,0,1109,10
2025-12-18T16:17:21.374265,1,211,4,7,A,0,1,89,0,1121,10,,,,
2025-12-18T16:17:21.388514,1,211,7,4,B,0,1,89,0,1121,10,74,353,412,50
2025-12-18T16:17:21.512641,1,212,4,6,A,0,1,89,0,1121,10,,,,
2025-12-18T16:17:21.532705,1,212,6,4,B,0,1,89,0,1121,10,13,30,92,30
2025-12-18T16:17:21.655560,1,213,4,5,A,0,1,89,0,1121,10,,,,
2025-12-18T16:17:21.676198,1,213,5,4,B,0,1,89,0,1121,10,11,448,505,10
2025-12-18T16:17:21.916074,1,214,4,1,A,0,1,89,0,1121,10,,,,
2025-12-18T16:17:21.960590,1,214,1,4,B,0,1,89,0,1121,10,8,255,324,20
2025-12-18T16:17:22.045400,1,215,5,12,A,0,1,36,0,1110,10,,,,
2025-12-18T16:17:22.048600,1,215,12,5,B,0,1,36,0,1110,10,67,12,77,10
2025-12-18T16:17:22.306672,1,216,5,13,A,0,1,36,0,1110,10,,,,
2025-12-18T16:17:22.342670,1,216,13,5,B,0,1,36,0,1110,10,87,85,144,20
2025-12-18T16:17:22.639903,1,217,5,0,A,0,1,36,0,1110,10,,,,
2025-12-18T16:17:22.684202,1,217,0,5,B,0,1,36,0,1110,10,76,203,260,10
2025-12-18T16:17:22.966393,1,218,5,11,A,0,1,36,0,1110,10,,,,
2025-12-18T16:17:23.008312,1,218,11,5,B,0,1,36,0,1110,10,25,169,224,40
2025-12-18T16:17:23.316309,1,219,5,2,A,0,1,36,0,1110,10,,,,
2025-12-18T16:17:23.360841,1,219,2,5,B,0,1,36,0,1110,10,84,458,523,20
2025-12-18T16:17:23.692782,1,220,5,3,A,0,1,36,0,1110,10,,,,
2025-12-18T16:17:23.745324,1,220,3,5,B,0,1,36,0,1110,10,77,574,643,10
2025-12-18T16:17:24.016729,1,221,5,8,A,0,1,36,0,1110,10,,,,
2025-12-18T16:17:24.064130,1,221,8,5,B,0,1,36,0,1110,10,53,286,347,20
2025-12-18T16:17:24.191487,1,222,5,4,A,0,1,36,0,1110,10,,,,
2025-12-18T16:17:24.204714,1,222,4,5,B,0,1,36,0,1110,10,34,0,1113,20
2025-12-18T16:17:24.538357,1,223,5,10,A,0,1,36,0,1110,10,,,,
2025-12-18T16:17:24.590387,1,223,10,5,B,0,1,36,0,1110,10,55,95,158,10
2025-12-18T16:17:24.706056,1,224,5,9,A,0,1,36,0,1110,10,,,,
2025-12-18T16:17:24.716099,1,224,9,5,B,0,1,36,0,1110,10,96,0,1109,10
2025-12-18T16:17:24.852647,1,225,5,7,A,0,1,36,0,1110,10,,,,
2025-12-18T16:17:24.867860,1,225,7,5,B,0,1,36,0,1110,10,74,353,412,50
2025-12-18T16:17:25.029469,1,226,5,6,A,0,1,36,0,1110,10,,,,
2025-12-18T16:17:25.049112,1,226,6,5,B,0,1,36,0,1110,10,13,30,92,30
2025-12-18T16:17:25.326372,1,227,5,1,A,0,1,36,0,1110,10,,,,
2025-12-18T16:17:25.371086,1,227,1,5,B,0,1,36,0,1110,10,8,255,324,20
2025-12-18T16:17:25.632198,1,228,5,13,A,0,1,11,448,505,10,,,,
2025-12-18T16:17:25.665280,1,228,13,5,B,0,1,11,448,505,10,87,85,144,20
2025-12-18T16:17:25.753428,1,229,5,12,A,0,1,11,448,505,10,,,,
2025-12-18T16:17:25.753933,1,229,12,5,B,0,1,11,448,505,10,67,12,77,10
2025-12-18T16:17:26.063599,1,230,5,0,A,0,1,11,448,505,10,,,,
2025-12-18T16:17:26.105738,1,230,0,5,B,0,1,11,448,505,10,76,203,260,10
2025-12-18T16:17:26.387457,1,231,5,11,A,0,1,11,448,505,10,,,,
2025-12-18T16:17:26.429757,1,231,11,5,B,0,1,11,448,505,10,25,169,224,40
2025-12-18T16:17:26.759844,1,232,5,3,A,0,1,11,448,505,10,,,,
2025-12-18T16:17:26.809210,1,232,3,5,B,0,1,11,448,505,10,77,574,643,10
2025-12-18T16:17:26.936687,1,233,5,4,A,0,1,11,448,505,10,,,,
2025-12-18T16:17:26.947312,1,233,4,5,B,0,1,11,448,505,10,34,0,1113,20
2025-12-18T16:17:27.281033,1,234,5,10,A,0,1,11,448,505,10,,,,
2025-12-18T16:17:27.330879,1,234,10,5,B,0,1,11,448,505,10,55,95,158,10
2025-12-18T16:17:27.468431,1,235,5,7,A,0,1,11,448,505,10,,,,
2025-12-18T16:17:27.480497,1,235,7,5,B,0,1,11,448,505,10,74,353,412,50
2025-12-18T16:17:27.642975,1,236,5,6,A,0,1,11,448,505,10,,,,
2025-12-18T16:17:27.660414,1,236,6,5,B,0,1,11,448,505,10,13,30,92,30
2025-12-18T16:17:27.938047,1,237,5,1,A,0,1,11,448,505,10,,,,
2025-12-18T16:17:27.980285,1,237,1,5,B,0,1,11,448,505,10,8,255,324,20
2025-12-18T16:17:28.068586,1,238,5,12,A,0,1,79,668,731,10,,,,
2025-12-18T16:17:28.069065,1,238,12,5,B,0,1,79,668,731,10,67,12,77,10
2025-12-18T16:17:28.397515,1,239,5,3,A,0,1,79,668,731,10,,,,
2025-12-18T16:17:28.450135,1,239,3,5,B,0,1,79,668,731,10,77,574,643,10
2025-12-18T16:17:28.756970,1,240,5,2,A,0,1,79,668,731,10,,,,
2025-12-18T16:17:28.801344,1,240,2,5,B,0,1,79,668,731,10,84,458,523,20
2025-12-18T16:17:28.928710,1,241,5,4,A,0,1,79,668,731,10,,,,
2025-12-18T16:17:28.939638,1,241,4,5,B,0,1,79,668,731,10,34,0,1113,20
2025-12-18T16:17:29.104493,1,242,5,6,A,0,1,79,668,731,10,,,,
2025-12-18T16:17:29.121951,1,242,6,5,B,0,1,79,668,731,10,13,30,92,30
2025-12-18T16:17:29.256018,1,243,5,7,A,0,1,79,668,731,10,,,,
2025-12-18T16:17:29.267993,1,243,7,5,B,0,1,79,668,731,10,74,353,412,50
2025-12-18T16:17:29.380663,1,244,5,9,A,0,1,79,668,731,10,,,,
2025-12-18T16:17:29.388373,1,244,9,5,B,0,1,79,668,731,10,96,0,1109,10
2025-12-18T16:17:29.552441,1,245,6,5,A,0,1,70,0,1087,30,,,,
2025-12-18T16:17:29.573223,1,245,5,6,B,0,1,70,0,1087,30,11,448,505,10
2025-12-18T16:17:29.843830,1,246,6,8,A,0,1,70,0,1087,30,,,,
2025-12-18T16:17:29.892192,1,246,8,6,B,0,1,70,0,1087,30,53,286,347,20
2025-12-18T16:17:29.980679,1,247,6,12,A,0,1,70,0,1087,30,,,,
2025-12-18T16:17:29.983785,1,247,12,6,B,0,1,70,0,1087,30,67,12,77,10
2025-12-18T16:17:30.260512,1,248,6,1,A,0,1,70,0,1087,30,,,,
2025-12-18T16:17:30.305219,1,248,1,6,B,0,1,70,0,1087,30,8,255,324,20
2025-12-18T16:17:30.394069,1,249,6,12,A,0,1,94,0,1105,10,,,,
2025-12-18T16:17:30.397237,1,249,12,6,B,0,1,94,0,1105,10,67,12,77,10
2025-12-18T16:17:30.510193,1,250,6,9,A,0,1,94,0,1105,10,,,,
2025-12-18T16:17:30.520323,1,250,9,6,B,0,1,94,0,1105,10,96,0,1109,10
2025-12-18T16:17:30.781003,1,251,6,13,A,0,1,94,0,1105,10,,,,
2025-12-18T16:17:30.816893,1,251,13,6,B,0,1,94,0,1105,10,87,85,144,20
2025-12-18T16:17:30.903770,1,252,6,12,A,0,1,13,30,92,30,,,,
2025-12-18T16:17:30.904256,1,252,12,6,B,0,1,13,30,92,30,67,12,77,10
2025-12-18T16:17:31.163140,1,253,6,13,A,0,1,13,30,92,30,,,,
2025-12-18T16:17:31.184413,1,253,13,6,B,0,1,13,30,92,30,87,85,144,20
2025-12-18T16:17:31.479680,1,254,6,0,A,0,1,13,30,92,30,,,,
2025-12-18T16:17:31.504963,1,254,0,6,B,0,1,13,30,92,30,76,203,260,10
2025-12-18T16:17:31.783396,1,255,6,11,A,0,1,13,30,92,30,,,,
2025-12-18T16:17:31.805819,1,255,11,6,B,0,1,13,30,92,30,25,169,224,40
2025-12-18T16:17:32.112565,1,256,6,2,A,0,1,13,30,92,30,,,,
2025-12-18T16:17:32.136961,1,256,2,6,B,0,1,13,30,92,30,84,458,523,20
2025-12-18T16:17:32.467034,1,257,6,3,A,0,1,13,30,92,30,,,,
2025-12-18T16:17:32.492291,1,257,3,6,B,0,1,13,30,92,30,77,574,643,10
2025-12-18T16:17:32.616953,1,258,6,4,A,0,1,13,30,92,30,,,,
2025-12-18T16:17:32.625689,1,258,4,6,B,0,1,13,30,92,30,34,0,1113,20
2025-12-18T16:17:32.958605,1,259,6,10,A,0,1,13,30,92,30,,,,
2025-12-18T16:17:32.983508,1,259,10,6,B,0,1,13,30,92,30,55,95,158,10
2025-12-18T16:17:33.117525,1,260,6,7,A,0,1,13,30,92,30,,,,
2025-12-18T16:17:33.127210,1,260,7,6,B,0,1,13,30,92,30,74,353,412,50
2025-12-18T16:17:33.240879,1,261,6,9,A,0,1,13,30,92,30,,,,
2025-12-18T16:17:33.247226,1,261,9,6,B,0,1,13,30,92,30,96,0,1109,10
2025-12-18T16:17:33.480540,1,262,7,13,A,0,1,74,353,412,50,,,,
2025-12-18T16:17:33.514056,1,262,13,7,B,0,1,74,353,412,50,87,85,144,20
2025-12-18T16:17:33.570200,1,263,7,12,A,0,1,74,353,412,50,,,,
2025-12-18T16:17:33.570671,1,263,12,7,B,0,1,74,353,412,50,67,12,77,10
2025-12-18T16:17:33.835635,1,264,7,0,A,0,1,74,353,412,50,,,,
2025-12-18T16:17:33.877357,1,264,0,7,B,0,1,74,353,412,50,76,203,260,10
2025-12-18T16:17:34.128153,1,265,7,11,A,0,1,74,353,412,50,,,,
2025-12-18T16:17:34.167528,1,265,11,7,B,0,1,74,353,412,50,25,169,224,40
2025-12-18T16:17:34.442327,1,266,7,2,A,0,1,74,353,412,50,,,,
2025-12-18T16:17:34.486490,1,266,2,7,B,0,1,74,353,412,50,84,458,523,20
2025-12-18T16:17:34.785209,1,267,7,3,A,0,1,74,353,412,50,,,,
2025-12-18T16:17:34.835359,1,267,3,7,B,0,1,74,353,412,50,77,574,643,10
2025-12-18T16:17:35.076837,1,268,7,8,A,0,1,74,353,412,50,,,,
2025-12-18T16:17:35.120358,1,268,8,7,B,0,1,74,353,412,50,53,286,347,20
2025-12-18T16:17:35.217909,1,269,7,4,A,0,1,74,353,412,50,,,,
2025-12-18T16:17:35.228504,1,269,4,7,B,0,1,74,353,412,50,34,0,1113,20
2025-12-18T16:17:35.313428,1,270,7,9,A,0,1,74,353,412,50,,,,
2025-12-18T16:17:35.321301,1,270,9,7,B,0,1,74,353,412,50,96,0,1109,10
2025-12-18T16:17:35.626527,1,271,7,10,A,0,1,74,353,412,50,,,,
2025-12-18T16:17:35.677163,1,271,10,7,B,0,1,74,353,412,50,55,95,158,10
2025-12-18T16:17:35.812445,1,272,7,6,A,0,1,74,353,412,50,,,,
2025-12-18T16:17:35.829923,1,272,6,7,B,0,1,74,353,412,50,13,30,92,30
2025-12-18T16:17:35.961171,1,273,7,5,A,0,1,74,353,412,50,,,,
2025-12-18T16:17:35.978356,1,273,5,7,B,0,1,74,353,412,50,11,448,505,10
2025-12-18T16:17:36.225559,1,274,7,1,A,0,1,74,353,412,50,,,,
2025-12-18T16:17:36.267857,1,274,1,7,B,0,1,74,353,412,50,8,255,324,20
2025-12-18T16:17:36.326175,1,275,7,12,A,0,1,58,471,534,30,,,,
2025-12-18T16:17:36.326666,1,275,12,7,B,0,1,58,471,534,30,67,12,77,10
2025-12-18T16:17:36.592292,1,276,7,0,A,0,1,58,471,534,30,,,,
2025-12-18T16:17:36.634225,1,276,0,7,B,0,1,58,471,534,30,76,203,260,10
2025-12-18T16:17:36.885664,1,277,7,11,A,0,1,58,471,534,30,,,,
2025-12-18T16:17:36.925548,1,277,11,7,B,0,1,58,471,534,30,25,169,224,40
2025-12-18T16:17:37.201558,1,278,7,2,A,0,1,58,471,534,30,,,,
2025-12-18T16:17:37.246295,1,278,2,7,B,0,1,58,471,534,30,84,458,523,20
2025-12-18T16:17:37.548776,1,279,7,3,A,0,1,58,471,534,30,,,,
2025-12-18T16:17:37.598240,1,279,3,7,B,0,1,58,471,534,30,77,574,643,10
2025-12-18T16:17:37.838677,1,280,7,8,A,0,1,58,471,534,30,,,,
2025-12-18T16:17:37.880307,1,280,8,7,B,0,1,58,471,534,30,53,286,347,20
2025-12-18T16:17:37.965332,1,281,7,9,A,0,1,58,471,534,30,,,,
2025-12-18T16:17:37.972985,1,281,9,7,B,0,1,58,471,534,30,96,0,1109,10
2025-12-18T16:17:38.106829,1,282,7,5,A,0,1,58,471,534,30,,,,
2025-12-18T16:17:38.123776,1,282,5,7,B,0,1,58,471,534,30,11,448,505,10
2025-12-18T16:17:38.371448,1,283,7,1,A,0,1,58,471,534,30,,,,
2025-12-18T16:17:38.411599,1,283,1,7,B,0,1,58,471,534,30,8,255,324,20
2025-12-18T16:17:38.609138,1,284,8,12,A,0,1,59,0,1110,10,,,,
2025-12-18T16:17:38.612172,1,284,12,8,B,0,1,59,0,1110,10,67,12,77,10
2025-12-18T16:17:39.018860,1,285,8,0,A,0,1,59,0,1110,10,,,,
2025-12-18T16:17:39.064027,1,285,0,8,B,0,1,59,0,1110,10,76,203,260,10
2025-12-18T16:17:39.459686,1,286,8,11,A,0,1,59,0,1110,10,,,,
2025-12-18T16:17:39.501757,1,286,11,8,B,0,1,59,0,1110,10,25,169,224,40
2025-12-18T16:17:39.519110,1,286,8,11,A,1,2,59,0,1110,10,,,,
2025-12-18T16:17:39.519321,1,286,11,8,B,1,2,59,0,1110,10,38,479,522,30
2025-12-18T16:17:39.938859,1,287,8,2,A,0,1,59,0,1110,10,,,,
2025-12-18T16:17:39.986591,1,287,2,8,B,0,1,59,0,1110,10,84,458,523,20
2025-12-18T16:17:40.435133,1,288,8,3,A,0,1,59,0,1110,10,,,,
2025-12-18T16:17:40.487591,1,288,3,8,B,0,1,59,0,1110,10,77,574,643,10
2025-12-18T16:17:40.730427,1,289,8,4,A,0,1,59,0,1110,10,,,,
2025-12-18T16:17:40.743490,1,289,4,8,B,0,1,59,0,1110,10,34,0,1113,20
2025-12-18T16:17:41.191431,1,290,8,10,A,0,1,59,0,1110,10,,,,
2025-12-18T16:17:41.243961,1,290,10,8,B,0,1,59,0,1110,10,55,95,158,10
2025-12-18T16:17:41.493313,1,291,8,7,A,0,1,59,0,1110,10,,,,
2025-12-18T16:17:41.507283,1,291,7,8,B,0,1,59,0,1110,10,74,353,412,50
2025-12-18T16:17:41.524591,1,291,8,7,A,1,2,59,0,1110,10,,,,
2025-12-18T16:17:41.524736,1,291,7,8,B,1,2,59,0,1110,10,18,0,1110,20
2025-12-18T16:17:41.804845,1,292,8,5,A,0,1,59,0,1110,10,,,,
2025-12-18T16:17:41.824487,1,292,5,8,B,0,1,59,0,1110,10,11,448,505,10
2025-12-18T16:17:42.215949,1,293,8,1,A,0,1,59,0,1110,10,,,,
2025-12-18T16:17:42.260885,1,293,1,8,B,0,1,59,0,1110,10,8,255,324,20
2025-12-18T16:17:42.463522,1,294,8,12,A,0,1,47,0,1127,10,,,,
2025-12-18T16:17:42.466211,1,294,12,8,B,0,1,47,0,1127,10,67,12,77,10
2025-12-18T16:17:42.838670,1,295,8,13,A,0,1,47,0,1127,10,,,,
2025-12-18T16:17:42.874304,1,295,13,8,B,0,1,47,0,1127,10,87,85,144,20
2025-12-18T16:17:43.285363,1,296,8,0,A,0,1,47,0,1127,10,,,,
2025-12-18T16:17:43.330425,1,296,0,8,B,0,1,47,0,1127,10,76,203,260,10
2025-12-18T16:17:43.726818,1,297,8,11,A,0,1,47,0,1127,10,,,,
2025-12-18T16:17:43.771911,1,297,11,8,B,0,1,47,0,1127,10,25,169,224,40
2025-12-18T16:17:43.790186,1,297,8,11,A,1,2,47,0,1127,10,,,,
2025-12-18T16:17:43.790370,1,297,11,8,B,1,2,47,0,1127,10,38,479,522,30
2025-12-18T16:17:44.209814,1,298,8,2,A,0,1,47,0,1127,10,,,,
2025-12-18T16:17:44.256945,1,298,2,8,B,0,1,47,0,1127,10,84,458,523,20
2025-12-18T16:17:44.704849,1,299,8,3,A,0,1,47,0,1127,10,,,,
2025-12-18T16:17:44.757396,1,299,3,8,B,0,1,47,0,1127,10,77,574,643,10
2025-12-18T16:17:44.998405,1,300,8,4,A,0,1,47,0,1127,10,,,,
2025-12-18T16:17:45.012007,1,300,4,8,B,0,1,47,0,1127,10,34,0,1113,20
2025-12-18T16:17:45.458703,1,301,8,10,A,0,1,47,0,1127,10,,,,
2025-12-18T16:17:45.511023,1,301,10,8,B,0,1,47,0,1127,10,55,95,158,10
2025-12-18T16:17:45.739574,1,302,8,9,A,0,1,47,0,1127,10,,,,
2025-12-18T16:17:45.749544,1,302,9,8,B,0,1,47,0,1127,10,96,0,1109,10
2025-12-18T16:17:46.001256,1,303,8,7,A,0,1,47,0,1127,10,,,,
2025-12-18T16:17:46.015719,1,303,7,8,B,0,1,47,0,1127,10,74,353,412,50
2025-12-18T16:17:46.032719,1,303,8,7,A,1,2,47,0,1127,10,,,,
2025-12-18T16:17:46.032908,1,303,7,8,B,1,2,47,0,1127,10,18,0,1110,20
2025-12-18T16:17:46.312529,1,304,8,6,A,0,1,47,0,1127,10,,,,
2025-12-18T16:17:46.332095,1,304,6,8,B,0,1,47,0,1127,10,13,30,92,30
2025-12-18T16:17:46.606243,1,305,8,5,A,0,1,47,0,1127,10,,,,
2025-12-18T16:17:46.626720,1,305,5,8,B,0,1,47,0,1127,10,11,448,505,10
2025-12-18T16:17:47.020629,1,306,8,1,A,0,1,47,0,1127,10,,,,
2025-12-18T16:17:47.065373,1,306,1,8,B,0,1,47,0,1127,10,8,255,324,20
2025-12-18T16:17:47.267462,1,307,8,12,A,0,1,75,0,1130,20,,,,
2025-12-18T16:17:47.270590,1,307,12,8,B,0,1,75,0,1130,20,67,12,77,10
2025-12-18T16:17:47.640785,1,308,8,13,A,0,1,75,0,1130,20,,,,
2025-12-18T16:17:47.677099,1,308,13,8,B,0,1,75,0,1130,20,87,85,144,20
2025-12-18T16:17:48.090072,1,309,8,0,A,0,1,75,0,1130,20,,,,
2025-12-18T16:17:48.132308,1,309,0,8,B,0,1,75,0,1130,20,76,203,260,10
2025-12-18T16:17:48.527657,1,310,8,11,A,0,1,75,0,1130,20,,,,
2025-12-18T16:17:48.571803,1,310,11,8,B,0,1,75,0,1130,20,25,169,224,40
2025-12-18T16:17:48.590044,1,310,8,11,A,1,2,75,0,1130,20,,,,
2025-12-18T16:17:48.590237,1,310,11,8,B,1,2,75,0,1130,20,38,479,522,30
2025-12-18T16:17:49.009758,1,311,8,2,A,0,1,75,0,1130,20,,,,
2025-12-18T16:17:49.056600,1,311,2,8,B,0,1,75,0,1130,20,84,458,523,20
2025-12-18T16:17:49.503145,1,312,8,3,A,0,1,75,0,1130,20,,,,
2025-12-18T16:17:49.555582,1,312,3,8,B,0,1,75,0,1130,20,77,574,643,10
2025-12-18T16:17:49.798577,1,313,8,4,A,0,1,75,0,1130,20,,,,
2025-12-18T16:17:49.811954,1,313,4,8,B,0,1,75,0,1130,20,34,0,1113,20
2025-12-18T16:17:50.260026,1,314,8,10,A,0,1,75,0,1130,20,,,,
2025-12-18T16:17:50.311465,1,314,10,8,B,0,1,75,0,1130,20,55,95,158,10
2025-12-18T16:17:50.547391,1,315,8,7,A,0,1,75,0,1130,20,,,,
2025-12-18T16:17:50.560620,1,315,7,8,B,0,1,75,0,1130,20,74,353,412,50
2025-12-18T16:17:50.578662,1,315,8,7,A,1,2,75,0,1130,20,,,,
2025-12-18T16:17:50.578885,1,315,7,8,B,1,2,75,0,1130,20,18,0,1110,20
2025-12-18T16:17:50.855177,1,316,8,6,A,0,1,75,0,1130,20,,,,
2025-12-18T16:17:50.875102,1,316,6,8,B,0,1,75,0,1130,20,13,30,92,30
2025-12-18T16:17:51.084622,1,317,8,9,A,0,1,75,0,1130,20,,,,
2025-12-18T16:17:51.094819,1,317,9,8,B,0,1,75,0,1130,20,96,0,1109,10
2025-12-18T16:17:51.475148,1,318,8,13,A,0,1,53,286,347,20,,,,
2025-12-18T16:17:51.508762,1,318,13,8,B,0,1,53,286,347,20,87,85,144,20
2025-12-18T16:17:51.711716,1,319,8,12,A,0,1,53,286,347,20,,,,
2025-12-18T16:17:51.712220,1,319,12,8,B,0,1,53,286,347,20,67,12,77,10
2025-12-18T16:17:52.105048,1,320,8,11,A,0,1,53,286,347,20,,,,
2025-12-18T16:17:52.144830,1,320,11,8,B,0,1,53,286,347,20,25,169,224,40
2025-12-18T16:17:52.163487,1,320,8,11,A,1,2,53,286,347,20,,,,
2025-12-18T16:17:52.163696,1,320,11,8,B,1,2,53,286,347,20,38,479,522,30
2025-12-18T16:17:52.559833,1,321,8,0,A,0,1,53,286,347,20,,,,
2025-12-18T16:17:52.602310,1,321,0,8,B,0,1,53,286,347,20,76,203,260,10
2025-12-18T16:17:53.022083,1,322,8,2,A,0,1,53,286,347,20,,,,
2025-12-18T16:17:53.067582,1,322,2,8,B,0,1,53,286,347,20,84,458,523,20
2025-12-18T16:17:53.517824,1,323,8,3,A,0,1,53,286,347,20,,,,
2025-12-18T16:17:53.567806,1,323,3,8,B,0,1,53,286,347,20,77,574,643,10
2025-12-18T16:17:53.810578,1,324,8,4,A,0,1,53,286,347,20,,,,
2025-12-18T16:17:53.821312,1,324,4,8,B,0,1,53,286,347,20,34,0,1113,20
2025-12-18T16:17:54.269763,1,325,8,10,A,0,1,53,286,347,20,,,,
2025-12-18T16:17:54.319661,1,325,10,8,B,0,1,53,286,347,20,55,95,158,10
2025-12-18T16:17:54.597488,1,326,8,6,A,0,1,53,286,347,20,,,,
2025-12-18T16:17:54.614757,1,326,6,8,B,0,1,53,286,347,20,13,30,92,30
2025-12-18T16:17:54.889468,1,327,8,5,A,0,1,53,286,347,20,,,,
2025-12-18T16:17:54.906791,1,327,5,8,B,0,1,53,286,347,20,11,448,505,10
2025-12-18T16:17:55.134660,1,328,8,9,A,0,1,53,286,347,20,,,,
2025-12-18T16:17:55.142404,1,328,9,8,B,0,1,53,286,347,20,96,0,1109,10
2025-12-18T16:17:55.345741,1,329,8,12,A,0,1,9,534,605,10,,,,
2025-12-18T16:17:55.346233,1,329,12,8,B,0,1,9,534,605,10,67,12,77,10
2025-12-18T16:17:55.754654,1,330,8,0,A,0,1,9,534,605,10,,,,
2025-12-18T16:17:55.796616,1,330,0,8,B,0,1,9,534,605,10,76,203,260,10
2025-12-18T16:17:56.195642,1,331,8,11,A,0,1,9,534,605,10,,,,
2025-12-18T16:17:56.238141,1,331,11,8,B,0,1,9,534,605,10,25,169,224,40
2025-12-18T16:17:56.256354,1,331,8,11,A,1,2,9,534,605,10,,,,
2025-12-18T16:17:56.256526,1,331,11,8,B,1,2,9,534,605,10,38,479,522,30
2025-12-18T16:17:56.674386,1,332,8,2,A,0,1,9,534,605,10,,,,
2025-12-18T16:17:56.719058,1,332,2,8,B,0,1,9,534,605,10,84,458,523,20
2025-12-18T16:17:57.165125,1,333,8,10,A,0,1,9,534,605,10,,,,
2025-12-18T16:17:57.214902,1,333,10,8,B,0,1,9,534,605,10,55,95,158,10
2025-12-18T16:17:57.445589,1,334,8,9,A,0,1,9,534,605,10,,,,
2025-12-18T16:17:57.453449,1,334,9,8,B,0,1,9,534,605,10,96,0,1109,10
2025-12-18T16:17:57.731932,1,335,8,6,A,0,1,9,534,605,10,,,,
2025-12-18T16:17:57.748716,1,335,6,8,B,0,1,9,534,605,10,13,30,92,30
2025-12-18T16:17:58.139235,1,336,8,1,A,0,1,9,534,605,10,,,,
2025-12-18T16:17:58.182750,1,336,1,8,B,0,1,9,534,605,10,8,255,324,20
2025-12-18T16:17:58.386273,1,337,8,12,A,0,1,100,647,726,20,,,,
2025-12-18T16:17:58.386741,1,337,12,8,B,0,1,100,647,726,20,67,12,77,10
2025-12-18T16:17:58.797778,1,338,8,0,A,0,1,100,647,726,20,,,,
2025-12-18T16:17:58.840383,1,338,0,8,B,0,1,100,647,726,20,76,203,260,10
2025-12-18T16:17:59.236402,1,339,8,11,A,0,1,100,647,726,20,,,,
2025-12-18T16:17:59.276127,1,339,11,8,B,0,1,100,647,726,20,25,169,224,40
2025-12-18T16:17:59.294650,1,339,8,11,A,1,2,100,647,726,20,,,,
2025-12-18T16:17:59.294869,1,339,11,8,B,1,2,100,647,726,20,38,479,522,30
2025-12-18T16:17:59.715328,1,340,8,2,A,0,1,100,647,726,20,,,,
2025-12-18T16:17:59.759823,1,340,2,8,B,0,1,100,647,726,20,84,458,523,20
2025-12-18T16:18:00.210410,1,341,8,10,A,0,1,100,647,726,20,,,,
2025-12-18T16:18:00.260975,1,341,10,8,B,0,1,100,647,726,20,55,95,158,10
2025-12-18T16:18:00.504330,1,342,8,4,A,0,1,100,647,726,20,,,,
2025-12-18T16:18:00.514767,1,342,4,8,B,0,1,100,647,726,20,34,0,1113,20
2025-12-18T16:18:00.745871,1,343,8,9,A,0,1,100,647,726,20,,,,
2025-12-18T16:18:00.753582,1,343,9,8,B,0,1,100,647,726,20,96,0,1109,10
2025-12-18T16:18:01.034841,1,344,8,6,A,0,1,100,647,726,20,,,,
2025-12-18T16:18:01.052529,1,344,6,8,B,0,1,100,647,726,20,13,30,92,30
2025-12-18T16:18:01.444884,1,345,8,1,A,0,1,100,647,726,20,,,,
2025-12-18T16:18:01.487521,1,345,1,8,B,0,1,100,647,726,20,8,255,324,20
2025-12-18T16:18:01.533635,1,346,9,12,A,0,1,96,0,1109,10,,,,
2025-12-18T16:18:01.536676,1,346,12,9,B,0,1,96,0,1109,10,67,12,77,10
2025-12-18T16:18:01.739802,1,347,9,13,A,0,1,96,0,1109,10,,,,
2025-12-18T16:18:01.775956,1,347,13,9,B,0,1,96,0,1109,10,87,85,144,20
2025-12-18T16:18:02.020069,1,348,9,0,A,0,1,96,0,1109,10,,,,
2025-12-18T16:18:02.064586,1,348,0,9,B,0,1,96,0,1109,10,76,203,260,10
2025-12-18T16:18:02.291131,1,349,9,11,A,0,1,96,0,1109,10,,,,
2025-12-18T16:18:02.333343,1,349,11,9,B,0,1,96,0,1109,10,25,169,224,40
2025-12-18T16:18:02.584515,1,350,9,2,A,0,1,96,0,1109,10,,,,
2025-12-18T16:18:02.631997,1,350,2,9,B,0,1,96,0,1109,10,84,458,523,20
2025-12-18T16:18:02.910214,1,351,9,3,A,0,1,96,0,1109,10,,,,
2025-12-18T16:18:02.965618,1,351,3,9,B,0,1,96,0,1109,10,77,574,643,10
2025-12-18T16:18:03.039624,1,352,9,4,A,0,1,96,0,1109,10,,,,
2025-12-18T16:18:03.053099,1,352,4,9,B,0,1,96,0,1109,10,34,0,1113,20
2025-12-18T16:18:03.330921,1,353,9,10,A,0,1,96,0,1109,10,,,,
2025-12-18T16:18:03.383346,1,353,10,9,B,0,1,96,0,1109,10,55,95,158,10
2025-12-18T16:18:03.466124,1,354,9,7,A,0,1,96,0,1109,10,,,,
2025-12-18T16:18:03.480752,1,354,7,9,B,0,1,96,0,1109,10,74,353,412,50
2025-12-18T16:18:03.603449,1,355,9,6,A,0,1,96,0,1109,10,,,,
2025-12-18T16:18:03.623353,1,355,6,9,B,0,1,96,0,1109,10,13,30,92,30
2025-12-18T16:18:03.871871,1,356,10,12,A,0,1,71,0,1088,20,,,,
2025-12-18T16:18:03.874967,1,356,12,10,B,0,1,71,0,1088,20,67,12,77,10
2025-12-18T16:18:04.313579,1,357,10,13,A,0,1,71,0,1088,20,,,,
2025-12-18T16:18:04.349243,1,357,13,10,B,0,1,71,0,1088,20,87,85,144,20
2025-12-18T16:18:04.799459,1,358,10,8,A,0,1,71,0,1088,20,,,,
2025-12-18T16:18:04.846662,1,358,8,10,B,0,1,71,0,1088,20,53,286,347,20
2025-12-18T16:18:05.142272,1,359,10,9,A,0,1,71,0,1088,20,,,,
2025-12-18T16:18:05.152368,1,359,9,10,B,0,1,71,0,1088,20,96,0,1109,10
2025-12-18T16:18:05.494914,1,360,10,5,A,0,1,71,0,1088,20,,,,
2025-12-18T16:18:05.515205,1,360,5,10,B,0,1,71,0,1088,20,11,448,505,10
2025-12-18T16:18:05.974926,1,361,10,1,A,0,1,71,0,1088,20,,,,
2025-12-18T16:18:06.019945,1,361,1,10,B,0,1,71,0,1088,20,8,255,324,20
2025-12-18T16:18:06.287801,1,362,10,12,A,0,1,14,0,1106,10,,,,
2025-12-18T16:18:06.290920,1,362,12,10,B,0,1,14,0,1106,10,67,12,77,10
2025-12-18T16:18:06.727257,1,363,10,13,A,0,1,14,0,1106,10,,,,
2025-12-18T16:18:06.763949,1,363,13,10,B,0,1,14,0,1106,10,87,85,144,20
2025-12-18T16:18:07.239633,1,364,10,0,A,0,1,14,0,1106,10,,,,
2025-12-18T16:18:07.283906,1,364,0,10,B,0,1,14,0,1106,10,76,203,260,10
2025-12-18T16:18:07.742589,1,365,10,11,A,0,1,14,0,1106,10,,,,
2025-12-18T16:18:07.784778,1,365,11,10,B,0,1,14,0,1106,10,25,169,224,40
2025-12-18T16:18:08.267739,1,366,10,2,A,0,1,14,0,1106,10,,,,
2025-12-18T16:18:08.312460,1,366,2,10,B,0,1,14,0,1106,10,84,458,523,20
2025-12-18T16:18:08.820720,1,367,10,3,A,0,1,14,0,1106,10,,,,
2025-12-18T16:18:08.873207,1,367,3,10,B,0,1,14,0,1106,10,77,574,643,10
2025-12-18T16:18:09.182725,1,368,10,4,A,0,1,14,0,1106,10,,,,
2025-12-18T16:18:09.195771,1,368,4,10,B,0,1,14,0,1106,10,34,0,1113,20
2025-12-18T16:18:09.514018,1,369,10,7,A,0,1,14,0,1106,10,,,,
2025-12-18T16:18:09.528665,1,369,7,10,B,0,1,14,0,1106,10,74,353,412,50
2025-12-18T16:18:09.871629,1,370,10,6,A,0,1,14,0,1106,10,,,,
2025-12-18T16:18:09.891206,1,370,6,10,B,0,1,14,0,1106,10,13,30,92,30
2025-12-18T16:18:10.180476,1,371,10,9,A,0,1,14,0,1106,10,,,,
2025-12-18T16:18:10.190468,1,371,9,10,B,0,1,14,0,1106,10,96,0,1109,10
2025-12-18T16:18:10.460484,1,372,10,12,A,0,1,2,0,1125,30,,,,
2025-12-18T16:18:10.463714,1,372,12,10,B,0,1,2,0,1125,30,67,12,77,10
2025-12-18T16:18:10.900968,1,373,10,13,A,0,1,2,0,1125,30,,,,
2025-12-18T16:18:10.936764,1,373,13,10,B,0,1,2,0,1125,30,87,85,144,20
2025-12-18T16:18:11.413341,1,374,10,0,A,0,1,2,0,1125,30,,,,
2025-12-18T16:18:11.455482,1,374,0,10,B,0,1,2,0,1125,30,76,203,260,10
2025-12-18T16:18:11.916116,1,375,10,11,A,0,1,2,0,1125,30,,,,
2025-12-18T16:18:11.957561,1,375,11,10,B,0,1,2,0,1125,30,25,169,224,40
2025-12-18T16:18:12.444084,1,376,10,2,A,0,1,2,0,1125,30,,,,
2025-12-18T16:18:12.488948,1,376,2,10,B,0,1,2,0,1125,30,84,458,523,20
2025-12-18T16:18:13.002100,1,377,10,3,A,0,1,2,0,1125,30,,,,
2025-12-18T16:18:13.054335,1,377,3,10,B,0,1,2,0,1125,30,77,574,643,10
2025-12-18T16:18:13.360986,1,378,10,4,A,0,1,2,0,1125,30,,,,
2025-12-18T16:18:13.374183,1,378,4,10,B,0,1,2,0,1125,30,34,0,1113,20
2025-12-18T16:18:13.690520,1,379,10,7,A,0,1,2,0,1125,30,,,,
2025-12-18T16:18:13.705107,1,379,7,10,B,0,1,2,0,1125,30,74,353,412,50
2025-12-18T16:18:14.045829,1,380,10,6,A,0,1,2,0,1125,30,,,,
2025-12-18T16:18:14.065732,1,380,6,10,B,0,1,2,0,1125,30,13,30,92,30
2025-12-18T16:18:14.355242,1,381,10,9,A,0,1,2,0,1125,30,,,,
2025-12-18T16:18:14.365366,1,381,9,10,B,0,1,2,0,1125,30,96,0,1109,10
2025-12-18T16:18:14.635764,1,382,10,12,A,0,1,90,0,1125,10,,,,
2025-12-18T16:18:14.638993,1,382,12,10,B,0,1,90,0,1125,10,67,12,77,10
2025-12-18T16:18:15.074205,1,383,10,13,A,0,1,90,0,1125,10,,,,
2025-12-18T16:18:15.109992,1,383,13,10,B,0,1,90,0,1125,10,87,85,144,20
2025-12-18T16:18:15.583954,1,384,10,0,A,0,1,90,0,1125,10,,,,
2025-12-18T16:18:15.628426,1,384,0,10,B,0,1,90,0,1125,10,76,203,260,10
2025-12-18T16:18:16.090862,1,385,10,11,A,0,1,90,0,1125,10,,,,
2025-12-18T16:18:16.133047,1,385,11,10,B,0,1,90,0,1125,10,25,169,224,40
2025-12-18T16:18:16.616702,1,386,10,2,A,0,1,90,0,1125,10,,,,
2025-12-18T16:18:16.663733,1,386,2,10,B,0,1,90,0,1125,10,84,458,523,20
2025-12-18T16:18:17.172273,1,387,10,3,A,0,1,90,0,1125,10,,,,
2025-12-18T16:18:17.227351,1,387,3,10,B,0,1,90,0,1125,10,77,574,643,10
2025-12-18T16:18:17.679593,1,388,10,8,A,0,1,90,0,1125,10,,,,
2025-12-18T16:18:17.726794,1,388,8,10,B,0,1,90,0,1125,10,53,286,347,20
2025-12-18T16:18:18.033673,1,389,10,4,A,0,1,90,0,1125,10,,,,
2025-12-18T16:18:18.046911,1,389,4,10,B,0,1,90,0,1125,10,34,0,1113,20
2025-12-18T16:18:18.338733,1,390,10,9,A,0,1,90,0,1125,10,,,,
2025-12-18T16:18:18.348959,1,390,9,10,B,0,1,90,0,1125,10,96,0,1109,10
2025-12-18T16:18:18.663473,1,391,10,7,A,0,1,90,0,1125,10,,,,
2025-12-18T16:18:18.677983,1,391,7,10,B,0,1,90,0,1125,10,74,353,412,50
2025-12-18T16:18:19.021218,1,392,10,6,A,0,1,90,0,1125,10,,,,
2025-12-18T16:18:19.040774,1,392,6,10,B,0,1,90,0,1125,10,13,30,92,30
2025-12-18T16:18:19.379766,1,393,10,5,A,0,1,90,0,1125,10,,,,
2025-12-18T16:18:19.400714,1,393,5,10,B,0,1,90,0,1125,10,11,448,505,10
2025-12-18T16:18:19.857640,1,394,10,1,A,0,1,90,0,1125,10,,,,
2025-12-18T16:18:19.901999,1,394,1,10,B,0,1,90,0,1125,10,8,255,324,20
2025-12-18T16:18:20.170839,1,395,10,12,A,0,1,55,95,158,10,,,,
2025-12-18T16:18:20.171309,1,395,12,10,B,0,1,55,95,158,10,67,12,77,10
2025-12-18T16:18:20.642579,1,396,10,0,A,0,1,55,95,158,10,,,,
2025-12-18T16:18:20.682488,1,396,0,10,B,0,1,55,95,158,10,76,203,260,10
2025-12-18T16:18:21.142536,1,397,10,11,A,0,1,55,95,158,10,,,,
2025-12-18T16:18:21.174339,1,397,11,10,B,0,1,55,95,158,10,25,169,224,40
2025-12-18T16:18:21.660692,1,398,10,2,A,0,1,55,95,158,10,,,,
2025-12-18T16:18:21.705402,1,398,2,10,B,0,1,55,95,158,10,84,458,523,20
2025-12-18T16:18:22.215050,1,399,10,3,A,0,1,55,95,158,10,,,,
2025-12-18T16:18:22.264896,1,399,3,10,B,0,1,55,95,158,10,77,574,643,10
2025-12-18T16:18:22.707111,1,400,10,8,A,0,1,55,95,158,10,,,,
2025-12-18T16:18:22.746426,1,400,8,10,B,0,1,55,95,158,10,53,286,347,20
2025-12-18T16:18:23.051651,1,401,10,4,A,0,1,55,95,158,10,,,,
2025-12-18T16:18:23.062084,1,401,4,10,B,0,1,55,95,158,10,34,0,1113,20
2025-12-18T16:18:23.378078,1,402,10,7,A,0,1,55,95,158,10,,,,
2025-12-18T16:18:23.389595,1,402,7,10,B,0,1,55,95,158,10,74,353,412,50
2025-12-18T16:18:23.733791,1,403,10,5,A,0,1,55,95,158,10,,,,
2025-12-18T16:18:23.751073,1,403,5,10,B,0,1,55,95,158,10,11,448,505,10
2025-12-18T16:18:24.208852,1,404,10,1,A,0,1,55,95,158,10,,,,
2025-12-18T16:18:24.246166,1,404,1,10,B,0,1,55,95,158,10,8,255,324,20
2025-12-18T16:18:24.686997,1,405,10,13,A,0,1,92,368,441,20,,,,
2025-12-18T16:18:24.720690,1,405,13,10,B,0,1,92,368,441,20,87,85,144,20
2025-12-18T16:18:24.989263,1,406,10,12,A,0,1,92,368,441,20,,,,
2025-12-18T16:18:24.989767,1,406,12,10,B,0,1,92,368,441,20,67,12,77,10
2025-12-18T16:18:25.500133,1,407,10,3,A,0,1,92,368,441,20,,,,
2025-12-18T16:18:25.550463,1,407,3,10,B,0,1,92,368,441,20,77,574,643,10
2025-12-18T16:18:25.895379,1,408,10,6,A,0,1,92,368,441,20,,,,
2025-12-18T16:18:25.913069,1,408,6,10,B,0,1,92,368,441,20,13,30,92,30
2025-12-18T16:18:26.227428,1,409,10,7,A,0,1,92,368,441,20,,,,
2025-12-18T16:18:26.239337,1,409,7,10,B,0,1,92,368,441,20,74,353,412,50
2025-12-18T16:18:26.531607,1,410,11,5,A,0,1,80,0,1094,10,,,,
2025-12-18T16:18:26.552491,1,410,5,11,B,0,1,80,0,1094,10,11,448,505,10
2025-12-18T16:18:26.951783,1,411,11,8,A,0,1,80,0,1094,10,,,,
2025-12-18T16:18:26.999595,1,411,8,11,B,0,1,80,0,1094,10,53,286,347,20
2025-12-18T16:18:27.020224,1,411,11,8,A,1,2,80,0,1094,10,,,,
2025-12-18T16:18:27.020427,1,411,8,11,B,1,2,80,0,1094,10,9,534,605,10
2025-12-18T16:18:27.234418,1,412,11,12,A,0,1,80,0,1094,10,,,,
2025-12-18T16:18:27.237344,1,412,12,11,B,0,1,80,0,1094,10,67,12,77,10
2025-12-18T16:18:27.641725,1,413,11,1,A,0,1,80,0,1094,10,,,,
2025-12-18T16:18:27.686289,1,413,1,11,B,0,1,80,0,1094,10,8,255,324,20
2025-12-18T16:18:27.707772,1,413,11,1,A,1,2,80,0,1094,10,,,,
2025-12-18T16:18:27.707984,1,413,1,11,B,1,2,80,0,1094,10,4,727,782,10
2025-12-18T16:18:27.921203,1,414,11,12,A,0,1,86,0,1119,10,,,,
2025-12-18T16:18:27.924228,1,414,12,11,B,0,1,86,0,1119,10,67,12,77,10
2025-12-18T16:18:28.307500,1,415,11,13,A,0,1,86,0,1119,10,,,,
2025-12-18T16:18:28.343270,1,415,13,11,B,0,1,86,0,1119,10,87,85,144,20
2025-12-18T16:18:28.363411,1,415,11,13,A,1,2,86,0,1119,10,,,,
2025-12-18T16:18:28.363608,1,415,13,11,B,1,2,86,0,1119,10,73,0,1090,10
2025-12-18T16:18:28.763358,1,416,11,8,A,0,1,86,0,1119,10,,,,
2025-12-18T16:18:28.811066,1,416,8,11,B,0,1,86,0,1119,10,53,286,347,20
2025-12-18T16:18:28.832322,1,416,11,8,A,1,2,86,0,1119,10,,,,
2025-12-18T16:18:28.832530,1,416,8,11,B,1,2,86,0,1119,10,9,534,605,10
2025-12-18T16:18:29.072985,1,417,11,9,A,0,1,86,0,1119,10,,,,
2025-12-18T16:18:29.083082,1,417,9,11,B,0,1,86,0,1119,10,96,0,1109,10
2025-12-18T16:18:29.374675,1,418,11,5,A,0,1,86,0,1119,10,,,,
2025-12-18T16:18:29.395334,1,418,5,11,B,0,1,86,0,1119,10,11,448,505,10
2025-12-18T16:18:29.802774,1,419,11,1,A,0,1,86,0,1119,10,,,,
2025-12-18T16:18:29.847413,1,419,1,11,B,0,1,86,0,1119,10,8,255,324,20
2025-12-18T16:18:29.868933,1,419,11,1,A,1,2,86,0,1119,10,,,,
2025-12-18T16:18:29.869119,1,419,1,11,B,1,2,86,0,1119,10,4,727,782,10
2025-12-18T16:18:30.081341,1,420,11,12,A,0,1,16,0,1105,40,,,,
2025-12-18T16:18:30.084432,1,420,12,11,B,0,1,16,0,1105,40,67,12,77,10
2025-12-18T16:18:30.468928,1,421,11,13,A,0,1,16,0,1105,40,,,,
2025-12-18T16:18:30.504271,1,421,13,11,B,0,1,16,0,1105,40,87,85,144,20
2025-12-18T16:18:30.523847,1,421,11,13,A,1,2,16,0,1105,40,,,,
2025-12-18T16:18:30.524025,1,421,13,11,B,1,2,16,0,1105,40,73,0,1090,10
2025-12-18T16:18:30.948212,1,422,11,0,A,0,1,16,0,1105,40,,,,
2025-12-18T16:18:30.990247,1,422,0,11,B,0,1,16,0,1105,40,76,203,260,10
2025-12-18T16:18:31.420481,1,423,11,2,A,0,1,16,0,1105,40,,,,
2025-12-18T16:18:31.465141,1,423,2,11,B,0,1,16,0,1105,40,84,458,523,20
2025-12-18T16:18:31.485262,1,423,11,2,A,1,2,16,0,1105,40,,,,
2025-12-18T16:18:31.485469,1,423,2,11,B,1,2,16,0,1105,40,88,0,1119,30
2025-12-18T16:18:31.507272,1,423,11,2,A,2,3,16,0,1105,40,,,,
2025-12-18T16:18:31.507467,1,423,2,11,B,2,3,16,0,1105,40,24,0,1131,10
2025-12-18T16:18:31.967924,1,424,11,3,A,0,1,16,0,1105,40,,,,
2025-12-18T16:18:32.020495,1,424,3,11,B,0,1,16,0,1105,40,77,574,643,10
2025-12-18T16:18:32.275532,1,425,11,4,A,0,1,16,0,1105,40,,,,
2025-12-18T16:18:32.288787,1,425,4,11,B,0,1,16,0,1105,40,34,0,1113,20
2025-12-18T16:18:32.311816,1,425,11,4,A,1,2,16,0,1105,40,,,,
2025-12-18T16:18:32.312006,1,425,4,11,B,1,2,16,0,1105,40,89,0,1121,10
2025-12-18T16:18:32.768613,1,426,11,10,A,0,1,16,0,1105,40,,,,
2025-12-18T16:18:32.820837,1,426,10,11,B,0,1,16,0,1105,40,55,95,158,10
2025-12-18T16:18:33.081046,1,427,11,7,A,0,1,16,0,1105,40,,,,
2025-12-18T16:18:33.095653,1,427,7,11,B,0,1,16,0,1105,40,74,353,412,50
2025-12-18T16:18:33.114925,1,427,11,7,A,1,2,16,0,1105,40,,,,
2025-12-18T16:18:33.115095,1,427,7,11,B,1,2,16,0,1105,40,18,0,1110,20
2025-12-18T16:18:33.136777,1,427,11,7,A,2,3,16,0,1105,40,,,,
2025-12-18T16:18:33.136934,1,427,7,11,B,2,3,16,0,1105,40,29,0,1126,10
2025-12-18T16:18:33.428066,1,428,11,6,A,0,1,16,0,1105,40,,,,
2025-12-18T16:18:33.447798,1,428,6,11,B,0,1,16,0,1105,40,13,30,92,30
2025-12-18T16:18:33.465587,1,428,11,6,A,1,2,16,0,1105,40,,,,
2025-12-18T16:18:33.465772,1,428,6,11,B,1,2,16,0,1105,40,94,0,1105,10
2025-12-18T16:18:33.706600,1,429,11,9,A,0,1,16,0,1105,40,,,,
2025-12-18T16:18:33.716852,1,429,9,11,B,0,1,16,0,1105,40,96,0,1109,10
2025-12-18T16:18:33.933276,1,430,11,12,A,0,1,19,0,1106,10,,,,
2025-12-18T16:18:33.936284,1,430,12,11,B,0,1,19,0,1106,10,67,12,77,10
2025-12-18T16:18:34.321057,1,431,11,13,A,0,1,19,0,1106,10,,,,
2025-12-18T16:18:34.357274,1,431,13,11,B,0,1,19,0,1106,10,87,85,144,20
2025-12-18T16:18:34.375433,1,431,11,13,A,1,2,19,0,1106,10,,,,
2025-12-18T16:18:34.375617,1,431,13,11,B,1,2,19,0,1106,10,73,0,1090,10
2025-12-18T16:18:34.800147,1,432,11,0,A,0,1,19,0,1106,10,,,,
2025-12-18T16:18:34.845075,1,432,0,11,B,0,1,19,0,1106,10,76,203,260,10
2025-12-18T16:18:35.279097,1,433,11,2,A,0,1,19,0,1106,10,,,,
2025-12-18T16:18:35.326075,1,433,2,11,B,0,1,19,0,1106,10,84,458,523,20
2025-12-18T16:18:35.347029,1,433,11,2,A,1,2,19,0,1106,10,,,,
2025-12-18T16:18:35.347210,1,433,2,11,B,1,2,19,0,1106,10,88,0,1119,30
2025-12-18T16:18:35.368525,1,433,11,2,A,2,3,19,0,1106,10,,,,
2025-12-18T16:18:35.368706,1,433,2,11,B,2,3,19,0,1106,10,24,0,1131,10
2025-12-18T16:18:35.829227,1,434,11,3,A,0,1,19,0,1106,10,,,,
2025-12-18T16:18:35.881987,1,434,3,11,B,0,1,19,0,1106,10,77,574,643,10
2025-12-18T16:18:36.135202,1,435,11,4,A,0,1,19,0,1106,10,,,,
2025-12-18T16:18:36.148368,1,435,4,11,B,0,1,19,0,1106,10,34,0,1113,20
2025-12-18T16:18:36.170639,1,435,11,4,A,1,2,19,0,1106,10,,,,
2025-12-18T16:18:36.170835,1,435,4,11,B,1,2,19,0,1106,10,89,0,1121,10
2025-12-18T16:18:36.628799,1,436,11,10,A,0,1,19,0,1106,10,,,,
2025-12-18T16:18:36.680968,1,436,10,11,B,0,1,19,0,1106,10,55,95,158,10
2025-12-18T16:18:36.944537,1,437,11,7,A,0,1,19,0,1106,10,,,,
2025-12-18T16:18:36.959189,1,437,7,11,B,0,1,19,0,1106,10,74,353,412,50
2025-12-18T16:18:36.978694,1,437,11,7,A,1,2,19,0,1106,10,,,,
2025-12-18T16:18:36.978875,1,437,7,11,B,1,2,19,0,1106,10,18,0,1110,20
2025-12-18T16:18:37.000745,1,437,11,7,A,2,3,19,0,1106,10,,,,
2025-12-18T16:18:37.000933,1,437,7,11,B,2,3,19,0,1106,10,29,0,1126,10
2025-12-18T16:18:37.292906,1,438,11,6,A,0,1,19,0,1106,10,,,,
2025-12-18T16:18:37.312559,1,438,6,11,B,0,1,19,0,1106,10,13,30,92,30
2025-12-18T16:18:37.330129,1,438,11,6,A,1,2,19,0,1106,10,,,,
2025-12-18T16:18:37.330278,1,438,6,11,B,1,2,19,0,1106,10,94,0,1105,10
2025-12-18T16:18:37.571328,1,439,11,9,A,0,1,19,0,1106,10,,,,
2025-12-18T16:18:37.581339,1,439,9,11,B,0,1,19,0,1106,10,96,0,1109,10
2025-12-18T16:18:37.794741,1,440,12,1,A,0,1,67,12,77,10,,,,
2025-12-18T16:18:37.817100,1,440,1,12,B,0,1,67,12,77,10,8,255,324,20
2025-12-18T16:18:37.817559,1,440,12,1,A,1,2,67,12,77,10,,,,
2025-12-18T16:18:37.817615,1,440,1,12,B,1,2,67,12,77,10,4,727,782,10
2025-12-18T16:18:37.818075,1,440,12,1,A,2,3,67,12,77,10,,,,
2025-12-18T16:18:37.818157,1,440,1,12,B,2,3,67,12,77,10,49,0,1126,10
2025-12-18T16:18:37.897646,1,441,12,5,A,0,1,67,12,77,10,,,,
2025-12-18T16:18:37.910429,1,441,5,12,B,0,1,67,12,77,10,11,448,505,10
2025-12-18T16:18:37.910923,1,441,12,5,A,1,2,67,12,77,10,,,,
2025-12-18T16:18:37.911000,1,441,5,12,B,1,2,67,12,77,10,79,668,731,10
2025-12-18T16:18:37.911412,1,441,12,5,A,2,3,67,12,77,10,,,,
2025-12-18T16:18:37.911517,1,441,5,12,B,2,3,67,12,77,10,36,0,1110,10
2025-12-18T16:18:38.098542,1,442,12,8,A,0,1,67,12,77,10,,,,
2025-12-18T16:18:38.119412,1,442,8,12,B,0,1,67,12,77,10,53,286,347,20
2025-12-18T16:18:38.119900,1,442,12,8,A,1,2,67,12,77,10,,,,
2025-12-18T16:18:38.119957,1,442,8,12,B,1,2,67,12,77,10,9,534,605,10
2025-12-18T16:18:38.120280,1,442,12,8,A,2,3,67,12,77,10,,,,
2025-12-18T16:18:38.120333,1,442,8,12,B,2,3,67,12,77,10,100,647,726,20
2025-12-18T16:18:38.120649,1,442,12,8,A,3,4,67,12,77,10,,,,
2025-12-18T16:18:38.120697,1,442,8,12,B,3,4,67,12,77,10,69,916,969,10
2025-12-18T16:18:38.121010,1,442,12,8,A,4,5,67,12,77,10,,,,
2025-12-18T16:18:38.121051,1,442,8,12,B,4,5,67,12,77,10,53,286,347,20
2025-12-18T16:18:38.121197,1,442,12,8,A,5,6,67,12,77,10,,,,
2025-12-18T16:18:38.121236,1,442,8,12,B,5,6,67,12,77,10,9,534,605,10
2025-12-18T16:18:38.121381,1,442,12,8,A,6,7,67,12,77,10,,,,
2025-12-18T16:18:38.121418,1,442,8,12,B,6,7,67,12,77,10,75,0,1130,20
2025-12-18T16:18:38.329249,1,443,12,0,A,0,1,67,12,77,10,,,,
2025-12-18T16:18:38.354364,1,443,0,12,B,0,1,67,12,77,10,76,203,260,10
2025-12-18T16:18:38.354838,1,443,12,0,A,1,2,67,12,77,10,,,,
2025-12-18T16:18:38.354908,1,443,0,12,B,1,2,67,12,77,10,93,0,1102,40
2025-12-18T16:18:38.574620,1,444,12,2,A,0,1,67,12,77,10,,,,
2025-12-18T16:18:38.599801,1,444,2,12,B,0,1,67,12,77,10,84,458,523,20
2025-12-18T16:18:38.600281,1,444,12,2,A,1,2,67,12,77,10,,,,
2025-12-18T16:18:38.600341,1,444,2,12,B,1,2,67,12,77,10,88,0,1119,30
2025-12-18T16:18:38.845690,1,445,12,3,A,0,1,67,12,77,10,,,,
2025-12-18T16:18:38.871277,1,445,3,12,B,0,1,67,12,77,10,77,574,643,10
2025-12-18T16:18:38.871803,1,445,12,3,A,1,2,67,12,77,10,,,,
2025-12-18T16:18:38.871890,1,445,3,12,B,1,2,67,12,77,10,99,743,820,10
2025-12-18T16:18:38.872218,1,445,12,3,A,2,3,67,12,77,10,,,,
2025-12-18T16:18:38.872264,1,445,3,12,B,2,3,67,12,77,10,77,574,643,10
2025-12-18T16:18:38.872416,1,445,12,3,A,3,4,67,12,77,10,,,,
2025-12-18T16:18:38.872460,1,445,3,12,B,3,4,67,12,77,10,98,0,1115,20
2025-12-18T16:18:38.914623,1,446,12,4,A,0,1,67,12,77,10,,,,
2025-12-18T16:18:38.923159,1,446,4,12,B,0,1,67,12,77,10,34,0,1113,20
2025-12-18T16:18:38.974709,1,447,12,7,A,0,1,67,12,77,10,,,,
2025-12-18T16:18:38.984110,1,447,7,12,B,0,1,67,12,77,10,74,353,412,50
2025-12-18T16:18:38.984583,1,447,12,7,A,1,2,67,12,77,10,,,,
2025-12-18T16:18:38.984643,1,447,7,12,B,1,2,67,12,77,10,18,0,1110,20
2025-12-18T16:18:39.232554,1,448,12,10,A,0,1,67,12,77,10,,,,
2025-12-18T16:18:39.258091,1,448,10,12,B,0,1,67,12,77,10,55,95,158,10
2025-12-18T16:18:39.258609,1,448,12,10,A,1,2,67,12,77,10,,,,
2025-12-18T16:18:39.258666,1,448,10,12,B,1,2,67,12,77,10,92,368,441,20
2025-12-18T16:18:39.258989,1,448,12,10,A,2,3,67,12,77,10,,,,
2025-12-18T16:18:39.259033,1,448,10,12,B,2,3,67,12,77,10,71,0,1088,20
2025-12-18T16:18:39.454117,1,449,12,11,A,0,1,67,12,77,10,,,,
2025-12-18T16:18:39.476454,1,449,11,12,B,0,1,67,12,77,10,25,169,224,40
2025-12-18T16:18:39.476921,1,449,12,11,A,1,2,67,12,77,10,,,,
2025-12-18T16:18:39.476995,1,449,11,12,B,1,2,67,12,77,10,38,479,522,30
2025-12-18T16:18:39.477317,1,449,12,11,A,2,3,67,12,77,10,,,,
2025-12-18T16:18:39.477360,1,449,11,12,B,2,3,67,12,77,10,80,0,1094,10
2025-12-18T16:18:39.556894,1,450,12,6,A,0,1,67,12,77,10,,,,
2025-12-18T16:18:39.569278,1,450,6,12,B,0,1,67,12,77,10,13,30,92,30
2025-12-18T16:18:39.569720,1,450,12,6,A,1,2,67,12,77,10,,,,
2025-12-18T16:18:39.569779,1,450,6,12,B,1,2,67,12,77,10,94,0,1105,10
2025-12-18T16:18:39.599513,1,451,12,9,A,0,1,67,12,77,10,,,,
2025-12-18T16:18:39.605760,1,451,9,12,B,0,1,67,12,77,10,96,0,1109,10
2025-12-18T16:18:39.779257,1,452,12,13,A,0,1,67,12,77,10,,,,
2025-12-18T16:18:39.800499,1,452,13,12,B,0,1,67,12,77,10,87,85,144,20
2025-12-18T16:18:39.800990,1,452,12,13,A,1,2,67,12,77,10,,,,
2025-12-18T16:18:39.801061,1,452,13,12,B,1,2,67,12,77,10,73,0,1090,10
2025-12-18T16:18:40.051517,1,453,13,5,A,0,1,73,0,1090,10,,,,
2025-12-18T16:18:40.072267,1,453,5,13,B,0,1,73,0,1090,10,11,448,505,10
2025-12-18T16:18:40.446814,1,454,13,8,A,0,1,73,0,1090,10,,,,
2025-12-18T16:18:40.494022,1,454,8,13,B,0,1,73,0,1090,10,53,286,347,20
2025-12-18T16:18:40.687554,1,455,13,12,A,0,1,73,0,1090,10,,,,
2025-12-18T16:18:40.690484,1,455,12,13,B,0,1,73,0,1090,10,67,12,77,10
2025-12-18T16:18:41.072626,1,456,13,1,A,0,1,73,0,1090,10,,,,
2025-12-18T16:18:41.117140,1,456,1,13,B,0,1,73,0,1090,10,8,255,324,20
2025-12-18T16:18:41.310271,1,457,13,12,A,0,1,3,0,1129,10,,,,
2025-12-18T16:18:41.313341,1,457,12,13,B,0,1,3,0,1129,10,67,12,77,10
2025-12-18T16:18:41.713850,1,458,13,0,A,0,1,3,0,1129,10,,,,
2025-12-18T16:18:41.758863,1,458,0,13,B,0,1,3,0,1129,10,76,203,260,10
2025-12-18T16:18:42.145481,1,459,13,11,A,0,1,3,0,1129,10,,,,
2025-12-18T16:18:42.189731,1,459,11,13,B,0,1,3,0,1129,10,25,169,224,40
2025-12-18T16:18:42.598187,1,460,13,2,A,0,1,3,0,1129,10,,,,
2025-12-18T16:18:42.645858,1,460,2,13,B,0,1,3,0,1129,10,84,458,523,20
2025-12-18T16:18:43.082018,1,461,13,3,A,0,1,3,0,1129,10,,,,
2025-12-18T16:18:43.134140,1,461,3,13,B,0,1,3,0,1129,10,77,574,643,10
2025-12-18T16:18:43.365595,1,462,13,4,A,0,1,3,0,1129,10,,,,
2025-12-18T16:18:43.378435,1,462,4,13,B,0,1,3,0,1129,10,34,0,1113,20
2025-12-18T16:18:43.813088,1,463,13,10,A,0,1,3,0,1129,10,,,,
2025-12-18T16:18:43.865394,1,463,10,13,B,0,1,3,0,1129,10,55,95,158,10
2025-12-18T16:18:44.108436,1,464,13,7,A,0,1,3,0,1129,10,,,,
2025-12-18T16:18:44.122814,1,464,7,13,B,0,1,3,0,1129,10,74,353,412,50
2025-12-18T16:18:44.389442,1,465,13,6,A,0,1,3,0,1129,10,,,,
2025-12-18T16:18:44.409332,1,465,6,13,B,0,1,3,0,1129,10,13,30,92,30
2025-12-18T16:18:44.626258,1,466,13,9,A,0,1,3,0,1129,10,,,,
2025-12-18T16:18:44.636283,1,466,9,13,B,0,1,3,0,1129,10,96,0,1109,10
2025-12-18T16:18:44.829318,1,467,13,12,A,0,1,83,0,1113,10,,,,
2025-12-18T16:18:44.832335,1,467,12,13,B,0,1,83,0,1113,10,67,12,77,10
2025-12-18T16:18:45.206873,1,468,13,8,A,0,1,83,0,1113,10,,,,
2025-12-18T16:18:45.255454,1,468,8,13,B,0,1,83,0,1113,10,53,286,347,20
2025-12-18T16:18:45.475685,1,469,13,9,A,0,1,83,0,1113,10,,,,
2025-12-18T16:18:45.485653,1,469,9,13,B,0,1,83,0,1113,10,96,0,1109,10
2025-12-18T16:18:45.756068,1,470,13,5,A,0,1,83,0,1113,10,,,,
2025-12-18T16:18:45.777170,1,470,5,13,B,0,1,83,0,1113,10,11,448,505,10
2025-12-18T16:18:46.163604,1,471,13,1,A,0,1,83,0,1113,10,,,,
2025-12-18T16:18:46.207380,1,471,1,13,B,0,1,83,0,1113,10,8,255,324,20
2025-12-18T16:18:46.401702,1,472,13,12,A,0,1,10,0,1129,10,,,,
2025-12-18T16:18:46.404944,1,472,12,13,B,0,1,10,0,1129,10,67,12,77,10
2025-12-18T16:18:46.803970,1,473,13,0,A,0,1,10,0,1129,10,,,,
2025-12-18T16:18:46.848624,1,473,0,13,B,0,1,10,0,1129,10,76,203,260,10
2025-12-18T16:18:47.250779,1,474,13,11,A,0,1,10,0,1129,10,,,,
2025-12-18T16:18:47.295379,1,474,11,13,B,0,1,10,0,1129,10,25,169,224,40
2025-12-18T16:18:47.705387,1,475,13,2,A,0,1,10,0,1129,10,,,,
2025-12-18T16:18:47.750147,1,475,2,13,B,0,1,10,0,1129,10,84,458,523,20
2025-12-18T16:18:48.186716,1,476,13,3,A,0,1,10,0,1129,10,,,,
2025-12-18T16:18:48.239341,1,476,3,13,B,0,1,10,0,1129,10,77,574,643,10
2025-12-18T16:18:48.473383,1,477,13,4,A,0,1,10,0,1129,10,,,,
2025-12-18T16:18:48.486155,1,477,4,13,B,0,1,10,0,1129,10,34,0,1113,20
2025-12-18T16:18:48.922134,1,478,13,10,A,0,1,10,0,1129,10,,,,
2025-12-18T16:18:48.974311,1,478,10,13,B,0,1,10,0,1129,10,55,95,158,10
2025-12-18T16:18:49.216457,1,479,13,7,A,0,1,10,0,1129,10,,,,
2025-12-18T16:18:49.230995,1,479,7,13,B,0,1,10,0,1129,10,74,353,412,50
2025-12-18T16:18:49.497538,1,480,13,6,A,0,1,10,0,1129,10,,,,
2025-12-18T16:18:49.517591,1,480,6,13,B,0,1,10,0,1129,10,13,30,92,30
2025-12-18T16:18:49.735090,1,481,13,9,A,0,1,10,0,1129,10,,,,
2025-12-18T16:18:49.745309,1,481,9,13,B,0,1,10,0,1129,10,96,0,1109,10
2025-12-18T16:18:49.939571,1,482,13,12,A,0,1,87,85,144,20,,,,
2025-12-18T16:18:49.940084,1,482,12,13,B,0,1,87,85,144,20,67,12,77,10
2025-12-18T16:18:50.312581,1,483,13,8,A,0,1,87,85,144,20,,,,
2025-12-18T16:18:50.351707,1,483,8,13,B,0,1,87,85,144,20,53,286,347,20
2025-12-18T16:18:50.571936,1,484,13,9,A,0,1,87,85,144,20,,,,
2025-12-18T16:18:50.579691,1,484,9,13,B,0,1,87,85,144,20,96,0,1109,10
2025-12-18T16:18:50.848923,1,485,13,5,A,0,1,87,85,144,20,,,,
2025-12-18T16:18:50.863779,1,485,5,13,B,0,1,87,85,144,20,11,448,505,10
2025-12-18T16:18:51.247888,1,486,13,1,A,0,1,87,85,144,20,,,,
2025-12-18T16:18:51.282431,1,486,1,13,B,0,1,87,85,144,20,8,255,324,20
2025-12-18T16:19:12.554014,2,0,0,13,A,0,1,39,0,1105,20,,,,
2025-12-18T16:19:12.592563,2,0,13,0,B,0,1,39,0,1105,20,73,0,1090,10
2025-12-18T16:19:12.618350,2,0,0,13,A,1,2,39,0,1105,20,,,,
2025-12-18T16:19:12.618538,2,0,13,0,B,1,2,39,0,1105,20,3,0,1129,10
2025-12-18T16:19:12.644346,2,0,0,13,A,2,3,39,0,1105,20,,,,
2025-12-18T16:19:12.644552,2,0,13,0,B,2,3,39,0,1105,20,57,0,1111,40
2025-12-18T16:19:12.667546,2,0,0,13,A,3,4,39,0,1105,20,,,,
2025-12-18T16:19:12.667748,2,0,13,0,B,3,4,39,0,1105,20,83,0,1113,10
2025-12-18T16:19:12.693409,2,0,0,13,A,4,5,39,0,1105,20,,,,
2025-12-18T16:19:12.693593,2,0,13,0,B,4,5,39,0,1105,20,10,0,1129,10
2025-12-18T16:19:12.718518,2,0,0,13,A,5,6,39,0,1105,20,,,,
2025-12-18T16:19:12.718721,2,0,13,0,B,5,6,39,0,1105,20,43,0,1129,10
2025-12-18T16:19:12.744361,2,0,0,13,A,6,7,39,0,1105,20,,,,
2025-12-18T16:19:12.744554,2,0,13,0,B,6,7,39,0,1105,20,,,,
2025-12-18T16:19:12.984887,2,1,0,12,A,0,1,39,0,1105,20,,,,
2025-12-18T16:19:12.990368,2,1,12,0,B,0,1,39,0,1105,20,,,,
2025-12-18T16:19:13.568476,2,2,0,11,A,0,1,39,0,1105,20,,,,
2025-12-18T16:19:13.609007,2,2,11,0,B,0,1,39,0,1105,20,25,169,224,40
2025-12-18T16:19:13.632716,2,2,0,11,A,1,2,39,0,1105,20,,,,
2025-12-18T16:19:13.632896,2,2,11,0,B,1,2,39,0,1105,20,11,448,505,10
2025-12-18T16:19:13.656797,2,2,0,11,A,2,3,39,0,1105,20,,,,
2025-12-18T16:19:13.657010,2,2,11,0,B,2,3,39,0,1105,20,38,479,522,30
2025-12-18T16:19:13.681238,2,2,0,11,A,3,4,39,0,1105,20,,,,
2025-12-18T16:19:13.681452,2,2,11,0,B,3,4,39,0,1105,20,86,0,1119,10
2025-12-18T16:19:13.705308,2,2,0,11,A,4,5,39,0,1105,20,,,,
2025-12-18T16:19:13.705500,2,2,11,0,B,4,5,39,0,1105,20,35,0,1107,10
2025-12-18T16:19:13.731477,2,2,0,11,A,5,6,39,0,1105,20,,,,
2025-12-18T16:19:13.731685,2,2,11,0,B,5,6,39,0,1105,20,19,0,1106,10
2025-12-18T16:19:13.757459,2,2,0,11,A,6,7,39,0,1105,20,,,,
2025-12-18T16:19:13.757668,2,2,11,0,B,6,7,39,0,1105,20,25,169,224,40
2025-12-18T16:19:13.760295,2,2,0,11,A,7,8,39,0,1105,20,,,,
2025-12-18T16:19:13.760342,2,2,11,0,B,7,8,39,0,1105,20,21,0,1135,20
2025-12-18T16:19:13.784519,2,2,0,11,A,8,9,39,0,1105,20,,,,
2025-12-18T16:19:13.784729,2,2,11,0,B,8,9,39,0,1105,20,11,448,505,10
2025-12-18T16:19:13.787431,2,2,0,11,A,9,10,39,0,1105,20,,,,
2025-12-18T16:19:13.787480,2,2,11,0,B,9,10,39,0,1105,20,38,479,522,30
2025-12-18T16:19:14.446842,2,3,0,2,A,0,1,39,0,1105,20,,,,
2025-12-18T16:19:14.493782,2,3,2,0,B,0,1,39,0,1105,20,60,0,1100,20
2025-12-18T16:19:14.517589,2,3,0,2,A,1,2,39,0,1105,20,,,,
2025-12-18T16:19:14.517771,2,3,2,0,B,1,2,39,0,1105,20,78,0,1095,20
2025-12-18T16:19:14.539537,2,3,0,2,A,2,3,39,0,1105,20,,,,
2025-12-18T16:19:14.539734,2,3,2,0,B,2,3,39,0,1105,20,88,0,1119,30
2025-12-18T16:19:14.562091,2,3,0,2,A,3,4,39,0,1105,20,,,,
2025-12-18T16:19:14.562286,2,3,2,0,B,3,4,39,0,1105,20,24,0,1131,10
2025-12-18T16:19:14.586851,2,3,0,2,A,4,5,39,0,1105,20,,,,
2025-12-18T16:19:14.587039,2,3,2,0,B,4,5,39,0,1105,20,2,0,1125,30
2025-12-18T16:19:14.609779,2,3,0,2,A,5,6,39,0,1105,20,,,,
2025-12-18T16:19:14.609975,2,3,2,0,B,5,6,39,0,1105,20,91,0,1123,10
2025-12-18T16:19:14.635064,2,3,0,2,A,6,7,39,0,1105,20,,,,
2025-12-18T16:19:14.635270,2,3,2,0,B,6,7,39,0,1105,20,,,,
2025-12-18T16:19:15.280836,2,4,0,3,A,0,1,39,0,1105,20,,,,
2025-12-18T16:19:15.329490,2,4,3,0,B,0,1,39,0,1105,20,77,574,643,10
2025-12-18T16:19:15.353592,2,4,0,3,A,1,2,39,0,1105,20,,,,
2025-12-18T16:19:15.353800,2,4,3,0,B,1,2,39,0,1105,20,99,743,820,10
2025-12-18T16:19:15.376524,2,4,0,3,A,2,3,39,0,1105,20,,,,
2025-12-18T16:19:15.376761,2,4,3,0,B,2,3,39,0,1105,20,87,85,144,20
2025-12-18T16:19:15.399795,2,4,0,3,A,3,4,39,0,1105,20,,,,
2025-12-18T16:19:15.400032,2,4,3,0,B,3,4,39,0,1105,20,52,0,1124,10
2025-12-18T16:19:15.425318,2,4,0,3,A,4,5,39,0,1105,20,,,,
2025-12-18T16:19:15.425503,2,4,3,0,B,4,5,39,0,1105,20,77,574,643,10
2025-12-18T16:19:15.428185,2,4,0,3,A,5,6,39,0,1105,20,,,,
2025-12-18T16:19:15.428236,2,4,3,0,B,5,6,39,0,1105,20,98,0,1115,20
2025-12-18T16:19:15.451107,2,4,0,3,A,6,7,39,0,1105,20,,,,
2025-12-18T16:19:15.451348,2,4,3,0,B,6,7,39,0,1105,20,81,0,1098,30
2025-12-18T16:19:15.474588,2,4,0,3,A,7,8,39,0,1105,20,,,,
2025-12-18T16:19:15.474874,2,4,3,0,B,7,8,39,0,1105,20,99,743,820,10
2025-12-18T16:19:15.477507,2,4,0,3,A,8,9,39,0,1105,20,,,,
2025-12-18T16:19:15.477563,2,4,3,0,B,8,9,39,0,1105,20,87,85,144,20
2025-12-18T16:19:15.479779,2,4,0,3,A,9,10,39,0,1105,20,,,,
2025-12-18T16:19:15.479833,2,4,3,0,B,9,10,39,0,1105,20,5,0,1130,10
2025-12-18T16:19:16.047859,2,5,0,8,A,0,1,39,0,1105,20,,,,
2025-12-18T16:19:16.092819,2,5,8,0,B,0,1,39,0,1105,20,53,286,347,20
2025-12-18T16:19:16.117717,2,5,0,8,A,1,2,39,0,1105,20,,,,
2025-12-18T16:19:16.117896,2,5,8,0,B,1,2,39,0,1105,20,100,647,726,20
2025-12-18T16:19:16.140536,2,5,0,8,A,2,3,39,0,1105,20,,,,
2025-12-18T16:19:16.140730,2,5,8,0,B,2,3,39,0,1105,20,76,203,260,10
2025-12-18T16:19:16.163353,2,5,0,8,A,3,4,39,0,1105,20,,,,
2025-12-18T16:19:16.163587,2,5,8,0,B,3,4,39,0,1105,20,69,916,969,10
2025-12-18T16:19:16.185417,2,5,0,8,A,4,5,39,0,1105,20,,,,
2025-12-18T16:19:16.185644,2,5,8,0,B,4,5,39,0,1105,20,53,286,347,20
2025-12-18T16:19:16.188274,2,5,0,8,A,5,6,39,0,1105,20,,,,
2025-12-18T16:19:16.188329,2,5,8,0,B,5,6,39,0,1105,20,100,647,726,20
2025-12-18T16:19:16.190937,2,5,0,8,A,6,7,39,0,1105,20,,,,
2025-12-18T16:19:16.190993,2,5,8,0,B,6,7,39,0,1105,20,76,203,260,10
2025-12-18T16:19:16.193557,2,5,0,8,A,7,8,39,0,1105,20,,,,
2025-12-18T16:19:16.193606,2,5,8,0,B,7,8,39,0,1105,20,75,0,1130,20
2025-12-18T16:19:16.216351,2,5,0,8,A,8,9,39,0,1105,20,,,,
2025-12-18T16:19:16.216546,2,5,8,0,B,8,9,39,0,1105,20,69,916,969,10
2025-12-18T16:19:16.219164,2,5,0,8,A,9,10,39,0,1105,20,,,,
2025-12-18T16:19:16.219224,2,5,8,0,B,9,10,39,0,1105,20,59,0,1110,10
2025-12-18T16:19:16.841195,2,6,0,10,A,0,1,39,0,1105,20,,,,
2025-12-18T16:19:16.891635,2,6,10,0,B,0,1,39,0,1105,20,55,95,158,10
2025-12-18T16:19:16.914873,2,6,0,10,A,1,2,39,0,1105,20,,,,
2025-12-18T16:19:16.915037,2,6,10,0,B,1,2,39,0,1105,20,92,368,441,20
2025-12-18T16:19:16.937160,2,6,0,10,A,2,3,39,0,1105,20,,,,
2025-12-18T16:19:16.937382,2,6,10,0,B,2,3,39,0,1105,20,84,458,523,20
2025-12-18T16:19:16.959648,2,6,0,10,A,3,4,39,0,1105,20,,,,
2025-12-18T16:19:16.959838,2,6,10,0,B,3,4,39,0,1105,20,71,0,1088,20
2025-12-18T16:19:16.981589,2,6,0,10,A,4,5,39,0,1105,20,,,,
2025-12-18T16:19:16.981832,2,6,10,0,B,4,5,39,0,1105,20,55,95,158,10
2025-12-18T16:19:16.984251,2,6,0,10,A,5,6,39,0,1105,20,,,,
2025-12-18T16:19:16.984306,2,6,10,0,B,5,6,39,0,1105,20,14,0,1106,10
2025-12-18T16:19:17.008628,2,6,0,10,A,6,7,39,0,1105,20,,,,
2025-12-18T16:19:17.008783,2,6,10,0,B,6,7,39,0,1105,20,92,368,441,20
2025-12-18T16:19:17.011433,2,6,0,10,A,7,8,39,0,1105,20,,,,
2025-12-18T16:19:17.011477,2,6,10,0,B,7,8,39,0,1105,20,30,0,1125,10
2025-12-18T16:19:17.035878,2,6,0,10,A,8,9,39,0,1105,20,,,,
2025-12-18T16:19:17.036089,2,6,10,0,B,8,9,39,0,1105,20,84,458,523,20
2025-12-18T16:19:17.038731,2,6,0,10,A,9,10,39,0,1105,20,,,,
2025-12-18T16:19:17.038784,2,6,10,0,B,9,10,39,0,1105,20,90,0,1125,10
2025-12-18T16:19:17.302592,2,7,0,4,A,0,1,39,0,1105,20,,,,
2025-12-18T16:19:17.312597,2,7,4,0,B,0,1,39,0,1105,20,13,30,92,30
2025-12-18T16:19:17.332665,2,7,0,4,A,1,2,39,0,1105,20,,,,
2025-12-18T16:19:17.332862,2,7,4,0,B,1,2,39,0,1105,20,26,0,1130,10
2025-12-18T16:19:17.357141,2,7,0,4,A,2,3,39,0,1105,20,,,,
2025-12-18T16:19:17.357308,2,7,4,0,B,2,3,39,0,1105,20,89,0,1121,10
2025-12-18T16:19:17.381222,2,7,0,4,A,3,4,39,0,1105,20,,,,
2025-12-18T16:19:17.381391,2,7,4,0,B,3,4,39,0,1105,20,13,30,92,30
2025-12-18T16:19:17.382021,2,7,0,4,A,4,5,39,0,1105,20,,,,
2025-12-18T16:19:17.382071,2,7,4,0,B,4,5,39,0,1105,20,15,384,429,40
2025-12-18T16:19:17.404339,2,7,0,4,A,5,6,39,0,1105,20,,,,
2025-12-18T16:19:17.404555,2,7,4,0,B,5,6,39,0,1105,20,,,,
2025-12-18T16:19:17.758954,2,8,0,7,A,0,1,39,0,1105,20,,,,
2025-12-18T16:19:17.776248,2,8,7,0,B,0,1,39,0,1105,20,58,471,534,30
2025-12-18T16:19:17.798740,2,8,0,7,A,1,2,39,0,1105,20,,,,
2025-12-18T16:19:17.798941,2,8,7,0,B,1,2,39,0,1105,20,58,471,534,30
2025-12-18T16:19:17.801582,2,8,0,7,A,2,3,39,0,1105,20,,,,
2025-12-18T16:19:17.801627,2,8,7,0,B,2,3,39,0,1105,20,12,0,1107,20
2025-12-18T16:19:17.823060,2,8,0,7,A,3,4,39,0,1105,20,,,,
2025-12-18T16:19:17.823286,2,8,7,0,B,3,4,39,0,1105,20,96,0,1109,10
2025-12-18T16:19:17.845822,2,8,0,7,A,4,5,39,0,1105,20,,,,
2025-12-18T16:19:17.846031,2,8,7,0,B,4,5,39,0,1105,20,18,0,1110,20
2025-12-18T16:19:17.868788,2,8,0,7,A,5,6,39,0,1105,20,,,,
2025-12-18T16:19:17.868978,2,8,7,0,B,5,6,39,0,1105,20,29,0,1126,10
2025-12-18T16:19:17.893668,2,8,0,7,A,6,7,39,0,1105,20,,,,
2025-12-18T16:19:17.893901,2,8,7,0,B,6,7,39,0,1105,20,,,,
2025-12-18T16:19:18.443633,2,9,0,1,A,0,1,39,0,1105,20,,,,
2025-12-18T16:19:18.483659,2,9,1,0,B,0,1,39,0,1105,20,67,12,77,10
2025-12-18T16:19:18.505663,2,9,0,1,A,1,2,39,0,1105,20,,,,
2025-12-18T16:19:18.505864,2,9,1,0,B,1,2,39,0,1105,20,8,255,324,20
2025-12-18T16:19:18.527913,2,9,0,1,A,2,3,39,0,1105,20,,,,
2025-12-18T16:19:18.528120,2,9,1,0,B,2,3,39,0,1105,20,4,727,782,10
2025-12-18T16:19:18.550467,2,9,0,1,A,3,4,39,0,1105,20,,,,
2025-12-18T16:19:18.550683,2,9,1,0,B,3,4,39,0,1105,20,67,12,77,10
2025-12-18T16:19:18.551327,2,9,0,1,A,4,5,39,0,1105,20,,,,
2025-12-18T16:19:18.551391,2,9,1,0,B,4,5,39,0,1105,20,32,0,1114,30
2025-12-18T16:19:18.573775,2,9,0,1,A,5,6,39,0,1105,20,,,,
2025-12-18T16:19:18.573971,2,9,1,0,B,5,6,39,0,1105,20,54,0,1105,40
2025-12-18T16:19:18.596471,2,9,0,1,A,6,7,39,0,1105,20,,,,
2025-12-18T16:19:18.596687,2,9,1,0,B,6,7,39,0,1105,20,95,0,1108,30
2025-12-18T16:19:18.620221,2,9,0,1,A,7,8,39,0,1105,20,,,,
2025-12-18T16:19:18.620432,2,9,1,0,B,7,8,39,0,1105,20,37,0,1106,20
2025-12-18T16:19:18.643364,2,9,0,1,A,8,9,39,0,1105,20,,,,
2025-12-18T16:19:18.643585,2,9,1,0,B,8,9,39,0,1105,20,97,0,1105,30
2025-12-18T16:19:18.666121,2,9,0,1,A,9,10,39,0,1105,20,,,,
2025-12-18T16:19:18.666288,2,9,1,0,B,9,10,39,0,1105,20,8,255,324,20
2025-12-18T16:19:19.056348,2,10,0,5,A,0,1,39,0,1105,20,,,,
2025-12-18T16:19:19.079660,2,10,5,0,B,0,1,39,0,1105,20,56,0,1101,30
2025-12-18T16:19:19.104096,2,10,0,5,A,1,2,39,0,1105,20,,,,
2025-12-18T16:19:19.104297,2,10,5,0,B,1,2,39,0,1105,20,80,0,1094,10
2025-12-18T16:19:19.129768,2,10,0,5,A,2,3,39,0,1105,20,,,,
2025-12-18T16:19:19.130043,2,10,5,0,B,2,3,39,0,1105,20,41,0,1127,10
2025-12-18T16:19:19.156053,2,10,0,5,A,3,4,39,0,1105,20,,,,
2025-12-18T16:19:19.156198,2,10,5,0,B,3,4,39,0,1105,20,50,0,1123,10
2025-12-18T16:19:19.181022,2,10,0,5,A,4,5,39,0,1105,20,,,,
2025-12-18T16:19:19.181175,2,10,5,0,B,4,5,39,0,1105,20,79,668,731,10
2025-12-18T16:19:19.204467,2,10,0,5,A,5,6,39,0,1105,20,,,,
2025-12-18T16:19:19.204673,2,10,5,0,B,5,6,39,0,1105,20,36,0,1110,10
2025-12-18T16:19:19.227992,2,10,0,5,A,6,7,39,0,1105,20,,,,
2025-12-18T16:19:19.228220,2,10,5,0,B,6,7,39,0,1105,20,,,,
2025-12-18T16:19:19.489036,2,11,0,9,A,0,1,39,0,1105,20,,,,
2025-12-18T16:19:19.496276,2,11,9,0,B,0,1,39,0,1105,20,62,262,317,20
2025-12-18T16:19:19.519030,2,11,0,9,A,1,2,39,0,1105,20,,,,
2025-12-18T16:19:19.519189,2,11,9,0,B,1,2,39,0,1105,20,44,359,412,10
2025-12-18T16:19:19.540830,2,11,0,9,A,2,3,39,0,1105,20,,,,
2025-12-18T16:19:19.540993,2,11,9,0,B,2,3,39,0,1105,20,74,353,412,50
2025-12-18T16:19:19.563278,2,11,0,9,A,3,4,39,0,1105,20,,,,
2025-12-18T16:19:19.563491,2,11,9,0,B,3,4,39,0,1105,20,62,262,317,20
2025-12-18T16:19:19.566187,2,11,0,9,A,4,5,39,0,1105,20,,,,
2025-12-18T16:19:19.566236,2,11,9,0,B,4,5,39,0,1105,20,44,359,412,10
2025-12-18T16:19:19.568823,2,11,0,9,A,5,6,39,0,1105,20,,,,
2025-12-18T16:19:19.568865,2,11,9,0,B,5,6,39,0,1105,20,40,0,1125,10
2025-12-18T16:19:19.594412,2,11,0,9,A,6,7,39,0,1105,20,,,,
2025-12-18T16:19:19.594639,2,11,9,0,B,6,7,39,0,1105,20,,,,
2025-12-18T16:19:20.046353,2,12,0,13,A,0,1,33,0,1112,40,,,,
2025-12-18T16:19:20.085604,2,12,13,0,B,0,1,33,0,1112,40,73,0,1090,10
2025-12-18T16:19:20.111784,2,12,0,13,A,1,2,33,0,1112,40,,,,
2025-12-18T16:19:20.111980,2,12,13,0,B,1,2,33,0,1112,40,3,0,1129,10
2025-12-18T16:19:20.136837,2,12,0,13,A,2,3,33,0,1112,40,,,,
2025-12-18T16:19:20.137028,2,12,13,0,B,2,3,33,0,1112,40,57,0,1111,40
2025-12-18T16:19:20.159108,2,12,0,13,A,3,4,33,0,1112,40,,,,
2025-12-18T16:19:20.159262,2,12,13,0,B,3,4,33,0,1112,40,83,0,1113,10
2025-12-18T16:19:20.184029,2,12,0,13,A,4,5,33,0,1112,40,,,,
2025-12-18T16:19:20.184215,2,12,13,0,B,4,5,33,0,1112,40,10,0,1129,10
2025-12-18T16:19:20.209378,2,12,0,13,A,5,6,33,0,1112,40,,,,
2025-12-18T16:19:20.209557,2,12,13,0,B,5,6,33,0,1112,40,43,0,1129,10
2025-12-18T16:19:20.234946,2,12,0,13,A,6,7,33,0,1112,40,,,,
2025-12-18T16:19:20.235168,2,12,13,0,B,6,7,33,0,1112,40,,,,
2025-12-18T16:19:20.469501,2,13,0,12,A,0,1,33,0,1112,40,,,,
2025-12-18T16:19:20.475147,2,13,12,0,B,0,1,33,0,1112,40,,,,
2025-12-18T16:19:20.873893,2,14,0,11,A,0,1,33,0,1112,40,,,,
2025-12-18T16:19:20.914290,2,14,11,0,B,0,1,33,0,1112,40,25,169,224,40
2025-12-18T16:19:20.938156,2,14,0,11,A,1,2,33,0,1112,40,,,,
2025-12-18T16:19:20.938351,2,14,11,0,B,1,2,33,0,1112,40,11,448,505,10
2025-12-18T16:19:20.960881,2,14,0,11,A,2,3,33,0,1112,40,,,,
2025-12-18T16:19:20.961079,2,14,11,0,B,2,3,33,0,1112,40,38,479,522,30
2025-12-18T16:19:20.984237,2,14,0,11,A,3,4,33,0,1112,40,,,,
2025-12-18T16:19:20.984454,2,14,11,0,B,3,4,33,0,1112,40,86,0,1119,10
2025-12-18T16:19:21.008324,2,14,0,11,A,4,5,33,0,1112,40,,,,
2025-12-18T16:19:21.008547,2,14,11,0,B,4,5,33,0,1112,40,35,0,1107,10
2025-12-18T16:19:21.033212,2,14,0,11,A,5,6,33,0,1112,40,,,,
2025-12-18T16:19:21.033429,2,14,11,0,B,5,6,33,0,1112,40,19,0,1106,10
2025-12-18T16:19:21.060170,2,14,0,11,A,6,7,33,0,1112,40,,,,
2025-12-18T16:19:21.060413,2,14,11,0,B,6,7,33,0,1112,40,25,169,224,40
2025-12-18T16:19:21.063160,2,14,0,11,A,7,8,33,0,1112,40,,,,
2025-12-18T16:19:21.063225,2,14,11,0,B,7,8,33,0,1112,40,21,0,1135,20
2025-12-18T16:19:21.087302,2,14,0,11,A,8,9,33,0,1112,40,,,,
2025-12-18T16:19:21.087519,2,14,11,0,B,8,9,33,0,1112,40,11,448,505,10
2025-12-18T16:19:21.090223,2,14,0,11,A,9,10,33,0,1112,40,,,,
2025-12-18T16:19:21.090269,2,14,11,0,B,9,10,33,0,1112,40,38,479,522,30
2025-12-18T16:19:21.528585,2,15,0,2,A,0,1,33,0,1112,40,,,,
2025-12-18T16:19:21.575847,2,15,2,0,B,0,1,33,0,1112,40,60,0,1100,20
2025-12-18T16:19:21.599222,2,15,0,2,A,1,2,33,0,1112,40,,,,
2025-12-18T16:19:21.599384,2,15,2,0,B,1,2,33,0,1112,40,78,0,1095,20
2025-12-18T16:19:21.621452,2,15,0,2,A,2,3,33,0,1112,40,,,,
2025-12-18T16:19:21.621637,2,15,2,0,B,2,3,33,0,1112,40,88,0,1119,30
2025-12-18T16:19:21.644283,2,15,0,2,A,3,4,33,0,1112,40,,,,
2025-12-18T16:19:21.644507,2,15,2,0,B,3,4,33,0,1112,40,2,0,1125,30
2025-12-18T16:19:21.667431,2,15,0,2,A,4,5,33,0,1112,40,,,,
2025-12-18T16:19:21.667669,2,15,2,0,B,4,5,33,0,1112,40,24,0,1131,10
2025-12-18T16:19:21.693645,2,15,0,2,A,5,6,33,0,1112,40,,,,
2025-12-18T16:19:21.693833,2,15,2,0,B,5,6,33,0,1112,40,91,0,1123,10
2025-12-18T16:19:21.719243,2,15,0,2,A,6,7,33,0,1112,40,,,,
2025-12-18T16:19:21.719409,2,15,2,0,B,6,7,33,0,1112,40,,,,
2025-12-18T16:19:22.171319,2,16,0,3,A,0,1,33,0,1112,40,,,,
2025-12-18T16:19:22.220004,2,16,3,0,B,0,1,33,0,1112,40,77,574,643,10
2025-12-18T16:19:22.244916,2,16,0,3,A,1,2,33,0,1112,40,,,,
2025-12-18T16:19:22.245102,2,16,3,0,B,1,2,33,0,1112,40,99,743,820,10
2025-12-18T16:19:22.268324,2,16,0,3,A,2,3,33,0,1112,40,,,,
2025-12-18T16:19:22.268529,2,16,3,0,B,2,3,33,0,1112,40,87,85,144,20
2025-12-18T16:19:22.291429,2,16,0,3,A,3,4,33,0,1112,40,,,,
2025-12-18T16:19:22.291606,2,16,3,0,B,3,4,33,0,1112,40,52,0,1124,10
2025-12-18T16:19:22.318592,2,16,0,3,A,4,5,33,0,1112,40,,,,
2025-12-18T16:19:22.318827,2,16,3,0,B,4,5,33,0,1112,40,77,574,643,10
2025-12-18T16:19:22.321498,2,16,0,3,A,5,6,33,0,1112,40,,,,
2025-12-18T16:19:22.321545,2,16,3,0,B,5,6,33,0,1112,40,98,0,1115,20
2025-12-18T16:19:22.345130,2,16,0,3,A,6,7,33,0,1112,40,,,,
2025-12-18T16:19:22.345328,2,16,3,0,B,6,7,33,0,1112,40,81,0,1098,30
2025-12-18T16:19:22.367901,2,16,0,3,A,7,8,33,0,1112,40,,,,
2025-12-18T16:19:22.368105,2,16,3,0,B,7,8,33,0,1112,40,99,743,820,10
2025-12-18T16:19:22.370739,2,16,0,3,A,8,9,33,0,1112,40,,,,
2025-12-18T16:19:22.370787,2,16,3,0,B,8,9,33,0,1112,40,87,85,144,20
2025-12-18T16:19:22.372896,2,16,0,3,A,9,10,33,0,1112,40,,,,
2025-12-18T16:19:22.372937,2,16,3,0,B,9,10,33,0,1112,40,5,0,1130,10
2025-12-18T16:19:22.769395,2,17,0,8,A,0,1,33,0,1112,40,,,,
2025-12-18T16:19:22.814575,2,17,8,0,B,0,1,33,0,1112,40,53,286,347,20
2025-12-18T16:19:22.837626,2,17,0,8,A,1,2,33,0,1112,40,,,,
2025-12-18T16:19:22.837831,2,17,8,0,B,1,2,33,0,1112,40,100,647,726,20
2025-12-18T16:19:22.859916,2,17,0,8,A,2,3,33,0,1112,40,,,,
2025-12-18T16:19:22.860105,2,17,8,0,B,2,3,33,0,1112,40,76,203,260,10
2025-12-18T16:19:22.881925,2,17,0,8,A,3,4,33,0,1112,40,,,,
2025-12-18T16:19:22.882138,2,17,8,0,B,3,4,33,0,1112,40,69,916,969,10
2025-12-18T16:19:22.904975,2,17,0,8,A,4,5,33,0,1112,40,,,,
2025-12-18T16:19:22.905195,2,17,8,0,B,4,5,33,0,1112,40,53,286,347,20
2025-12-18T16:19:22.907875,2,17,0,8,A,5,6,33,0,1112,40,,,,
2025-12-18T16:19:22.907945,2,17,8,0,B,5,6,33,0,1112,40,100,647,726,20
2025-12-18T16:19:22.910586,2,17,0,8,A,6,7,33,0,1112,40,,,,
2025-12-18T16:19:22.910634,2,17,8,0,B,6,7,33,0,1112,40,76,203,260,10
2025-12-18T16:19:22.913272,2,17,0,8,A,7,8,33,0,1112,40,,,,
2025-12-18T16:19:22.913322,2,17,8,0,B,7,8,33,0,1112,40,75,0,1130,20
2025-12-18T16:19:22.935593,2,17,0,8,A,8,9,33,0,1112,40,,,,
2025-12-18T16:19:22.935815,2,17,8,0,B,8,9,33,0,1112,40,69,916,969,10
2025-12-18T16:19:22.938468,2,17,0,8,A,9,10,33,0,1112,40,,,,
2025-12-18T16:19:22.938524,2,17,8,0,B,9,10,33,0,1112,40,59,0,1110,10
2025-12-18T16:19:23.360743,2,18,0,10,A,0,1,33,0,1112,40,,,,
2025-12-18T16:19:23.410959,2,18,10,0,B,0,1,33,0,1112,40,55,95,158,10
2025-12-18T16:19:23.434528,2,18,0,10,A,1,2,33,0,1112,40,,,,
2025-12-18T16:19:23.434740,2,18,10,0,B,1,2,33,0,1112,40,92,368,441,20
2025-12-18T16:19:23.455975,2,18,0,10,A,2,3,33,0,1112,40,,,,
2025-12-18T16:19:23.456097,2,18,10,0,B,2,3,33,0,1112,40,84,458,523,20
2025-12-18T16:19:23.478301,2,18,0,10,A,3,4,33,0,1112,40,,,,
2025-12-18T16:19:23.478460,2,18,10,0,B,3,4,33,0,1112,40,71,0,1088,20
2025-12-18T16:19:23.500791,2,18,0,10,A,4,5,33,0,1112,40,,,,
2025-12-18T16:19:23.500927,2,18,10,0,B,4,5,33,0,1112,40,55,95,158,10
2025-12-18T16:19:23.503317,2,18,0,10,A,5,6,33,0,1112,40,,,,
2025-12-18T16:19:23.503365,2,18,10,0,B,5,6,33,0,1112,40,14,0,1106,10
2025-12-18T16:19:23.527580,2,18,0,10,A,6,7,33,0,1112,40,,,,
2025-12-18T16:19:23.527705,2,18,10,0,B,6,7,33,0,1112,40,92,368,441,20
2025-12-18T16:19:23.530320,2,18,0,10,A,7,8,33,0,1112,40,,,,
2025-12-18T16:19:23.530367,2,18,10,0,B,7,8,33,0,1112,40,30,0,1125,10
2025-12-18T16:19:23.554812,2,18,0,10,A,8,9,33,0,1112,40,,,,
2025-12-18T16:19:23.554998,2,18,10,0,B,8,9,33,0,1112,40,84,458,523,20
2025-12-18T16:19:23.557686,2,18,0,10,A,9,10,33,0,1112,40,,,,
2025-12-18T16:19:23.557744,2,18,10,0,B,9,10,33,0,1112,40,90,0,1125,10
2025-12-18T16:19:23.790213,2,19,0,4,A,0,1,33,0,1112,40,,,,
2025-12-18T16:19:23.800227,2,19,4,0,B,0,1,33,0,1112,40,13,30,92,30
2025-12-18T16:19:23.819956,2,19,0,4,A,1,2,33,0,1112,40,,,,
2025-12-18T16:19:23.820112,2,19,4,0,B,1,2,33,0,1112,40,26,0,1130,10
2025-12-18T16:19:23.844736,2,19,0,4,A,2,3,33,0,1112,40,,,,
2025-12-18T16:19:23.844938,2,19,4,0,B,2,3,33,0,1112,40,89,0,1121,10
2025-12-18T16:19:23.869496,2,19,0,4,A,3,4,33,0,1112,40,,,,
2025-12-18T16:19:23.869680,2,19,4,0,B,3,4,33,0,1112,40,13,30,92,30
2025-12-18T16:19:23.870315,2,19,0,4,A,4,5,33,0,1112,40,,,,
2025-12-18T16:19:23.870368,2,19,4,0,B,4,5,33,0,1112,40,15,384,429,40
2025-12-18T16:19:23.891916,2,19,0,4,A,5,6,33,0,1112,40,,,,
2025-12-18T16:19:23.892091,2,19,4,0,B,5,6,33,0,1112,40,,,,
2025-12-18T16:19:24.183682,2,20,0,7,A,0,1,33,0,1112,40,,,,
2025-12-18T16:19:24.201526,2,20,7,0,B,0,1,33,0,1112,40,58,471,534,30
2025-12-18T16:19:24.223882,2,20,0,7,A,1,2,33,0,1112,40,,,,
2025-12-18T16:19:24.224054,2,20,7,0,B,1,2,33,0,1112,40,58,471,534,30
2025-12-18T16:19:24.226664,2,20,0,7,A,2,3,33,0,1112,40,,,,
2025-12-18T16:19:24.226733,2,20,7,0,B,2,3,33,0,1112,40,12,0,1107,20
2025-12-18T16:19:24.248248,2,20,0,7,A,3,4,33,0,1112,40,,,,
2025-12-18T16:19:24.248461,2,20,7,0,B,3,4,33,0,1112,40,96,0,1109,10
2025-12-18T16:19:24.270818,2,20,0,7,A,4,5,33,0,1112,40,,,,
2025-12-18T16:19:24.271035,2,20,7,0,B,4,5,33,0,1112,40,18,0,1110,20
2025-12-18T16:19:24.293314,2,20,0,7,A,5,6,33,0,1112,40,,,,
2025-12-18T16:19:24.293477,2,20,7,0,B,5,6,33,0,1112,40,29,0,1126,10
2025-12-18T16:19:24.318743,2,20,0,7,A,6,7,33,0,1112,40,,,,
2025-12-18T16:19:24.318924,2,20,7,0,B,6,7,33,0,1112,40,,,,
2025-12-18T16:19:24.714274,2,21,0,1,A,0,1,33,0,1112,40,,,,
2025-12-18T16:19:24.753973,2,21,1,0,B,0,1,33,0,1112,40,67,12,77,10
2025-12-18T16:19:24.775915,2,21,0,1,A,1,2,33,0,1112,40,,,,
2025-12-18T16:19:24.776054,2,21,1,0,B,1,2,33,0,1112,40,8,255,324,20
2025-12-18T16:19:24.798305,2,21,0,1,A,2,3,33,0,1112,40,,,,
2025-12-18T16:19:24.798489,2,21,1,0,B,2,3,33,0,1112,40,4,727,782,10
2025-12-18T16:19:24.820343,2,21,0,1,A,3,4,33,0,1112,40,,,,
2025-12-18T16:19:24.820572,2,21,1,0,B,3,4,33,0,1112,40,67,12,77,10
2025-12-18T16:19:24.821280,2,21,0,1,A,4,5,33,0,1112,40,,,,
2025-12-18T16:19:24.821395,2,21,1,0,B,4,5,33,0,1112,40,32,0,1114,30
2025-12-18T16:19:24.843639,2,21,0,1,A,5,6,33,0,1112,40,,,,
2025-12-18T16:19:24.843831,2,21,1,0,B,5,6,33,0,1112,40,54,0,1105,40
2025-12-18T16:19:24.865577,2,21,0,1,A,6,7,33,0,1112,40,,,,
2025-12-18T16:19:24.865740,2,21,1,0,B,6,7,33,0,1112,40,95,0,1108,30
2025-12-18T16:19:24.887441,2,21,0,1,A,7,8,33,0,1112,40,,,,
2025-12-18T16:19:24.887661,2,21,1,0,B,7,8,33,0,1112,40,37,0,1106,20
2025-12-18T16:19:24.908594,2,21,0,1,A,8,9,33,0,1112,40,,,,
2025-12-18T16:19:24.908725,2,21,1,0,B,8,9,33,0,1112,40,97,0,1105,30
2025-12-18T16:19:24.931476,2,21,0,1,A,9,10,33,0,1112,40,,,,
2025-12-18T16:19:24.931634,2,21,1,0,B,9,10,33,0,1112,40,8,255,324,20
2025-12-18T16:19:25.238623,2,22,0,5,A,0,1,33,0,1112,40,,,,
2025-12-18T16:19:25.263448,2,22,5,0,B,0,1,33,0,1112,40,56,0,1101,30
2025-12-18T16:19:25.286970,2,22,0,5,A,1,2,33,0,1112,40,,,,
2025-12-18T16:19:25.287140,2,22,5,0,B,1,2,33,0,1112,40,80,0,1094,10
2025-12-18T16:19:25.312152,2,22,0,5,A,2,3,33,0,1112,40,,,,
2025-12-18T16:19:25.312365,2,22,5,0,B,2,3,33,0,1112,40,41,0,1127,10
2025-12-18T16:19:25.337972,2,22,0,5,A,3,4,33,0,1112,40,,,,
2025-12-18T16:19:25.338192,2,22,5,0,B,3,4,33,0,1112,40,50,0,1123,10
2025-12-18T16:19:25.363050,2,22,0,5,A,4,5,33,0,1112,40,,,,
2025-12-18T16:19:25.363227,2,22,5,0,B,4,5,33,0,1112,40,79,668,731,10
2025-12-18T16:19:25.385479,2,22,0,5,A,5,6,33,0,1112,40,,,,
2025-12-18T16:19:25.385656,2,22,5,0,B,5,6,33,0,1112,40,36,0,1110,10
2025-12-18T16:19:25.407805,2,22,0,5,A,6,7,33,0,1112,40,,,,
2025-12-18T16:19:25.407979,2,22,5,0,B,6,7,33,0,1112,40,,,,
2025-12-18T16:19:25.652637,2,23,0,9,A,0,1,33,0,1112,40,,,,
2025-12-18T16:19:25.660249,2,23,9,0,B,0,1,33,0,1112,40,62,262,317,20
2025-12-18T16:19:25.684486,2,23,0,9,A,1,2,33,0,1112,40,,,,
2025-12-18T16:19:25.684681,2,23,9,0,B,1,2,33,0,1112,40,44,359,412,10
2025-12-18T16:19:25.708460,2,23,0,9,A,2,3,33,0,1112,40,,,,
2025-12-18T16:19:25.708709,2,23,9,0,B,2,3,33,0,1112,40,74,353,412,50
2025-12-18T16:19:25.732003,2,23,0,9,A,3,4,33,0,1112,40,,,,
2025-12-18T16:19:25.732209,2,23,9,0,B,3,4,33,0,1112,40,62,262,317,20
2025-12-18T16:19:25.735015,2,23,0,9,A,4,5,33,0,1112,40,,,,
2025-12-18T16:19:25.735121,2,23,9,0,B,4,5,33,0,1112,40,44,359,412,10
2025-12-18T16:19:25.737746,2,23,0,9,A,5,6,33,0,1112,40,,,,
2025-12-18T16:19:25.737789,2,23,9,0,B,5,6,33,0,1112,40,40,0,1125,10
2025-12-18T16:19:25.763738,2,23,0,9,A,6,7,33,0,1112,40,,,,
2025-12-18T16:19:25.763941,2,23,9,0,B,6,7,33,0,1112,40,,,,
2025-12-18T16:19:26.195566,2,24,0,13,A,0,1,28,0,1128,20,,,,
2025-12-18T16:19:26.236526,2,24,13,0,B,0,1,28,0,1128,20,73,0,1090,10
2025-12-18T16:19:26.263709,2,24,0,13,A,1,2,28,0,1128,20,,,,
2025-12-18T16:19:26.263935,2,24,13,0,B,1,2,28,0,1128,20,3,0,1129,10
2025-12-18T16:19:26.288660,2,24,0,13,A,2,3,28,0,1128,20,,,,
2025-12-18T16:19:26.288863,2,24,13,0,B,2,3,28,0,1128,20,57,0,1111,40
2025-12-18T16:19:26.311917,2,24,0,13,A,3,4,28,0,1128,20,,,,
2025-12-18T16:19:26.312121,2,24,13,0,B,3,4,28,0,1128,20,83,0,1113,10
2025-12-18T16:19:26.337091,2,24,0,13,A,4,5,28,0,1128,20,,,,
2025-12-18T16:19:26.337284,2,24,13,0,B,4,5,28,0,1128,20,10,0,1129,10
2025-12-18T16:19:26.362665,2,24,0,13,A,5,6,28,0,1128,20,,,,
2025-12-18T16:19:26.362837,2,24,13,0,B,5,6,28,0,1128,20,43,0,1129,10
2025-12-18T16:19:26.387793,2,24,0,13,A,6,7,28,0,1128,20,,,,
2025-12-18T16:19:26.387942,2,24,13,0,B,6,7,28,0,1128,20,,,,
2025-12-18T16:19:26.622446,2,25,0,12,A,0,1,28,0,1128,20,,,,
2025-12-18T16:19:26.627881,2,25,12,0,B,0,1,28,0,1128,20,,,,
2025-12-18T16:19:27.021501,2,26,0,11,A,0,1,28,0,1128,20,,,,
2025-12-18T16:19:27.061250,2,26,11,0,B,0,1,28,0,1128,20,25,169,224,40
2025-12-18T16:19:27.083951,2,26,0,11,A,1,2,28,0,1128,20,,,,
2025-12-18T16:19:27.084119,2,26,11,0,B,1,2,28,0,1128,20,11,448,505,10
2025-12-18T16:19:27.106274,2,26,0,11,A,2,3,28,0,1128,20,,,,
2025-12-18T16:19:27.106385,2,26,11,0,B,2,3,28,0,1128,20,38,479,522,30
2025-12-18T16:19:27.128347,2,26,0,11,A,3,4,28,0,1128,20,,,,
2025-12-18T16:19:27.128538,2,26,11,0,B,3,4,28,0,1128,20,86,0,1119,10
2025-12-18T16:19:27.150300,2,26,0,11,A,4,5,28,0,1128,20,,,,
2025-12-18T16:19:27.150472,2,26,11,0,B,4,5,28,0,1128,20,35,0,1107,10
2025-12-18T16:19:27.174842,2,26,0,11,A,5,6,28,0,1128,20,,,,
2025-12-18T16:19:27.175014,2,26,11,0,B,5,6,28,0,1128,20,19,0,1106,10
2025-12-18T16:19:27.199978,2,26,0,11,A,6,7,28,0,1128,20,,,,
2025-12-18T16:19:27.200153,2,26,11,0,B,6,7,28,0,1128,20,25,169,224,40
2025-12-18T16:19:27.202777,2,26,0,11,A,7,8,28,0,1128,20,,,,
2025-12-18T16:19:27.202825,2,26,11,0,B,7,8,28,0,1128,20,21,0,1135,20
2025-12-18T16:19:27.224811,2,26,0,11,A,8,9,28,0,1128,20,,,,
2025-12-18T16:19:27.224991,2,26,11,0,B,8,9,28,0,1128,20,11,448,505,10
2025-12-18T16:19:27.227639,2,26,0,11,A,9,10,28,0,1128,20,,,,
2025-12-18T16:19:27.227695,2,26,11,0,B,9,10,28,0,1128,20,38,479,522,30
2025-12-18T16:19:27.690011,2,27,0,2,A,0,1,28,0,1128,20,,,,
2025-12-18T16:19:27.737990,2,27,2,0,B,0,1,28,0,1128,20,60,0,1100,20
2025-12-18T16:19:27.762329,2,27,0,2,A,1,2,28,0,1128,20,,,,
2025-12-18T16:19:27.762516,2,27,2,0,B,1,2,28,0,1128,20,78,0,1095,20
2025-12-18T16:19:27.785245,2,27,0,2,A,2,3,28,0,1128,20,,,,
2025-12-18T16:19:27.785454,2,27,2,0,B,2,3,28,0,1128,20,88,0,1119,30
2025-12-18T16:19:27.807584,2,27,0,2,A,3,4,28,0,1128,20,,,,
2025-12-18T16:19:27.807794,2,27,2,0,B,3,4,28,0,1128,20,2,0,1125,30
2025-12-18T16:19:27.830090,2,27,0,2,A,4,5,28,0,1128,20,,,,
2025-12-18T16:19:27.830310,2,27,2,0,B,4,5,28,0,1128,20,24,0,1131,10
2025-12-18T16:19:27.855867,2,27,0,2,A,5,6,28,0,1128,20,,,,
2025-12-18T16:19:27.856098,2,27,2,0,B,5,6,28,0,1128,20,91,0,1123,10
2025-12-18T16:19:27.881929,2,27,0,2,A,6,7,28,0,1128,20,,,,
2025-12-18T16:19:27.882116,2,27,2,0,B,6,7,28,0,1128,20,,,,
2025-12-18T16:19:28.332652,2,28,0,3,A,0,1,28,0,1128,20,,,,
2025-12-18T16:19:28.381836,2,28,3,0,B,0,1,28,0,1128,20,77,574,643,10
2025-12-18T16:19:28.406557,2,28,0,3,A,1,2,28,0,1128,20,,,,
2025-12-18T16:19:28.406760,2,28,3,0,B,1,2,28,0,1128,20,99,743,820,10
2025-12-18T16:19:28.429326,2,28,0,3,A,2,3,28,0,1128,20,,,,
2025-12-18T16:19:28.429564,2,28,3,0,B,2,3,28,0,1128,20,87,85,144,20
2025-12-18T16:19:28.451802,2,28,0,3,A,3,4,28,0,1128,20,,,,
2025-12-18T16:19:28.452020,2,28,3,0,B,3,4,28,0,1128,20,52,0,1124,10
2025-12-18T16:19:28.476990,2,28,0,3,A,4,5,28,0,1128,20,,,,
2025-12-18T16:19:28.477204,2,28,3,0,B,4,5,28,0,1128,20,77,574,643,10
2025-12-18T16:19:28.479882,2,28,0,3,A,5,6,28,0,1128,20,,,,
2025-12-18T16:19:28.479935,2,28,3,0,B,5,6,28,0,1128,20,98,0,1115,20
2025-12-18T16:19:28.502224,2,28,0,3,A,6,7,28,0,1128,20,,,,
2025-12-18T16:19:28.502436,2,28,3,0,B,6,7,28,0,1128,20,81,0,1098,30
2025-12-18T16:19:28.524911,2,28,0,3,A,7,8,28,0,1128,20,,,,
2025-12-18T16:19:28.525083,2,28,3,0,B,7,8,28,0,1128,20,99,743,820,10
2025-12-18T16:19:28.527733,2,28,0,3,A,8,9,28,0,1128,20,,,,
2025-12-18T16:19:28.527780,2,28,3,0,B,8,9,28,0,1128,20,87,85,144,20
2025-12-18T16:19:28.529951,2,28,0,3,A,9,10,28,0,1128,20,,,,
2025-12-18T16:19:28.530081,2,28,3,0,B,9,10,28,0,1128,20,5,0,1130,10
2025-12-18T16:19:28.929198,2,29,0,8,A,0,1,28,0,1128,20,,,,
2025-12-18T16:19:28.974059,2,29,8,0,B,0,1,28,0,1128,20,53,286,347,20
2025-12-18T16:19:28.997712,2,29,0,8,A,1,2,28,0,1128,20,,,,
2025-12-18T16:19:28.997913,2,29,8,0,B,1,2,28,0,1128,20,100,647,726,20
2025-12-18T16:19:29.020118,2,29,0,8,A,2,3,28,0,1128,20,,,,
2025-12-18T16:19:29.020302,2,29,8,0,B,2,3,28,0,1128,20,76,203,260,10
2025-12-18T16:19:29.042358,2,29,0,8,A,3,4,28,0,1128,20,,,,
2025-12-18T16:19:29.042550,2,29,8,0,B,3,4,28,0,1128,20,69,916,969,10
2025-12-18T16:19:29.065034,2,29,0,8,A,4,5,28,0,1128,20,,,,
2025-12-18T16:19:29.065218,2,29,8,0,B,4,5,28,0,1128,20,53,286,347,20
2025-12-18T16:19:29.068015,2,29,0,8,A,5,6,28,0,1128,20,,,,
2025-12-18T16:19:29.068070,2,29,8,0,B,5,6,28,0,1128,20,100,647,726,20
2025-12-18T16:19:29.070721,2,29,0,8,A,6,7,28,0,1128,20,,,,
2025-12-18T16:19:29.070781,2,29,8,0,B,6,7,28,0,1128,20,76,203,260,10
2025-12-18T16:19:29.073371,2,29,0,8,A,7,8,28,0,1128,20,,,,
2025-12-18T16:19:29.073415,2,29,8,0,B,7,8,28,0,1128,20,75,0,1130,20
2025-12-18T16:19:29.095780,2,29,0,8,A,8,9,28,0,1128,20,,,,
2025-12-18T16:19:29.095989,2,29,8,0,B,8,9,28,0,1128,20,69,916,969,10
2025-12-18T16:19:29.098647,2,29,0,8,A,9,10,28,0,1128,20,,,,
2025-12-18T16:19:29.098694,2,29,8,0,B,9,10,28,0,1128,20,59,0,1110,10
2025-12-18T16:19:29.524550,2,30,0,10,A,0,1,28,0,1128,20,,,,
2025-12-18T16:19:29.575091,2,30,10,0,B,0,1,28,0,1128,20,55,95,158,10
2025-12-18T16:19:29.598445,2,30,0,10,A,1,2,28,0,1128,20,,,,
2025-12-18T16:19:29.598658,2,30,10,0,B,1,2,28,0,1128,20,92,368,441,20
2025-12-18T16:19:29.621521,2,30,0,10,A,2,3,28,0,1128,20,,,,
2025-12-18T16:19:29.621739,2,30,10,0,B,2,3,28,0,1128,20,84,458,523,20
2025-12-18T16:19:29.645970,2,30,0,10,A,3,4,28,0,1128,20,,,,
2025-12-18T16:19:29.646161,2,30,10,0,B,3,4,28,0,1128,20,71,0,1088,20
2025-12-18T16:19:29.670089,2,30,0,10,A,4,5,28,0,1128,20,,,,
2025-12-18T16:19:29.670295,2,30,10,0,B,4,5,28,0,1128,20,55,95,158,10
2025-12-18T16:19:29.672835,2,30,0,10,A,5,6,28,0,1128,20,,,,
2025-12-18T16:19:29.672935,2,30,10,0,B,5,6,28,0,1128,20,14,0,1106,10
2025-12-18T16:19:29.698367,2,30,0,10,A,6,7,28,0,1128,20,,,,
2025-12-18T16:19:29.698576,2,30,10,0,B,6,7,28,0,1128,20,92,368,441,20
2025-12-18T16:19:29.701211,2,30,0,10,A,7,8,28,0,1128,20,,,,
2025-12-18T16:19:29.701262,2,30,10,0,B,7,8,28,0,1128,20,30,0,1125,10
2025-12-18T16:19:29.725760,2,30,0,10,A,8,9,28,0,1128,20,,,,
2025-12-18T16:19:29.725884,2,30,10,0,B,8,9,28,0,1128,20,84,458,523,20
2025-12-18T16:19:29.728536,2,30,0,10,A,9,10,28,0,1128,20,,,,
2025-12-18T16:19:29.728642,2,30,10,0,B,9,10,28,0,1128,20,90,0,1125,10
2025-12-18T16:19:29.966330,2,31,0,4,A,0,1,28,0,1128,20,,,,
2025-12-18T16:19:29.976137,2,31,4,0,B,0,1,28,0,1128,20,13,30,92,30
2025-12-18T16:19:29.996110,2,31,0,4,A,1,2,28,0,1128,20,,,,
2025-12-18T16:19:29.996275,2,31,4,0,B,1,2,28,0,1128,20,26,0,1130,10
2025-12-18T16:19:30.020644,2,31,0,4,A,2,3,28,0,1128,20,,,,
2025-12-18T16:19:30.020867,2,31,4,0,B,2,3,28,0,1128,20,89,0,1121,10
2025-12-18T16:19:30.045752,2,31,0,4,A,3,4,28,0,1128,20,,,,
2025-12-18T16:19:30.045920,2,31,4,0,B,3,4,28,0,1128,20,13,30,92,30
2025-12-18T16:19:30.046549,2,31,0,4,A,4,5,28,0,1128,20,,,,
2025-12-18T16:19:30.046608,2,31,4,0,B,4,5,28,0,1128,20,15,384,429,40
2025-12-18T16:19:30.070015,2,31,0,4,A,5,6,28,0,1128,20,,,,
2025-12-18T16:19:30.070267,2,31,4,0,B,5,6,28,0,1128,20,,,,
2025-12-18T16:19:30.367355,2,32,0,7,A,0,1,28,0,1128,20,,,,
2025-12-18T16:19:30.385375,2,32,7,0,B,0,1,28,0,1128,20,58,471,534,30
2025-12-18T16:19:30.409118,2,32,0,7,A,1,2,28,0,1128,20,,,,
2025-12-18T16:19:30.409311,2,32,7,0,B,1,2,28,0,1128,20,58,471,534,30
2025-12-18T16:19:30.411921,2,32,0,7,A,2,3,28,0,1128,20,,,,
2025-12-18T16:19:30.411970,2,32,7,0,B,2,3,28,0,1128,20,12,0,1107,20
2025-12-18T16:19:30.436130,2,32,0,7,A,3,4,28,0,1128,20,,,,
2025-12-18T16:19:30.436348,2,32,7,0,B,3,4,28,0,1128,20,96,0,1109,10
2025-12-18T16:19:30.459849,2,32,0,7,A,4,5,28,0,1128,20,,,,
2025-12-18T16:19:30.460070,2,32,7,0,B,4,5,28,0,1128,20,18,0,1110,20
2025-12-18T16:19:30.484229,2,32,0,7,A,5,6,28,0,1128,20,,,,
2025-12-18T16:19:30.484474,2,32,7,0,B,5,6,28,0,1128,20,29,0,1126,10
2025-12-18T16:19:30.509863,2,32,0,7,A,6,7,28,0,1128,20,,,,
2025-12-18T16:19:30.510097,2,32,7,0,B,6,7,28,0,1128,20,,,,
2025-12-18T16:19:30.908710,2,33,0,1,A,0,1,28,0,1128,20,,,,
2025-12-18T16:19:30.949065,2,33,1,0,B,0,1,28,0,1128,20,67,12,77,10
2025-12-18T16:19:30.970741,2,33,0,1,A,1,2,28,0,1128,20,,,,
2025-12-18T16:19:30.970930,2,33,1,0,B,1,2,28,0,1128,20,8,255,324,20
2025-12-18T16:19:30.993375,2,33,0,1,A,2,3,28,0,1128,20,,,,
2025-12-18T16:19:30.993577,2,33,1,0,B,2,3,28,0,1128,20,4,727,782,10
2025-12-18T16:19:31.015550,2,33,0,1,A,3,4,28,0,1128,20,,,,
2025-12-18T16:19:31.015783,2,33,1,0,B,3,4,28,0,1128,20,67,12,77,10
2025-12-18T16:19:31.016432,2,33,0,1,A,4,5,28,0,1128,20,,,,
2025-12-18T16:19:31.016486,2,33,1,0,B,4,5,28,0,1128,20,32,0,1114,30
2025-12-18T16:19:31.039181,2,33,0,1,A,5,6,28,0,1128,20,,,,
2025-12-18T16:19:31.039370,2,33,1,0,B,5,6,28,0,1128,20,95,0,1108,30
2025-12-18T16:19:31.061309,2,33,0,1,A,6,7,28,0,1128,20,,,,
2025-12-18T16:19:31.061473,2,33,1,0,B,6,7,28,0,1128,20,54,0,1105,40
2025-12-18T16:19:31.084331,2,33,0,1,A,7,8,28,0,1128,20,,,,
2025-12-18T16:19:31.084559,2,33,1,0,B,7,8,28,0,1128,20,37,0,1106,20
2025-12-18T16:19:31.106695,2,33,0,1,A,8,9,28,0,1128,20,,,,
2025-12-18T16:19:31.106899,2,33,1,0,B,8,9,28,0,1128,20,97,0,1105,30
2025-12-18T16:19:31.129727,2,33,0,1,A,9,10,28,0,1128,20,,,,
2025-12-18T16:19:31.129937,2,33,1,0,B,9,10,28,0,1128,20,8,255,324,20
2025-12-18T16:19:31.437160,2,34,0,5,A,0,1,28,0,1128,20,,,,
2025-12-18T16:19:31.460876,2,34,5,0,B,0,1,28,0,1128,20,56,0,1101,30
2025-12-18T16:19:31.484601,2,34,0,5,A,1,2,28,0,1128,20,,,,
2025-12-18T16:19:31.484812,2,34,5,0,B,1,2,28,0,1128,20,80,0,1094,10
2025-12-18T16:19:31.509662,2,34,0,5,A,2,3,28,0,1128,20,,,,
2025-12-18T16:19:31.509919,2,34,5,0,B,2,3,28,0,1128,20,41,0,1127,10
2025-12-18T16:19:31.535232,2,34,0,5,A,3,4,28,0,1128,20,,,,
2025-12-18T16:19:31.535446,2,34,5,0,B,3,4,28,0,1128,20,50,0,1123,10
2025-12-18T16:19:31.560338,2,34,0,5,A,4,5,28,0,1128,20,,,,
2025-12-18T16:19:31.560549,2,34,5,0,B,4,5,28,0,1128,20,79,668,731,10
2025-12-18T16:19:31.582875,2,34,0,5,A,5,6,28,0,1128,20,,,,
2025-12-18T16:19:31.583058,2,34,5,0,B,5,6,28,0,1128,20,36,0,1110,10
2025-12-18T16:19:31.606099,2,34,0,5,A,6,7,28,0,1128,20,,,,
2025-12-18T16:19:31.606332,2,34,5,0,B,6,7,28,0,1128,20,,,,
2025-12-18T16:19:31.852783,2,35,0,9,A,0,1,28,0,1128,20,,,,
2025-12-18T16:19:31.860231,2,35,9,0,B,0,1,28,0,1128,20,62,262,317,20
2025-12-18T16:19:31.883584,2,35,0,9,A,1,2,28,0,1128,20,,,,
2025-12-18T16:19:31.883828,2,35,9,0,B,1,2,28,0,1128,20,44,359,412,10
2025-12-18T16:19:31.905897,2,35,0,9,A,2,3,28,0,1128,20,,,,
2025-12-18T16:19:31.906122,2,35,9,0,B,2,3,28,0,1128,20,74,353,412,50
2025-12-18T16:19:31.928867,2,35,0,9,A,3,4,28,0,1128,20,,,,
2025-12-18T16:19:31.929056,2,35,9,0,B,3,4,28,0,1128,20,62,262,317,20
2025-12-18T16:19:31.931682,2,35,0,9,A,4,5,28,0,1128,20,,,,
2025-12-18T16:19:31.931747,2,35,9,0,B,4,5,28,0,1128,20,44,359,412,10
2025-12-18T16:19:31.934286,2,35,0,9,A,5,6,28,0,1128,20,,,,
2025-12-18T16:19:31.934352,2,35,9,0,B,5,6,28,0,1128,20,40,0,1125,10
2025-12-18T16:19:31.959704,2,35,0,9,A,6,7,28,0,1128,20,,,,
2025-12-18T16:19:31.959929,2,35,9,0,B,6,7,28,0,1128,20,,,,
2025-12-18T16:19:32.258676,2,36,0,7,A,0,1,93,0,1102,40,,,,
2025-12-18T16:19:32.276847,2,36,7,0,B,0,1,93,0,1102,40,58,471,534,30
2025-12-18T16:19:32.299919,2,36,0,7,A,1,2,93,0,1102,40,,,,
2025-12-18T16:19:32.300099,2,36,7,0,B,1,2,93,0,1102,40,58,471,534,30
2025-12-18T16:19:32.302694,2,36,0,7,A,2,3,93,0,1102,40,,,,
2025-12-18T16:19:32.302745,2,36,7,0,B,2,3,93,0,1102,40,12,0,1107,20
2025-12-18T16:19:32.325143,2,36,0,7,A,3,4,93,0,1102,40,,,,
2025-12-18T16:19:32.325292,2,36,7,0,B,3,4,93,0,1102,40,96,0,1109,10
2025-12-18T16:19:32.348281,2,36,0,7,A,4,5,93,0,1102,40,,,,
2025-12-18T16:19:32.348481,2,36,7,0,B,4,5,93,0,1102,40,18,0,1110,20
2025-12-18T16:19:32.370880,2,36,0,7,A,5,6,93,0,1102,40,,,,
2025-12-18T16:19:32.371110,2,36,7,0,B,5,6,93,0,1102,40,29,0,1126,10
2025-12-18T16:19:32.395743,2,36,0,7,A,6,7,93,0,1102,40,,,,
2025-12-18T16:19:32.395914,2,36,7,0,B,6,7,93,0,1102,40,,,,
2025-12-18T16:19:32.857731,2,37,0,1,A,0,1,93,0,1102,40,,,,
2025-12-18T16:19:32.905454,2,37,1,0,B,0,1,93,0,1102,40,67,12,77,10
2025-12-18T16:19:32.935766,2,37,0,1,A,1,2,93,0,1102,40,,,,
2025-12-18T16:19:32.936008,2,37,1,0,B,1,2,93,0,1102,40,8,255,324,20
2025-12-18T16:19:32.967375,2,37,0,1,A,2,3,93,0,1102,40,,,,
2025-12-18T16:19:32.967538,2,37,1,0,B,2,3,93,0,1102,40,4,727,782,10
2025-12-18T16:19:32.994041,2,37,0,1,A,3,4,93,0,1102,40,,,,
2025-12-18T16:19:32.994239,2,37,1,0,B,3,4,93,0,1102,40,67,12,77,10
2025-12-18T16:19:32.994880,2,37,0,1,A,4,5,93,0,1102,40,,,,
2025-12-18T16:19:32.994931,2,37,1,0,B,4,5,93,0,1102,40,32,0,1114,30
2025-12-18T16:19:33.023694,2,37,0,1,A,5,6,93,0,1102,40,,,,
2025-12-18T16:19:33.023887,2,37,1,0,B,5,6,93,0,1102,40,54,0,1105,40
2025-12-18T16:19:33.051527,2,37,0,1,A,6,7,93,0,1102,40,,,,
2025-12-18T16:19:33.051765,2,37,1,0,B,6,7,93,0,1102,40,95,0,1108,30
2025-12-18T16:19:33.079408,2,37,0,1,A,7,8,93,0,1102,40,,,,
2025-12-18T16:19:33.079631,2,37,1,0,B,7,8,93,0,1102,40,37,0,1106,20
2025-12-18T16:19:33.107939,2,37,0,1,A,8,9,93,0,1102,40,,,,
2025-12-18T16:19:33.108150,2,37,1,0,B,8,9,93,0,1102,40,97,0,1105,30
2025-12-18T16:19:33.136403,2,37,0,1,A,9,10,93,0,1102,40,,,,
2025-12-18T16:19:33.136616,2,37,1,0,B,9,10,93,0,1102,40,8,255,324,20
2025-12-18T16:19:33.516799,2,38,1,13,A,0,1,61,0,1123,10,,,,
2025-12-18T16:19:33.557894,2,38,13,1,B,0,1,61,0,1123,10,73,0,1090,10
2025-12-18T16:19:33.579963,2,38,1,13,A,1,2,61,0,1123,10,,,,
2025-12-18T16:19:33.580199,2,38,13,1,B,1,2,61,0,1123,10,3,0,1129,10
2025-12-18T16:19:33.600462,2,38,1,13,A,2,3,61,0,1123,10,,,,
2025-12-18T16:19:33.600700,2,38,13,1,B,2,3,61,0,1123,10,57,0,1111,40
2025-12-18T16:19:33.620597,2,38,1,13,A,3,4,61,0,1123,10,,,,
2025-12-18T16:19:33.620798,2,38,13,1,B,3,4,61,0,1123,10,83,0,1113,10
2025-12-18T16:19:33.641191,2,38,1,13,A,4,5,61,0,1123,10,,,,
2025-12-18T16:19:33.641404,2,38,13,1,B,4,5,61,0,1123,10,10,0,1129,10
2025-12-18T16:19:33.661105,2,38,1,13,A,5,6,61,0,1123,10,,,,
2025-12-18T16:19:33.661316,2,38,13,1,B,5,6,61,0,1123,10,43,0,1129,10
2025-12-18T16:19:33.681291,2,38,1,13,A,6,7,61,0,1123,10,,,,
2025-12-18T16:19:33.681503,2,38,13,1,B,6,7,61,0,1123,10,,,,
2025-12-18T16:19:33.868875,2,39,1,12,A,0,1,61,0,1123,10,,,,
2025-12-18T16:19:33.874489,2,39,12,1,B,0,1,61,0,1123,10,,,,
2025-12-18T16:19:34.263859,2,40,1,0,A,0,1,61,0,1123,10,,,,
2025-12-18T16:19:34.311368,2,40,0,1,B,0,1,61,0,1123,10,9,534,605,10
2025-12-18T16:19:34.329586,2,40,1,0,A,1,2,61,0,1123,10,,,,
2025-12-18T16:19:34.329790,2,40,0,1,B,1,2,61,0,1123,10,17,0,1112,20
2025-12-18T16:19:34.349804,2,40,1,0,A,2,3,61,0,1123,10,,,,
2025-12-18T16:19:34.349957,2,40,0,1,B,2,3,61,0,1123,10,33,0,1112,40
2025-12-18T16:19:34.369250,2,40,1,0,A,3,4,61,0,1123,10,,,,
2025-12-18T16:19:34.369425,2,40,0,1,B,3,4,61,0,1123,10,93,0,1102,40
2025-12-18T16:19:34.388901,2,40,1,0,A,4,5,61,0,1123,10,,,,
2025-12-18T16:19:34.389087,2,40,0,1,B,4,5,61,0,1123,10,1,0,1127,10
2025-12-18T16:19:34.408393,2,40,1,0,A,5,6,61,0,1123,10,,,,
2025-12-18T16:19:34.408907,2,40,0,1,B,5,6,61,0,1123,10,7,0,1130,20
2025-12-18T16:19:34.427929,2,40,1,0,A,6,7,61,0,1123,10,,,,
2025-12-18T16:19:34.428102,2,40,0,1,B,6,7,61,0,1123,10,28,0,1128,20
2025-12-18T16:19:34.447056,2,40,1,0,A,7,8,61,0,1123,10,,,,
2025-12-18T16:19:34.447165,2,40,0,1,B,7,8,61,0,1123,10,39,0,1105,20
2025-12-18T16:19:34.467490,2,40,1,0,A,8,9,61,0,1123,10,,,,
2025-12-18T16:19:34.467732,2,40,0,1,B,8,9,61,0,1123,10,9,534,605,10
2025-12-18T16:19:34.470154,2,40,1,0,A,9,10,61,0,1123,10,,,,
2025-12-18T16:19:34.470227,2,40,0,1,B,9,10,61,0,1123,10,6,0,1127,20
2025-12-18T16:19:34.827872,2,41,1,11,A,0,1,61,0,1123,10,,,,
2025-12-18T16:19:34.868524,2,41,11,1,B,0,1,61,0,1123,10,25,169,224,40
2025-12-18T16:19:34.888600,2,41,1,11,A,1,2,61,0,1123,10,,,,
2025-12-18T16:19:34.888863,2,41,11,1,B,1,2,61,0,1123,10,11,448,505,10
2025-12-18T16:19:34.906641,2,41,1,11,A,2,3,61,0,1123,10,,,,
2025-12-18T16:19:34.906866,2,41,11,1,B,2,3,61,0,1123,10,38,479,522,30
2025-12-18T16:19:34.924846,2,41,1,11,A,3,4,61,0,1123,10,,,,
2025-12-18T16:19:34.925259,2,41,11,1,B,3,4,61,0,1123,10,86,0,1119,10
2025-12-18T16:19:34.945615,2,41,1,11,A,4,5,61,0,1123,10,,,,
2025-12-18T16:19:34.945851,2,41,11,1,B,4,5,61,0,1123,10,35,0,1107,10
2025-12-18T16:19:34.965626,2,41,1,11,A,5,6,61,0,1123,10,,,,
2025-12-18T16:19:34.965807,2,41,11,1,B,5,6,61,0,1123,10,19,0,1106,10
2025-12-18T16:19:34.986790,2,41,1,11,A,6,7,61,0,1123,10,,,,
2025-12-18T16:19:34.987013,2,41,11,1,B,6,7,61,0,1123,10,25,169,224,40
2025-12-18T16:19:34.989137,2,41,1,11,A,7,8,61,0,1123,10,,,,
2025-12-18T16:19:34.989198,2,41,11,1,B,7,8,61,0,1123,10,21,0,1135,20
2025-12-18T16:19:35.009000,2,41,1,11,A,8,9,61,0,1123,10,,,,
2025-12-18T16:19:35.009145,2,41,11,1,B,8,9,61,0,1123,10,11,448,505,10
2025-12-18T16:19:35.011479,2,41,1,11,A,9,10,61,0,1123,10,,,,
2025-12-18T16:19:35.011548,2,41,11,1,B,9,10,61,0,1123,10,38,479,522,30
2025-12-18T16:19:35.413664,2,42,1,2,A,0,1,61,0,1123,10,,,,
2025-12-18T16:19:35.461795,2,42,2,1,B,0,1,61,0,1123,10,60,0,1100,20
2025-12-18T16:19:35.483201,2,42,1,2,A,1,2,61,0,1123,10,,,,
2025-12-18T16:19:35.483376,2,42,2,1,B,1,2,61,0,1123,10,78,0,1095,20
2025-12-18T16:19:35.502389,2,42,1,2,A,2,3,61,0,1123,10,,,,
2025-12-18T16:19:35.502542,2,42,2,1,B,2,3,61,0,1123,10,88,0,1119,30
2025-12-18T16:19:35.522254,2,42,1,2,A,3,4,61,0,1123,10,,,,
2025-12-18T16:19:35.522416,2,42,2,1,B,3,4,61,0,1123,10,2,0,1125,30
2025-12-18T16:19:35.541776,2,42,1,2,A,4,5,61,0,1123,10,,,,
2025-12-18T16:19:35.541974,2,42,2,1,B,4,5,61,0,1123,10,24,0,1131,10
2025-12-18T16:19:35.561892,2,42,1,2,A,5,6,61,0,1123,10,,,,
2025-12-18T16:19:35.562066,2,42,2,1,B,5,6,61,0,1123,10,91,0,1123,10
2025-12-18T16:19:35.581583,2,42,1,2,A,6,7,61,0,1123,10,,,,
2025-12-18T16:19:35.581744,2,42,2,1,B,6,7,61,0,1123,10,,,,
2025-12-18T16:19:35.984412,2,43,1,3,A,0,1,61,0,1123,10,,,,
2025-12-18T16:19:36.031987,2,43,3,1,B,0,1,61,0,1123,10,77,574,643,10
2025-12-18T16:19:36.050323,2,43,1,3,A,1,2,61,0,1123,10,,,,
2025-12-18T16:19:36.050502,2,43,3,1,B,1,2,61,0,1123,10,99,743,820,10
2025-12-18T16:19:36.068160,2,43,1,3,A,2,3,61,0,1123,10,,,,
2025-12-18T16:19:36.068359,2,43,3,1,B,2,3,61,0,1123,10,87,85,144,20
2025-12-18T16:19:36.084680,2,43,1,3,A,3,4,61,0,1123,10,,,,
2025-12-18T16:19:36.084824,2,43,3,1,B,3,4,61,0,1123,10,52,0,1124,10
2025-12-18T16:19:36.104068,2,43,1,3,A,4,5,61,0,1123,10,,,,
2025-12-18T16:19:36.104235,2,43,3,1,B,4,5,61,0,1123,10,77,574,643,10
2025-12-18T16:19:36.106668,2,43,1,3,A,5,6,61,0,1123,10,,,,
2025-12-18T16:19:36.106744,2,43,3,1,B,5,6,61,0,1123,10,98,0,1115,20
2025-12-18T16:19:36.126180,2,43,1,3,A,6,7,61,0,1123,10,,,,
2025-12-18T16:19:36.126330,2,43,3,1,B,6,7,61,0,1123,10,81,0,1098,30
2025-12-18T16:19:36.145937,2,43,1,3,A,7,8,61,0,1123,10,,,,
2025-12-18T16:19:36.146136,2,43,3,1,B,7,8,61,0,1123,10,99,743,820,10
2025-12-18T16:19:36.148509,2,43,1,3,A,8,9,61,0,1123,10,,,,
2025-12-18T16:19:36.148560,2,43,3,1,B,8,9,61,0,1123,10,87,85,144,20
2025-12-18T16:19:36.150227,2,43,1,3,A,9,10,61,0,1123,10,,,,
2025-12-18T16:19:36.150298,2,43,3,1,B,9,10,61,0,1123,10,5,0,1130,10
2025-12-18T16:19:36.504242,2,44,1,8,A,0,1,61,0,1123,10,,,,
2025-12-18T16:19:36.552402,2,44,8,1,B,0,1,61,0,1123,10,53,286,347,20
2025-12-18T16:19:36.570831,2,44,1,8,A,1,2,61,0,1123,10,,,,
2025-12-18T16:19:36.571002,2,44,8,1,B,1,2,61,0,1123,10,100,647,726,20
2025-12-18T16:19:36.588442,2,44,1,8,A,2,3,61,0,1123,10,,,,
2025-12-18T16:19:36.588572,2,44,8,1,B,2,3,61,0,1123,10,76,203,260,10
2025-12-18T16:19:36.605383,2,44,1,8,A,3,4,61,0,1123,10,,,,
2025-12-18T16:19:36.605505,2,44,8,1,B,3,4,61,0,1123,10,69,916,969,10
2025-12-18T16:19:36.622801,2,44,1,8,A,4,5,61,0,1123,10,,,,
2025-12-18T16:19:36.622926,2,44,8,1,B,4,5,61,0,1123,10,53,286,347,20
2025-12-18T16:19:36.625238,2,44,1,8,A,5,6,61,0,1123,10,,,,
2025-12-18T16:19:36.625348,2,44,8,1,B,5,6,61,0,1123,10,100,647,726,20
2025-12-18T16:19:36.627861,2,44,1,8,A,6,7,61,0,1123,10,,,,
2025-12-18T16:19:36.627917,2,44,8,1,B,6,7,61,0,1123,10,76,203,260,10
2025-12-18T16:19:36.630040,2,44,1,8,A,7,8,61,0,1123,10,,,,
2025-12-18T16:19:36.630079,2,44,8,1,B,7,8,61,0,1123,10,75,0,1130,20
2025-12-18T16:19:36.649226,2,44,1,8,A,8,9,61,0,1123,10,,,,
2025-12-18T16:19:36.649391,2,44,8,1,B,8,9,61,0,1123,10,69,916,969,10
2025-12-18T16:19:36.651740,2,44,1,8,A,9,10,61,0,1123,10,,,,
2025-12-18T16:19:36.651783,2,44,8,1,B,9,10,61,0,1123,10,59,0,1110,10
2025-12-18T16:19:37.034490,2,45,1,10,A,0,1,61,0,1123,10,,,,
2025-12-18T16:19:37.084240,2,45,10,1,B,0,1,61,0,1123,10,55,95,158,10
2025-12-18T16:19:37.102640,2,45,1,10,A,1,2,61,0,1123,10,,,,
2025-12-18T16:19:37.102834,2,45,10,1,B,1,2,61,0,1123,10,92,368,441,20
2025-12-18T16:19:37.119829,2,45,1,10,A,2,3,61,0,1123,10,,,,
2025-12-18T16:19:37.120023,2,45,10,1,B,2,3,61,0,1123,10,84,458,523,20
2025-12-18T16:19:37.136818,2,45,1,10,A,3,4,61,0,1123,10,,,,
2025-12-18T16:19:37.136935,2,45,10,1,B,3,4,61,0,1123,10,71,0,1088,20
2025-12-18T16:19:37.157007,2,45,1,10,A,4,5,61,0,1123,10,,,,
2025-12-18T16:19:37.157211,2,45,10,1,B,4,5,61,0,1123,10,55,95,158,10
2025-12-18T16:19:37.159439,2,45,1,10,A,5,6,61,0,1123,10,,,,
2025-12-18T16:19:37.159511,2,45,10,1,B,5,6,61,0,1123,10,14,0,1106,10
2025-12-18T16:19:37.178867,2,45,1,10,A,6,7,61,0,1123,10,,,,
2025-12-18T16:19:37.179055,2,45,10,1,B,6,7,61,0,1123,10,92,368,441,20
2025-12-18T16:19:37.181434,2,45,1,10,A,7,8,61,0,1123,10,,,,
2025-12-18T16:19:37.181489,2,45,10,1,B,7,8,61,0,1123,10,30,0,1125,10
2025-12-18T16:19:37.200777,2,45,1,10,A,8,9,61,0,1123,10,,,,
2025-12-18T16:19:37.200977,2,45,10,1,B,8,9,61,0,1123,10,84,458,523,20
2025-12-18T16:19:37.203418,2,45,1,10,A,9,10,61,0,1123,10,,,,
2025-12-18T16:19:37.203477,2,45,10,1,B,9,10,61,0,1123,10,90,0,1125,10
2025-12-18T16:19:37.552867,2,46,1,6,A,0,1,61,0,1123,10,,,,
2025-12-18T16:19:37.575408,2,46,6,1,B,0,1,61,0,1123,10,70,0,1087,30
2025-12-18T16:19:37.595082,2,46,1,6,A,1,2,61,0,1123,10,,,,
2025-12-18T16:19:37.595258,2,46,6,1,B,1,2,61,0,1123,10,94,0,1105,10
2025-12-18T16:19:37.614444,2,46,1,6,A,2,3,61,0,1123,10,,,,
2025-12-18T16:19:37.614635,2,46,6,1,B,2,3,61,0,1123,10,48,0,1122,10
2025-12-18T16:19:37.634696,2,46,1,6,A,3,4,61,0,1123,10,,,,
2025-12-18T16:19:37.634902,2,46,6,1,B,3,4,61,0,1123,10,34,0,1113,20
2025-12-18T16:19:37.653899,2,46,1,6,A,4,5,61,0,1123,10,,,,
2025-12-18T16:19:37.654084,2,46,6,1,B,4,5,61,0,1123,10,65,0,1133,10
2025-12-18T16:19:37.672896,2,46,1,6,A,5,6,61,0,1123,10,,,,
2025-12-18T16:19:37.673090,2,46,6,1,B,5,6,61,0,1123,10,23,732,777,10
2025-12-18T16:19:37.690637,2,46,1,6,A,6,7,61,0,1123,10,,,,
2025-12-18T16:19:37.690791,2,46,6,1,B,6,7,61,0,1123,10,,,,
2025-12-18T16:19:37.969222,2,47,1,5,A,0,1,61,0,1123,10,,,,
2025-12-18T16:19:37.993161,2,47,5,1,B,0,1,61,0,1123,10,56,0,1101,30
2025-12-18T16:19:38.014153,2,47,1,5,A,1,2,61,0,1123,10,,,,
2025-12-18T16:19:38.014360,2,47,5,1,B,1,2,61,0,1123,10,80,0,1094,10
2025-12-18T16:19:38.034333,2,47,1,5,A,2,3,61,0,1123,10,,,,
2025-12-18T16:19:38.034533,2,47,5,1,B,2,3,61,0,1123,10,41,0,1127,10
2025-12-18T16:19:38.054089,2,47,1,5,A,3,4,61,0,1123,10,,,,
2025-12-18T16:19:38.054254,2,47,5,1,B,3,4,61,0,1123,10,50,0,1123,10
2025-12-18T16:19:38.073783,2,47,1,5,A,4,5,61,0,1123,10,,,,
2025-12-18T16:19:38.073966,2,47,5,1,B,4,5,61,0,1123,10,79,668,731,10
2025-12-18T16:19:38.092040,2,47,1,5,A,5,6,61,0,1123,10,,,,
2025-12-18T16:19:38.092226,2,47,5,1,B,5,6,61,0,1123,10,36,0,1110,10
2025-12-18T16:19:38.112429,2,47,1,5,A,6,7,61,0,1123,10,,,,
2025-12-18T16:19:38.112613,2,47,5,1,B,6,7,61,0,1123,10,,,,
2025-12-18T16:19:38.313877,2,48,1,9,A,0,1,61,0,1123,10,,,,
2025-12-18T16:19:38.321221,2,48,9,1,B,0,1,61,0,1123,10,62,262,317,20
2025-12-18T16:19:38.337949,2,48,1,9,A,1,2,61,0,1123,10,,,,
2025-12-18T16:19:38.338184,2,48,9,1,B,1,2,61,0,1123,10,44,359,412,10
2025-12-18T16:19:38.355638,2,48,1,9,A,2,3,61,0,1123,10,,,,
2025-12-18T16:19:38.355766,2,48,9,1,B,2,3,61,0,1123,10,74,353,412,50
2025-12-18T16:19:38.373010,2,48,1,9,A,3,4,61,0,1123,10,,,,
2025-12-18T16:19:38.373213,2,48,9,1,B,3,4,61,0,1123,10,62,262,317,20
2025-12-18T16:19:38.375445,2,48,1,9,A,4,5,61,0,1123,10,,,,
2025-12-18T16:19:38.375517,2,48,9,1,B,4,5,61,0,1123,10,44,359,412,10
2025-12-18T16:19:38.378016,2,48,1,9,A,5,6,61,0,1123,10,,,,
2025-12-18T16:19:38.378067,2,48,9,1,B,5,6,61,0,1123,10,40,0,1125,10
2025-12-18T16:19:38.397858,2,48,1,9,A,6,7,61,0,1123,10,,,,
2025-12-18T16:19:38.398071,2,48,9,1,B,6,7,61,0,1123,10,,,,
2025-12-18T16:19:38.778796,2,49,1,13,A,0,1,54,0,1105,40,,,,
2025-12-18T16:19:38.816963,2,49,13,1,B,0,1,54,0,1105,40,73,0,1090,10
2025-12-18T16:19:38.838747,2,49,1,13,A,1,2,54,0,1105,40,,,,
2025-12-18T16:19:38.838970,2,49,13,1,B,1,2,54,0,1105,40,3,0,1129,10
2025-12-18T16:19:38.858838,2,49,1,13,A,2,3,54,0,1105,40,,,,
2025-12-18T16:19:38.859011,2,49,13,1,B,2,3,54,0,1105,40,57,0,1111,40
2025-12-18T16:19:38.879366,2,49,1,13,A,3,4,54,0,1105,40,,,,
2025-12-18T16:19:38.879539,2,49,13,1,B,3,4,54,0,1105,40,83,0,1113,10
2025-12-18T16:19:38.899843,2,49,1,13,A,4,5,54,0,1105,40,,,,
2025-12-18T16:19:38.900075,2,49,13,1,B,4,5,54,0,1105,40,10,0,1129,10
2025-12-18T16:19:38.919538,2,49,1,13,A,5,6,54,0,1105,40,,,,
2025-12-18T16:19:38.919711,2,49,13,1,B,5,6,54,0,1105,40,43,0,1129,10
2025-12-18T16:19:38.939922,2,49,1,13,A,6,7,54,0,1105,40,,,,
2025-12-18T16:19:38.940103,2,49,13,1,B,6,7,54,0,1105,40,,,,
2025-12-18T16:19:39.131170,2,50,1,12,A,0,1,54,0,1105,40,,,,
2025-12-18T16:19:39.136749,2,50,12,1,B,0,1,54,0,1105,40,,,,
2025-12-18T16:19:39.527280,2,51,1,0,A,0,1,54,0,1105,40,,,,
2025-12-18T16:19:39.572166,2,51,0,1,B,0,1,54,0,1105,40,9,534,605,10
2025-12-18T16:19:39.590865,2,51,1,0,A,1,2,54,0,1105,40,,,,
2025-12-18T16:19:39.591052,2,51,0,1,B,1,2,54,0,1105,40,17,0,1112,20
2025-12-18T16:19:39.610638,2,51,1,0,A,2,3,54,0,1105,40,,,,
2025-12-18T16:19:39.610846,2,51,0,1,B,2,3,54,0,1105,40,33,0,1112,40
2025-12-18T16:19:39.630487,2,51,1,0,A,3,4,54,0,1105,40,,,,
2025-12-18T16:19:39.630637,2,51,0,1,B,3,4,54,0,1105,40,93,0,1102,40
2025-12-18T16:19:39.650126,2,51,1,0,A,4,5,54,0,1105,40,,,,
2025-12-18T16:19:39.650334,2,51,0,1,B,4,5,54,0,1105,40,1,0,1127,10
2025-12-18T16:19:39.670480,2,51,1,0,A,5,6,54,0,1105,40,,,,
2025-12-18T16:19:39.670657,2,51,0,1,B,5,6,54,0,1105,40,7,0,1130,20
2025-12-18T16:19:39.689635,2,51,1,0,A,6,7,54,0,1105,40,,,,
2025-12-18T16:19:39.689785,2,51,0,1,B,6,7,54,0,1105,40,28,0,1128,20
2025-12-18T16:19:39.709217,2,51,1,0,A,7,8,54,0,1105,40,,,,
2025-12-18T16:19:39.709384,2,51,0,1,B,7,8,54,0,1105,40,39,0,1105,20
2025-12-18T16:19:39.729258,2,51,1,0,A,8,9,54,0,1105,40,,,,
2025-12-18T16:19:39.729457,2,51,0,1,B,8,9,54,0,1105,40,9,534,605,10
2025-12-18T16:19:39.731909,2,51,1,0,A,9,10,54,0,1105,40,,,,
2025-12-18T16:19:39.731960,2,51,0,1,B,9,10,54,0,1105,40,6,0,1127,20
2025-12-18T16:19:40.068119,2,52,1,11,A,0,1,54,0,1105,40,,,,
2025-12-18T16:19:40.107689,2,52,11,1,B,0,1,54,0,1105,40,25,169,224,40
2025-12-18T16:19:40.125429,2,52,1,11,A,1,2,54,0,1105,40,,,,
2025-12-18T16:19:40.125665,2,52,11,1,B,1,2,54,0,1105,40,11,448,505,10
2025-12-18T16:19:40.142753,2,52,1,11,A,2,3,54,0,1105,40,,,,
2025-12-18T16:19:40.142969,2,52,11,1,B,2,3,54,0,1105,40,38,479,522,30
2025-12-18T16:19:40.159909,2,52,1,11,A,3,4,54,0,1105,40,,,,
2025-12-18T16:19:40.160071,2,52,11,1,B,3,4,54,0,1105,40,86,0,1119,10
2025-12-18T16:19:40.180790,2,52,1,11,A,4,5,54,0,1105,40,,,,
2025-12-18T16:19:40.181030,2,52,11,1,B,4,5,54,0,1105,40,35,0,1107,10
2025-12-18T16:19:40.200748,2,52,1,11,A,5,6,54,0,1105,40,,,,
2025-12-18T16:19:40.200954,2,52,11,1,B,5,6,54,0,1105,40,19,0,1106,10
2025-12-18T16:19:40.220154,2,52,1,11,A,6,7,54,0,1105,40,,,,
2025-12-18T16:19:40.220374,2,52,11,1,B,6,7,54,0,1105,40,25,169,224,40
2025-12-18T16:19:40.222557,2,52,1,11,A,7,8,54,0,1105,40,,,,
2025-12-18T16:19:40.222619,2,52,11,1,B,7,8,54,0,1105,40,21,0,1135,20
2025-12-18T16:19:40.242546,2,52,1,11,A,8,9,54,0,1105,40,,,,
2025-12-18T16:19:40.242719,2,52,11,1,B,8,9,54,0,1105,40,11,448,505,10
2025-12-18T16:19:40.245127,2,52,1,11,A,9,10,54,0,1105,40,,,,
2025-12-18T16:19:40.245175,2,52,11,1,B,9,10,54,0,1105,40,38,479,522,30
2025-12-18T16:19:40.638961,2,53,1,2,A,0,1,54,0,1105,40,,,,
2025-12-18T16:19:40.686775,2,53,2,1,B,0,1,54,0,1105,40,60,0,1100,20
2025-12-18T16:19:40.707217,2,53,1,2,A,1,2,54,0,1105,40,,,,
2025-12-18T16:19:40.707403,2,53,2,1,B,1,2,54,0,1105,40,78,0,1095,20
2025-12-18T16:19:40.726823,2,53,1,2,A,2,3,54,0,1105,40,,,,
2025-12-18T16:19:40.727030,2,53,2,1,B,2,3,54,0,1105,40,88,0,1119,30
2025-12-18T16:19:40.746646,2,53,1,2,A,3,4,54,0,1105,40,,,,
2025-12-18T16:19:40.746834,2,53,2,1,B,3,4,54,0,1105,40,2,0,1125,30
2025-12-18T16:19:40.766387,2,53,1,2,A,4,5,54,0,1105,40,,,,
2025-12-18T16:19:40.766577,2,53,2,1,B,4,5,54,0,1105,40,24,0,1131,10
2025-12-18T16:19:40.785718,2,53,1,2,A,5,6,54,0,1105,40,,,,
2025-12-18T16:19:40.785862,2,53,2,1,B,5,6,54,0,1105,40,91,0,1123,10
2025-12-18T16:19:40.805615,2,53,1,2,A,6,7,54,0,1105,40,,,,
2025-12-18T16:19:40.805769,2,53,2,1,B,6,7,54,0,1105,40,,,,
2025-12-18T16:19:41.204514,2,54,1,3,A,0,1,54,0,1105,40,,,,
2025-12-18T16:19:41.251393,2,54,3,1,B,0,1,54,0,1105,40,77,574,643,10
2025-12-18T16:19:41.270694,2,54,1,3,A,1,2,54,0,1105,40,,,,
2025-12-18T16:19:41.270848,2,54,3,1,B,1,2,54,0,1105,40,99,743,820,10
2025-12-18T16:19:41.287861,2,54,1,3,A,2,3,54,0,1105,40,,,,
2025-12-18T16:19:41.288067,2,54,3,1,B,2,3,54,0,1105,40,87,85,144,20
2025-12-18T16:19:41.304286,2,54,1,3,A,3,4,54,0,1105,40,,,,
2025-12-18T16:19:41.304500,2,54,3,1,B,3,4,54,0,1105,40,52,0,1124,10
2025-12-18T16:19:41.323949,2,54,1,3,A,4,5,54,0,1105,40,,,,
2025-12-18T16:19:41.324136,2,54,3,1,B,4,5,54,0,1105,40,77,574,643,10
2025-12-18T16:19:41.326541,2,54,1,3,A,5,6,54,0,1105,40,,,,
2025-12-18T16:19:41.326593,2,54,3,1,B,5,6,54,0,1105,40,98,0,1115,20
2025-12-18T16:19:41.346093,2,54,1,3,A,6,7,54,0,1105,40,,,,
2025-12-18T16:19:41.346252,2,54,3,1,B,6,7,54,0,1105,40,81,0,1098,30
2025-12-18T16:19:41.365855,2,54,1,3,A,7,8,54,0,1105,40,,,,
2025-12-18T16:19:41.365987,2,54,3,1,B,7,8,54,0,1105,40,99,743,820,10
2025-12-18T16:19:41.368360,2,54,1,3,A,8,9,54,0,1105,40,,,,
2025-12-18T16:19:41.368408,2,54,3,1,B,8,9,54,0,1105,40,87,85,144,20
2025-12-18T16:19:41.370334,2,54,1,3,A,9,10,54,0,1105,40,,,,
2025-12-18T16:19:41.370399,2,54,3,1,B,9,10,54,0,1105,40,5,0,1130,10
2025-12-18T16:19:41.725692,2,55,1,8,A,0,1,54,0,1105,40,,,,
2025-12-18T16:19:41.770741,2,55,8,1,B,0,1,54,0,1105,40,53,286,347,20
2025-12-18T16:19:41.789431,2,55,1,8,A,1,2,54,0,1105,40,,,,
2025-12-18T16:19:41.789620,2,55,8,1,B,1,2,54,0,1105,40,100,647,726,20
2025-12-18T16:19:41.806907,2,55,1,8,A,2,3,54,0,1105,40,,,,
2025-12-18T16:19:41.807096,2,55,8,1,B,2,3,54,0,1105,40,76,203,260,10
2025-12-18T16:19:41.824372,2,55,1,8,A,3,4,54,0,1105,40,,,,
2025-12-18T16:19:41.824526,2,55,8,1,B,3,4,54,0,1105,40,69,916,969,10
2025-12-18T16:19:41.841657,2,55,1,8,A,4,5,54,0,1105,40,,,,
2025-12-18T16:19:41.841790,2,55,8,1,B,4,5,54,0,1105,40,53,286,347,20
2025-12-18T16:19:41.843867,2,55,1,8,A,5,6,54,0,1105,40,,,,
2025-12-18T16:19:41.843916,2,55,8,1,B,5,6,54,0,1105,40,100,647,726,20
2025-12-18T16:19:41.846200,2,55,1,8,A,6,7,54,0,1105,40,,,,
2025-12-18T16:19:41.846246,2,55,8,1,B,6,7,54,0,1105,40,76,203,260,10
2025-12-18T16:19:41.848423,2,55,1,8,A,7,8,54,0,1105,40,,,,
2025-12-18T16:19:41.848504,2,55,8,1,B,7,8,54,0,1105,40,75,0,1130,20
2025-12-18T16:19:41.868008,2,55,1,8,A,8,9,54,0,1105,40,,,,
2025-12-18T16:19:41.868145,2,55,8,1,B,8,9,54,0,1105,40,69,916,969,10
2025-12-18T16:19:41.870483,2,55,1,8,A,9,10,54,0,1105,40,,,,
2025-12-18T16:19:41.870530,2,55,8,1,B,9,10,54,0,1105,40,59,0,1110,10
2025-12-18T16:19:42.252459,2,56,1,10,A,0,1,54,0,1105,40,,,,
2025-12-18T16:19:42.302707,2,56,10,1,B,0,1,54,0,1105,40,55,95,158,10
2025-12-18T16:19:42.320529,2,56,1,10,A,1,2,54,0,1105,40,,,,
2025-12-18T16:19:42.320705,2,56,10,1,B,1,2,54,0,1105,40,92,368,441,20
2025-12-18T16:19:42.337921,2,56,1,10,A,2,3,54,0,1105,40,,,,
2025-12-18T16:19:42.338114,2,56,10,1,B,2,3,54,0,1105,40,84,458,523,20
2025-12-18T16:19:42.354825,2,56,1,10,A,3,4,54,0,1105,40,,,,
2025-12-18T16:19:42.354991,2,56,10,1,B,3,4,54,0,1105,40,71,0,1088,20
2025-12-18T16:19:42.373899,2,56,1,10,A,4,5,54,0,1105,40,,,,
2025-12-18T16:19:42.374131,2,56,10,1,B,4,5,54,0,1105,40,55,95,158,10
2025-12-18T16:19:42.376257,2,56,1,10,A,5,6,54,0,1105,40,,,,
2025-12-18T16:19:42.376303,2,56,10,1,B,5,6,54,0,1105,40,14,0,1106,10
2025-12-18T16:19:42.396220,2,56,1,10,A,6,7,54,0,1105,40,,,,
2025-12-18T16:19:42.396435,2,56,10,1,B,6,7,54,0,1105,40,92,368,441,20
2025-12-18T16:19:42.398785,2,56,1,10,A,7,8,54,0,1105,40,,,,
2025-12-18T16:19:42.398831,2,56,10,1,B,7,8,54,0,1105,40,30,0,1125,10
2025-12-18T16:19:42.418711,2,56,1,10,A,8,9,54,0,1105,40,,,,
2025-12-18T16:19:42.418895,2,56,10,1,B,8,9,54,0,1105,40,84,458,523,20
2025-12-18T16:19:42.421244,2,56,1,10,A,9,10,54,0,1105,40,,,,
2025-12-18T16:19:42.421291,2,56,10,1,B,9,10,54,0,1105,40,90,0,1125,10
2025-12-18T16:19:42.683904,2,57,1,6,A,0,1,54,0,1105,40,,,,
2025-12-18T16:19:42.707375,2,57,6,1,B,0,1,54,0,1105,40,70,0,1087,30
2025-12-18T16:19:42.727857,2,57,1,6,A,1,2,54,0,1105,40,,,,
2025-12-18T16:19:42.728042,2,57,6,1,B,1,2,54,0,1105,40,94,0,1105,10
2025-12-18T16:19:42.748312,2,57,1,6,A,2,3,54,0,1105,40,,,,
2025-12-18T16:19:42.748522,2,57,6,1,B,2,3,54,0,1105,40,48,0,1122,10
2025-12-18T16:19:42.767912,2,57,1,6,A,3,4,54,0,1105,40,,,,
2025-12-18T16:19:42.768097,2,57,6,1,B,3,4,54,0,1105,40,34,0,1113,20
2025-12-18T16:19:42.787166,2,57,1,6,A,4,5,54,0,1105,40,,,,
2025-12-18T16:19:42.787283,2,57,6,1,B,4,5,54,0,1105,40,65,0,1133,10
2025-12-18T16:19:42.806421,2,57,1,6,A,5,6,54,0,1105,40,,,,
2025-12-18T16:19:42.806587,2,57,6,1,B,5,6,54,0,1105,40,23,732,777,10
2025-12-18T16:19:42.823535,2,57,1,6,A,6,7,54,0,1105,40,,,,
2025-12-18T16:19:42.823740,2,57,6,1,B,6,7,54,0,1105,40,,,,
2025-12-18T16:19:43.101186,2,58,1,5,A,0,1,54,0,1105,40,,,,
2025-12-18T16:19:43.125562,2,58,5,1,B,0,1,54,0,1105,40,56,0,1101,30
2025-12-18T16:19:43.145562,2,58,1,5,A,1,2,54,0,1105,40,,,,
2025-12-18T16:19:43.145743,2,58,5,1,B,1,2,54,0,1105,40,80,0,1094,10
2025-12-18T16:19:43.164892,2,58,1,5,A,2,3,54,0,1105,40,,,,
2025-12-18T16:19:43.165039,2,58,5,1,B,2,3,54,0,1105,40,41,0,1127,10
2025-12-18T16:19:43.184696,2,58,1,5,A,3,4,54,0,1105,40,,,,
2025-12-18T16:19:43.184874,2,58,5,1,B,3,4,54,0,1105,40,50,0,1123,10
2025-12-18T16:19:43.204251,2,58,1,5,A,4,5,54,0,1105,40,,,,
2025-12-18T16:19:43.204451,2,58,5,1,B,4,5,54,0,1105,40,79,668,731,10
2025-12-18T16:19:43.221353,2,58,1,5,A,5,6,54,0,1105,40,,,,
2025-12-18T16:19:43.221537,2,58,5,1,B,5,6,54,0,1105,40,36,0,1110,10
2025-12-18T16:19:43.241671,2,58,1,5,A,6,7,54,0,1105,40,,,,
2025-12-18T16:19:43.241874,2,58,5,1,B,6,7,54,0,1105,40,,,,
2025-12-18T16:19:43.438471,2,59,1,9,A,0,1,54,0,1105,40,,,,
2025-12-18T16:19:43.445683,2,59,9,1,B,0,1,54,0,1105,40,62,262,317,20
2025-12-18T16:19:43.462759,2,59,1,9,A,1,2,54,0,1105,40,,,,
2025-12-18T16:19:43.462897,2,59,9,1,B,1,2,54,0,1105,40,44,359,412,10
2025-12-18T16:19:43.480225,2,59,1,9,A,2,3,54,0,1105,40,,,,
2025-12-18T16:19:43.480350,2,59,9,1,B,2,3,54,0,1105,40,74,353,412,50
2025-12-18T16:19:43.497336,2,59,1,9,A,3,4,54,0,1105,40,,,,
2025-12-18T16:19:43.497500,2,59,9,1,B,3,4,54,0,1105,40,62,262,317,20
2025-12-18T16:19:43.499653,2,59,1,9,A,4,5,54,0,1105,40,,,,
2025-12-18T16:19:43.499701,2,59,9,1,B,4,5,54,0,1105,40,44,359,412,10
2025-12-18T16:19:43.502079,2,59,1,9,A,5,6,54,0,1105,40,,,,
2025-12-18T16:19:43.502139,2,59,9,1,B,5,6,54,0,1105,40,40,0,1125,10
2025-12-18T16:19:43.521132,2,59,1,9,A,6,7,54,0,1105,40,,,,
2025-12-18T16:19:43.521291,2,59,9,1,B,6,7,54,0,1105,40,,,,
2025-12-18T16:19:43.900457,2,60,1,13,A,0,1,37,0,1106,20,,,,
2025-12-18T16:19:43.938743,2,60,13,1,B,0,1,37,0,1106,20,73,0,1090,10
2025-12-18T16:19:43.959130,2,60,1,13,A,1,2,37,0,1106,20,,,,
2025-12-18T16:19:43.959267,2,60,13,1,B,1,2,37,0,1106,20,3,0,1129,10
2025-12-18T16:19:43.978589,2,60,1,13,A,2,3,37,0,1106,20,,,,
2025-12-18T16:19:43.978739,2,60,13,1,B,2,3,37,0,1106,20,57,0,1111,40
2025-12-18T16:19:43.998237,2,60,1,13,A,3,4,37,0,1106,20,,,,
2025-12-18T16:19:43.998371,2,60,13,1,B,3,4,37,0,1106,20,83,0,1113,10
2025-12-18T16:19:44.017414,2,60,1,13,A,4,5,37,0,1106,20,,,,
2025-12-18T16:19:44.017581,2,60,13,1,B,4,5,37,0,1106,20,10,0,1129,10
2025-12-18T16:19:44.037554,2,60,1,13,A,5,6,37,0,1106,20,,,,
2025-12-18T16:19:44.037723,2,60,13,1,B,5,6,37,0,1106,20,43,0,1129,10
2025-12-18T16:19:44.057023,2,60,1,13,A,6,7,37,0,1106,20,,,,
2025-12-18T16:19:44.057209,2,60,13,1,B,6,7,37,0,1106,20,,,,
2025-12-18T16:19:44.244514,2,61,1,12,A,0,1,37,0,1106,20,,,,
2025-12-18T16:19:44.250110,2,61,12,1,B,0,1,37,0,1106,20,,,,
2025-12-18T16:19:44.644068,2,62,1,0,A,0,1,37,0,1106,20,,,,
2025-12-18T16:19:44.688806,2,62,0,1,B,0,1,37,0,1106,20,9,534,605,10
2025-12-18T16:19:44.706485,2,62,1,0,A,1,2,37,0,1106,20,,,,
2025-12-18T16:19:44.706668,2,62,0,1,B,1,2,37,0,1106,20,17,0,1112,20
2025-12-18T16:19:44.726174,2,62,1,0,A,2,3,37,0,1106,20,,,,
2025-12-18T16:19:44.726378,2,62,0,1,B,2,3,37,0,1106,20,33,0,1112,40
2025-12-18T16:19:44.745663,2,62,1,0,A,3,4,37,0,1106,20,,,,
2025-12-18T16:19:44.745815,2,62,0,1,B,3,4,37,0,1106,20,93,0,1102,40
2025-12-18T16:19:44.765667,2,62,1,0,A,4,5,37,0,1106,20,,,,
2025-12-18T16:19:44.765840,2,62,0,1,B,4,5,37,0,1106,20,1,0,1127,10
2025-12-18T16:19:44.785889,2,62,1,0,A,5,6,37,0,1106,20,,,,
2025-12-18T16:19:44.786099,2,62,0,1,B,5,6,37,0,1106,20,7,0,1130,20
2025-12-18T16:19:44.805333,2,62,1,0,A,6,7,37,0,1106,20,,,,
2025-12-18T16:19:44.805475,2,62,0,1,B,6,7,37,0,1106,20,28,0,1128,20
2025-12-18T16:19:44.825073,2,62,1,0,A,7,8,37,0,1106,20,,,,
2025-12-18T16:19:44.825225,2,62,0,1,B,7,8,37,0,1106,20,39,0,1105,20
2025-12-18T16:19:44.844671,2,62,1,0,A,8,9,37,0,1106,20,,,,
2025-12-18T16:19:44.844799,2,62,0,1,B,8,9,37,0,1106,20,9,534,605,10
2025-12-18T16:19:44.847135,2,62,1,0,A,9,10,37,0,1106,20,,,,
2025-12-18T16:19:44.847192,2,62,0,1,B,9,10,37,0,1106,20,6,0,1127,20
2025-12-18T16:19:45.181010,2,63,1,11,A,0,1,37,0,1106,20,,,,
2025-12-18T16:19:45.221304,2,63,11,1,B,0,1,37,0,1106,20,25,169,224,40
2025-12-18T16:19:45.239375,2,63,1,11,A,1,2,37,0,1106,20,,,,
2025-12-18T16:19:45.239579,2,63,11,1,B,1,2,37,0,1106,20,11,448,505,10
2025-12-18T16:19:45.256809,2,63,1,11,A,2,3,37,0,1106,20,,,,
2025-12-18T16:19:45.256992,2,63,11,1,B,2,3,37,0,1106,20,38,479,522,30
2025-12-18T16:19:45.274338,2,63,1,11,A,3,4,37,0,1106,20,,,,
2025-12-18T16:19:45.274552,2,63,11,1,B,3,4,37,0,1106,20,86,0,1119,10
2025-12-18T16:19:45.294350,2,63,1,11,A,4,5,37,0,1106,20,,,,
2025-12-18T16:19:45.294539,2,63,11,1,B,4,5,37,0,1106,20,35,0,1107,10
2025-12-18T16:19:45.314386,2,63,1,11,A,5,6,37,0,1106,20,,,,
2025-12-18T16:19:45.314559,2,63,11,1,B,5,6,37,0,1106,20,19,0,1106,10
2025-12-18T16:19:45.333805,2,63,1,11,A,6,7,37,0,1106,20,,,,
2025-12-18T16:19:45.333988,2,63,11,1,B,6,7,37,0,1106,20,25,169,224,40
2025-12-18T16:19:45.336151,2,63,1,11,A,7,8,37,0,1106,20,,,,
2025-12-18T16:19:45.336200,2,63,11,1,B,7,8,37,0,1106,20,21,0,1135,20
2025-12-18T16:19:45.355591,2,63,1,11,A,8,9,37,0,1106,20,,,,
2025-12-18T16:19:45.355801,2,63,11,1,B,8,9,37,0,1106,20,11,448,505,10
2025-12-18T16:19:45.358209,2,63,1,11,A,9,10,37,0,1106,20,,,,
2025-12-18T16:19:45.358262,2,63,11,1,B,9,10,37,0,1106,20,38,479,522,30
2025-12-18T16:19:45.758482,2,64,1,2,A,0,1,37,0,1106,20,,,,
2025-12-18T16:19:45.805981,2,64,2,1,B,0,1,37,0,1106,20,60,0,1100,20
2025-12-18T16:19:45.825807,2,64,1,2,A,1,2,37,0,1106,20,,,,
2025-12-18T16:19:45.825998,2,64,2,1,B,1,2,37,0,1106,20,78,0,1095,20
2025-12-18T16:19:45.845397,2,64,1,2,A,2,3,37,0,1106,20,,,,
2025-12-18T16:19:45.845595,2,64,2,1,B,2,3,37,0,1106,20,88,0,1119,30
2025-12-18T16:19:45.865206,2,64,1,2,A,3,4,37,0,1106,20,,,,
2025-12-18T16:19:45.865396,2,64,2,1,B,3,4,37,0,1106,20,2,0,1125,30
2025-12-18T16:19:45.885533,2,64,1,2,A,4,5,37,0,1106,20,,,,
2025-12-18T16:19:45.885776,2,64,2,1,B,4,5,37,0,1106,20,24,0,1131,10
2025-12-18T16:19:45.905739,2,64,1,2,A,5,6,37,0,1106,20,,,,
2025-12-18T16:19:45.905941,2,64,2,1,B,5,6,37,0,1106,20,91,0,1123,10
2025-12-18T16:19:45.925828,2,64,1,2,A,6,7,37,0,1106,20,,,,
2025-12-18T16:19:45.926010,2,64,2,1,B,6,7,37,0,1106,20,,,,
2025-12-18T16:19:46.350018,2,65,1,3,A,0,1,37,0,1106,20,,,,
2025-12-18T16:19:46.398453,2,65,3,1,B,0,1,37,0,1106,20,77,574,643,10
2025-12-18T16:19:46.416280,2,65,1,3,A,1,2,37,0,1106,20,,,,
2025-12-18T16:19:46.416487,2,65,3,1,B,1,2,37,0,1106,20,99,743,820,10
2025-12-18T16:19:46.435295,2,65,1,3,A,2,3,37,0,1106,20,,,,
2025-12-18T16:19:46.435530,2,65,3,1,B,2,3,37,0,1106,20,87,85,144,20
2025-12-18T16:19:46.452052,2,65,1,3,A,3,4,37,0,1106,20,,,,
2025-12-18T16:19:46.452208,2,65,3,1,B,3,4,37,0,1106,20,52,0,1124,10
2025-12-18T16:19:46.472966,2,65,1,3,A,4,5,37,0,1106,20,,,,
2025-12-18T16:19:46.473170,2,65,3,1,B,4,5,37,0,1106,20,77,574,643,10
2025-12-18T16:19:46.475626,2,65,1,3,A,5,6,37,0,1106,20,,,,
2025-12-18T16:19:46.475699,2,65,3,1,B,5,6,37,0,1106,20,98,0,1115,20
2025-12-18T16:19:46.496043,2,65,1,3,A,6,7,37,0,1106,20,,,,
2025-12-18T16:19:46.496239,2,65,3,1,B,6,7,37,0,1106,20,81,0,1098,30
2025-12-18T16:19:46.515375,2,65,1,3,A,7,8,37,0,1106,20,,,,
2025-12-18T16:19:46.515631,2,65,3,1,B,7,8,37,0,1106,20,99,743,820,10
2025-12-18T16:19:46.518205,2,65,1,3,A,8,9,37,0,1106,20,,,,
2025-12-18T16:19:46.518352,2,65,3,1,B,8,9,37,0,1106,20,87,85,144,20
2025-12-18T16:19:46.520186,2,65,1,3,A,9,10,37,0,1106,20,,,,
2025-12-18T16:19:46.520245,2,65,3,1,B,9,10,37,0,1106,20,5,0,1130,10
2025-12-18T16:19:46.909754,2,66,1,8,A,0,1,37,0,1106,20,,,,
2025-12-18T16:19:46.970185,2,66,8,1,B,0,1,37,0,1106,20,53,286,347,20
2025-12-18T16:19:46.991162,2,66,1,8,A,1,2,37,0,1106,20,,,,
2025-12-18T16:19:46.991361,2,66,8,1,B,1,2,37,0,1106,20,100,647,726,20
2025-12-18T16:19:47.009924,2,66,1,8,A,2,3,37,0,1106,20,,,,
2025-12-18T16:19:47.010132,2,66,8,1,B,2,3,37,0,1106,20,76,203,260,10
2025-12-18T16:19:47.029763,2,66,1,8,A,3,4,37,0,1106,20,,,,
2025-12-18T16:19:47.030017,2,66,8,1,B,3,4,37,0,1106,20,69,916,969,10
2025-12-18T16:19:47.050694,2,66,1,8,A,4,5,37,0,1106,20,,,,
2025-12-18T16:19:47.050944,2,66,8,1,B,4,5,37,0,1106,20,53,286,347,20
2025-12-18T16:19:47.053345,2,66,1,8,A,5,6,37,0,1106,20,,,,
2025-12-18T16:19:47.053474,2,66,8,1,B,5,6,37,0,1106,20,100,647,726,20
2025-12-18T16:19:47.055970,2,66,1,8,A,6,7,37,0,1106,20,,,,
2025-12-18T16:19:47.056156,2,66,8,1,B,6,7,37,0,1106,20,76,203,260,10
2025-12-18T16:19:47.058265,2,66,1,8,A,7,8,37,0,1106,20,,,,
2025-12-18T16:19:47.058318,2,66,8,1,B,7,8,37,0,1106,20,75,0,1130,20
2025-12-18T16:19:47.079686,2,66,1,8,A,8,9,37,0,1106,20,,,,
2025-12-18T16:19:47.079851,2,66,8,1,B,8,9,37,0,1106,20,69,916,969,10
2025-12-18T16:19:47.082224,2,66,1,8,A,9,10,37,0,1106,20,,,,
2025-12-18T16:19:47.082272,2,66,8,1,B,9,10,37,0,1106,20,59,0,1110,10
2025-12-18T16:19:47.505850,2,67,1,10,A,0,1,37,0,1106,20,,,,
2025-12-18T16:19:47.556765,2,67,10,1,B,0,1,37,0,1106,20,55,95,158,10
2025-12-18T16:19:47.576146,2,67,1,10,A,1,2,37,0,1106,20,,,,
2025-12-18T16:19:47.576356,2,67,10,1,B,1,2,37,0,1106,20,92,368,441,20
2025-12-18T16:19:47.595740,2,67,1,10,A,2,3,37,0,1106,20,,,,
2025-12-18T16:19:47.595942,2,67,10,1,B,2,3,37,0,1106,20,84,458,523,20
2025-12-18T16:19:47.614654,2,67,1,10,A,3,4,37,0,1106,20,,,,
2025-12-18T16:19:47.614874,2,67,10,1,B,3,4,37,0,1106,20,71,0,1088,20
2025-12-18T16:19:47.637649,2,67,1,10,A,4,5,37,0,1106,20,,,,
2025-12-18T16:19:47.637881,2,67,10,1,B,4,5,37,0,1106,20,55,95,158,10
2025-12-18T16:19:47.640203,2,67,1,10,A,5,6,37,0,1106,20,,,,
2025-12-18T16:19:47.640366,2,67,10,1,B,5,6,37,0,1106,20,14,0,1106,10
2025-12-18T16:19:47.664256,2,67,1,10,A,6,7,37,0,1106,20,,,,
2025-12-18T16:19:47.664457,2,67,10,1,B,6,7,37,0,1106,20,92,368,441,20
2025-12-18T16:19:47.666842,2,67,1,10,A,7,8,37,0,1106,20,,,,
2025-12-18T16:19:47.666889,2,67,10,1,B,7,8,37,0,1106,20,30,0,1125,10
2025-12-18T16:19:47.688840,2,67,1,10,A,8,9,37,0,1106,20,,,,
2025-12-18T16:19:47.689025,2,67,10,1,B,8,9,37,0,1106,20,84,458,523,20
2025-12-18T16:19:47.691395,2,67,1,10,A,9,10,37,0,1106,20,,,,
2025-12-18T16:19:47.691445,2,67,10,1,B,9,10,37,0,1106,20,90,0,1125,10
2025-12-18T16:19:47.894974,2,68,1,4,A,0,1,37,0,1106,20,,,,
2025-12-18T16:19:47.905346,2,68,4,1,B,0,1,37,0,1106,20,13,30,92,30
2025-12-18T16:19:47.921759,2,68,1,4,A,1,2,37,0,1106,20,,,,
2025-12-18T16:19:47.922015,2,68,4,1,B,1,2,37,0,1106,20,26,0,1130,10
2025-12-18T16:19:47.946062,2,68,1,4,A,2,3,37,0,1106,20,,,,
2025-12-18T16:19:47.946291,2,68,4,1,B,2,3,37,0,1106,20,89,0,1121,10
2025-12-18T16:19:47.989186,2,68,1,4,A,3,4,37,0,1106,20,,,,
2025-12-18T16:19:47.989414,2,68,4,1,B,3,4,37,0,1106,20,13,30,92,30
2025-12-18T16:19:47.990200,2,68,1,4,A,4,5,37,0,1106,20,,,,
2025-12-18T16:19:47.990376,2,68,4,1,B,4,5,37,0,1106,20,15,384,429,40
2025-12-18T16:19:48.013346,2,68,1,4,A,5,6,37,0,1106,20,,,,
2025-12-18T16:19:48.013589,2,68,4,1,B,5,6,37,0,1106,20,,,,
2025-12-18T16:19:48.271859,2,69,1,7,A,0,1,37,0,1106,20,,,,
2025-12-18T16:19:48.291054,2,69,7,1,B,0,1,37,0,1106,20,58,471,534,30
2025-12-18T16:19:48.309760,2,69,1,7,A,1,2,37,0,1106,20,,,,
2025-12-18T16:19:48.309965,2,69,7,1,B,1,2,37,0,1106,20,58,471,534,30
2025-12-18T16:19:48.312364,2,69,1,7,A,2,3,37,0,1106,20,,,,
2025-12-18T16:19:48.312416,2,69,7,1,B,2,3,37,0,1106,20,12,0,1107,20
2025-12-18T16:19:48.334403,2,69,1,7,A,3,4,37,0,1106,20,,,,
2025-12-18T16:19:48.334638,2,69,7,1,B,3,4,37,0,1106,20,96,0,1109,10
2025-12-18T16:19:48.357777,2,69,1,7,A,4,5,37,0,1106,20,,,,
2025-12-18T16:19:48.358017,2,69,7,1,B,4,5,37,0,1106,20,18,0,1110,20
2025-12-18T16:19:48.380560,2,69,1,7,A,5,6,37,0,1106,20,,,,
2025-12-18T16:19:48.380813,2,69,7,1,B,5,6,37,0,1106,20,29,0,1126,10
2025-12-18T16:19:48.402665,2,69,1,7,A,6,7,37,0,1106,20,,,,
2025-12-18T16:19:48.402906,2,69,7,1,B,6,7,37,0,1106,20,,,,
2025-12-18T16:19:48.710171,2,70,1,5,A,0,1,37,0,1106,20,,,,
2025-12-18T16:19:48.734428,2,70,5,1,B,0,1,37,0,1106,20,56,0,1101,30
2025-12-18T16:19:48.757939,2,70,1,5,A,1,2,37,0,1106,20,,,,
2025-12-18T16:19:48.758199,2,70,5,1,B,1,2,37,0,1106,20,80,0,1094,10
2025-12-18T16:19:48.780180,2,70,1,5,A,2,3,37,0,1106,20,,,,
2025-12-18T16:19:48.780434,2,70,5,1,B,2,3,37,0,1106,20,41,0,1127,10
2025-12-18T16:19:48.800659,2,70,1,5,A,3,4,37,0,1106,20,,,,
2025-12-18T16:19:48.800862,2,70,5,1,B,3,4,37,0,1106,20,50,0,1123,10
2025-12-18T16:19:48.821302,2,70,1,5,A,4,5,37,0,1106,20,,,,
2025-12-18T16:19:48.821482,2,70,5,1,B,4,5,37,0,1106,20,79,668,731,10
2025-12-18T16:19:48.840479,2,70,1,5,A,5,6,37,0,1106,20,,,,
2025-12-18T16:19:48.840695,2,70,5,1,B,5,6,37,0,1106,20,36,0,1110,10
2025-12-18T16:19:48.863456,2,70,1,5,A,6,7,37,0,1106,20,,,,
2025-12-18T16:19:48.863680,2,70,5,1,B,6,7,37,0,1106,20,,,,
2025-12-18T16:19:49.067356,2,71,1,9,A,0,1,37,0,1106,20,,,,
2025-12-18T16:19:49.074696,2,71,9,1,B,0,1,37,0,1106,20,62,262,317,20
2025-12-18T16:19:49.095593,2,71,1,9,A,1,2,37,0,1106,20,,,,
2025-12-18T16:19:49.095817,2,71,9,1,B,1,2,37,0,1106,20,44,359,412,10
2025-12-18T16:19:49.116069,2,71,1,9,A,2,3,37,0,1106,20,,,,
2025-12-18T16:19:49.116323,2,71,9,1,B,2,3,37,0,1106,20,74,353,412,50
2025-12-18T16:19:49.155050,2,71,1,9,A,3,4,37,0,1106,20,,,,
2025-12-18T16:19:49.155289,2,71,9,1,B,3,4,37,0,1106,20,62,262,317,20
2025-12-18T16:19:49.157593,2,71,1,9,A,4,5,37,0,1106,20,,,,
2025-12-18T16:19:49.157711,2,71,9,1,B,4,5,37,0,1106,20,44,359,412,10
2025-12-18T16:19:49.160283,2,71,1,9,A,5,6,37,0,1106,20,,,,
2025-12-18T16:19:49.160442,2,71,9,1,B,5,6,37,0,1106,20,40,0,1125,10
2025-12-18T16:19:49.183626,2,71,1,9,A,6,7,37,0,1106,20,,,,
2025-12-18T16:19:49.183865,2,71,9,1,B,6,7,37,0,1106,20,,,,
2025-12-18T16:19:49.616528,2,72,1,13,A,0,1,32,0,1114,30,,,,
2025-12-18T16:19:49.660392,2,72,13,1,B,0,1,32,0,1114,30,73,0,1090,10
2025-12-18T16:19:49.682390,2,72,1,13,A,1,2,32,0,1114,30,,,,
2025-12-18T16:19:49.682653,2,72,13,1,B,1,2,32,0,1114,30,3,0,1129,10
2025-12-18T16:19:49.703073,2,72,1,13,A,2,3,32,0,1114,30,,,,
2025-12-18T16:19:49.703326,2,72,13,1,B,2,3,32,0,1114,30,57,0,1111,40
2025-12-18T16:19:49.723422,2,72,1,13,A,3,4,32,0,1114,30,,,,
2025-12-18T16:19:49.723518,2,72,13,1,B,3,4,32,0,1114,30,83,0,1113,10
2025-12-18T16:19:49.743492,2,72,1,13,A,4,5,32,0,1114,30,,,,
2025-12-18T16:19:49.743701,2,72,13,1,B,4,5,32,0,1114,30,10,0,1129,10
2025-12-18T16:19:49.763497,2,72,1,13,A,5,6,32,0,1114,30,,,,
2025-12-18T16:19:49.763633,2,72,13,1,B,5,6,32,0,1114,30,43,0,1129,10
2025-12-18T16:19:49.783726,2,72,1,13,A,6,7,32,0,1114,30,,,,
2025-12-18T16:19:49.783889,2,72,13,1,B,6,7,32,0,1114,30,,,,
2025-12-18T16:19:49.983708,2,73,1,12,A,0,1,32,0,1114,30,,,,
2025-12-18T16:19:49.989712,2,73,12,1,B,0,1,32,0,1114,30,,,,
2025-12-18T16:19:50.421189,2,74,1,0,A,0,1,32,0,1114,30,,,,
2025-12-18T16:19:50.467272,2,74,0,1,B,0,1,32,0,1114,30,9,534,605,10
2025-12-18T16:19:50.486848,2,74,1,0,A,1,2,32,0,1114,30,,,,
2025-12-18T16:19:50.487055,2,74,0,1,B,1,2,32,0,1114,30,17,0,1112,20
2025-12-18T16:19:50.506986,2,74,1,0,A,2,3,32,0,1114,30,,,,
2025-12-18T16:19:50.507204,2,74,0,1,B,2,3,32,0,1114,30,33,0,1112,40
2025-12-18T16:19:50.527771,2,74,1,0,A,3,4,32,0,1114,30,,,,
2025-12-18T16:19:50.527981,2,74,0,1,B,3,4,32,0,1114,30,93,0,1102,40
2025-12-18T16:19:50.548123,2,74,1,0,A,4,5,32,0,1114,30,,,,
2025-12-18T16:19:50.548281,2,74,0,1,B,4,5,32,0,1114,30,1,0,1127,10
2025-12-18T16:19:50.568102,2,74,1,0,A,5,6,32,0,1114,30,,,,
2025-12-18T16:19:50.568331,2,74,0,1,B,5,6,32,0,1114,30,7,0,1130,20
2025-12-18T16:19:50.588884,2,74,1,0,A,6,7,32,0,1114,30,,,,
2025-12-18T16:19:50.589088,2,74,0,1,B,6,7,32,0,1114,30,28,0,1128,20
2025-12-18T16:19:50.609362,2,74,1,0,A,7,8,32,0,1114,30,,,,
2025-12-18T16:19:50.609553,2,74,0,1,B,7,8,32,0,1114,30,39,0,1105,20
2025-12-18T16:19:50.629278,2,74,1,0,A,8,9,32,0,1114,30,,,,
2025-12-18T16:19:50.629492,2,74,0,1,B,8,9,32,0,1114,30,9,534,605,10
2025-12-18T16:19:50.631904,2,74,1,0,A,9,10,32,0,1114,30,,,,
2025-12-18T16:19:50.631957,2,74,0,1,B,9,10,32,0,1114,30,6,0,1127,20
2025-12-18T16:19:50.999453,2,75,1,11,A,0,1,32,0,1114,30,,,,
2025-12-18T16:19:51.043875,2,75,11,1,B,0,1,32,0,1114,30,25,169,224,40
2025-12-18T16:19:51.063801,2,75,1,11,A,1,2,32,0,1114,30,,,,
2025-12-18T16:19:51.064107,2,75,11,1,B,1,2,32,0,1114,30,11,448,505,10
2025-12-18T16:19:51.082958,2,75,1,11,A,2,3,32,0,1114,30,,,,
2025-12-18T16:19:51.083210,2,75,11,1,B,2,3,32,0,1114,30,38,479,522,30
2025-12-18T16:19:51.102947,2,75,1,11,A,3,4,32,0,1114,30,,,,
2025-12-18T16:19:51.103152,2,75,11,1,B,3,4,32,0,1114,30,86,0,1119,10
2025-12-18T16:19:51.124891,2,75,1,11,A,4,5,32,0,1114,30,,,,
2025-12-18T16:19:51.125145,2,75,11,1,B,4,5,32,0,1114,30,35,0,1107,10
2025-12-18T16:19:51.148346,2,75,1,11,A,5,6,32,0,1114,30,,,,
2025-12-18T16:19:51.148601,2,75,11,1,B,5,6,32,0,1114,30,19,0,1106,10
2025-12-18T16:19:51.169541,2,75,1,11,A,6,7,32,0,1114,30,,,,
2025-12-18T16:19:51.169722,2,75,11,1,B,6,7,32,0,1114,30,25,169,224,40
2025-12-18T16:19:51.171853,2,75,1,11,A,7,8,32,0,1114,30,,,,
2025-12-18T16:19:51.171899,2,75,11,1,B,7,8,32,0,1114,30,21,0,1135,20
2025-12-18T16:19:51.194109,2,75,1,11,A,8,9,32,0,1114,30,,,,
2025-12-18T16:19:51.194332,2,75,11,1,B,8,9,32,0,1114,30,11,448,505,10
2025-12-18T16:19:51.196814,2,75,1,11,A,9,10,32,0,1114,30,,,,
2025-12-18T16:19:51.196893,2,75,11,1,B,9,10,32,0,1114,30,38,479,522,30
2025-12-18T16:19:51.631164,2,76,1,2,A,0,1,32,0,1114,30,,,,
2025-12-18T16:19:51.679781,2,76,2,1,B,0,1,32,0,1114,30,60,0,1100,20
2025-12-18T16:19:51.701244,2,76,1,2,A,1,2,32,0,1114,30,,,,
2025-12-18T16:19:51.701516,2,76,2,1,B,1,2,32,0,1114,30,78,0,1095,20
2025-12-18T16:19:51.723526,2,76,1,2,A,2,3,32,0,1114,30,,,,
2025-12-18T16:19:51.723749,2,76,2,1,B,2,3,32,0,1114,30,88,0,1119,30
2025-12-18T16:19:51.747545,2,76,1,2,A,3,4,32,0,1114,30,,,,
2025-12-18T16:19:51.747778,2,76,2,1,B,3,4,32,0,1114,30,2,0,1125,30
2025-12-18T16:19:51.787665,2,76,1,2,A,4,5,32,0,1114,30,,,,
2025-12-18T16:19:51.787856,2,76,2,1,B,4,5,32,0,1114,30,24,0,1131,10
2025-12-18T16:19:51.809440,2,76,1,2,A,5,6,32,0,1114,30,,,,
2025-12-18T16:19:51.809692,2,76,2,1,B,5,6,32,0,1114,30,91,0,1123,10
2025-12-18T16:19:51.833592,2,76,1,2,A,6,7,32,0,1114,30,,,,
2025-12-18T16:19:51.833824,2,76,2,1,B,6,7,32,0,1114,30,,,,
2025-12-18T16:19:52.259867,2,77,1,3,A,0,1,32,0,1114,30,,,,
2025-12-18T16:19:52.308633,2,77,3,1,B,0,1,32,0,1114,30,77,574,643,10
2025-12-18T16:19:52.326977,2,77,1,3,A,1,2,32,0,1114,30,,,,
2025-12-18T16:19:52.327140,2,77,3,1,B,1,2,32,0,1114,30,99,743,820,10
2025-12-18T16:19:52.346659,2,77,1,3,A,2,3,32,0,1114,30,,,,
2025-12-18T16:19:52.346891,2,77,3,1,B,2,3,32,0,1114,30,87,85,144,20
2025-12-18T16:19:52.364110,2,77,1,3,A,3,4,32,0,1114,30,,,,
2025-12-18T16:19:52.364309,2,77,3,1,B,3,4,32,0,1114,30,52,0,1124,10
2025-12-18T16:19:52.385382,2,77,1,3,A,4,5,32,0,1114,30,,,,
2025-12-18T16:19:52.385616,2,77,3,1,B,4,5,32,0,1114,30,77,574,643,10
2025-12-18T16:19:52.388191,2,77,1,3,A,5,6,32,0,1114,30,,,,
2025-12-18T16:19:52.388330,2,77,3,1,B,5,6,32,0,1114,30,98,0,1115,20
2025-12-18T16:19:52.408765,2,77,1,3,A,6,7,32,0,1114,30,,,,
2025-12-18T16:19:52.408949,2,77,3,1,B,6,7,32,0,1114,30,81,0,1098,30
2025-12-18T16:19:52.428409,2,77,1,3,A,7,8,32,0,1114,30,,,,
2025-12-18T16:19:52.428638,2,77,3,1,B,7,8,32,0,1114,30,99,743,820,10
2025-12-18T16:19:52.431152,2,77,1,3,A,8,9,32,0,1114,30,,,,
2025-12-18T16:19:52.431207,2,77,3,1,B,8,9,32,0,1114,30,87,85,144,20
2025-12-18T16:19:52.432824,2,77,1,3,A,9,10,32,0,1114,30,,,,
2025-12-18T16:19:52.432873,2,77,3,1,B,9,10,32,0,1114,30,5,0,1130,10
2025-12-18T16:19:52.791570,2,78,1,8,A,0,1,32,0,1114,30,,,,
2025-12-18T16:19:52.836586,2,78,8,1,B,0,1,32,0,1114,30,53,286,347,20
2025-12-18T16:19:52.854685,2,78,1,8,A,1,2,32,0,1114,30,,,,
2025-12-18T16:19:52.854854,2,78,8,1,B,1,2,32,0,1114,30,100,647,726,20
2025-12-18T16:19:52.872184,2,78,1,8,A,2,3,32,0,1114,30,,,,
2025-12-18T16:19:52.872409,2,78,8,1,B,2,3,32,0,1114,30,76,203,260,10
2025-12-18T16:19:52.889141,2,78,1,8,A,3,4,32,0,1114,30,,,,
2025-12-18T16:19:52.889317,2,78,8,1,B,3,4,32,0,1114,30,69,916,969,10
2025-12-18T16:19:52.906419,2,78,1,8,A,4,5,32,0,1114,30,,,,
2025-12-18T16:19:52.906609,2,78,8,1,B,4,5,32,0,1114,30,53,286,347,20
2025-12-18T16:19:52.908762,2,78,1,8,A,5,6,32,0,1114,30,,,,
2025-12-18T16:19:52.908806,2,78,8,1,B,5,6,32,0,1114,30,100,647,726,20
2025-12-18T16:19:52.911186,2,78,1,8,A,6,7,32,0,1114,30,,,,
2025-12-18T16:19:52.911227,2,78,8,1,B,6,7,32,0,1114,30,76,203,260,10
2025-12-18T16:19:52.913436,2,78,1,8,A,7,8,32,0,1114,30,,,,
2025-12-18T16:19:52.913487,2,78,8,1,B,7,8,32,0,1114,30,75,0,1130,20
2025-12-18T16:19:52.933596,2,78,1,8,A,8,9,32,0,1114,30,,,,
2025-12-18T16:19:52.933807,2,78,8,1,B,8,9,32,0,1114,30,69,916,969,10
2025-12-18T16:19:52.936254,2,78,1,8,A,9,10,32,0,1114,30,,,,
2025-12-18T16:19:52.936309,2,78,8,1,B,9,10,32,0,1114,30,59,0,1110,10
2025-12-18T16:19:53.327821,2,79,1,10,A,0,1,32,0,1114,30,,,,
2025-12-18T16:19:53.379974,2,79,10,1,B,0,1,32,0,1114,30,55,95,158,10
2025-12-18T16:19:53.398732,2,79,1,10,A,1,2,32,0,1114,30,,,,
2025-12-18T16:19:53.398928,2,79,10,1,B,1,2,32,0,1114,30,92,368,441,20
2025-12-18T16:19:53.416464,2,79,1,10,A,2,3,32,0,1114,30,,,,
2025-12-18T16:19:53.416678,2,79,10,1,B,2,3,32,0,1114,30,84,458,523,20
2025-12-18T16:19:53.434735,2,79,1,10,A,3,4,32,0,1114,30,,,,
2025-12-18T16:19:53.434934,2,79,10,1,B,3,4,32,0,1114,30,71,0,1088,20
2025-12-18T16:19:53.455305,2,79,1,10,A,4,5,32,0,1114,30,,,,
2025-12-18T16:19:53.455538,2,79,10,1,B,4,5,32,0,1114,30,55,95,158,10
2025-12-18T16:19:53.457736,2,79,1,10,A,5,6,32,0,1114,30,,,,
2025-12-18T16:19:53.457787,2,79,10,1,B,5,6,32,0,1114,30,14,0,1106,10
2025-12-18T16:19:53.477864,2,79,1,10,A,6,7,32,0,1114,30,,,,
2025-12-18T16:19:53.478101,2,79,10,1,B,6,7,32,0,1114,30,92,368,441,20
2025-12-18T16:19:53.480733,2,79,1,10,A,7,8,32,0,1114,30,,,,
2025-12-18T16:19:53.480885,2,79,10,1,B,7,8,32,0,1114,30,30,0,1125,10
2025-12-18T16:19:53.502178,2,79,1,10,A,8,9,32,0,1114,30,,,,
2025-12-18T16:19:53.502418,2,79,10,1,B,8,9,32,0,1114,30,84,458,523,20
2025-12-18T16:19:53.504858,2,79,1,10,A,9,10,32,0,1114,30,,,,
2025-12-18T16:19:53.504927,2,79,10,1,B,9,10,32,0,1114,30,90,0,1125,10
2025-12-18T16:19:53.699419,2,80,1,4,A,0,1,32,0,1114,30,,,,
2025-12-18T16:19:53.709980,2,80,4,1,B,0,1,32,0,1114,30,13,30,92,30
2025-12-18T16:19:53.725503,2,80,1,4,A,1,2,32,0,1114,30,,,,
2025-12-18T16:19:53.725652,2,80,4,1,B,1,2,32,0,1114,30,26,0,1130,10
2025-12-18T16:19:53.745264,2,80,1,4,A,2,3,32,0,1114,30,,,,
2025-12-18T16:19:53.745442,2,80,4,1,B,2,3,32,0,1114,30,89,0,1121,10
2025-12-18T16:19:53.765452,2,80,1,4,A,3,4,32,0,1114,30,,,,
2025-12-18T16:19:53.765653,2,80,4,1,B,3,4,32,0,1114,30,13,30,92,30
2025-12-18T16:19:53.766281,2,80,1,4,A,4,5,32,0,1114,30,,,,
2025-12-18T16:19:53.766330,2,80,4,1,B,4,5,32,0,1114,30,15,384,429,40
2025-12-18T16:19:53.783499,2,80,1,4,A,5,6,32,0,1114,30,,,,
2025-12-18T16:19:53.783680,2,80,4,1,B,5,6,32,0,1114,30,,,,
2025-12-18T16:19:54.034903,2,81,1,7,A,0,1,32,0,1114,30,,,,
2025-12-18T16:19:54.053031,2,81,7,1,B,0,1,32,0,1114,30,58,471,534,30
2025-12-18T16:19:54.070654,2,81,1,7,A,1,2,32,0,1114,30,,,,
2025-12-18T16:19:54.070847,2,81,7,1,B,1,2,32,0,1114,30,58,471,534,30
2025-12-18T16:19:54.073243,2,81,1,7,A,2,3,32,0,1114,30,,,,
2025-12-18T16:19:54.073291,2,81,7,1,B,2,3,32,0,1114,30,12,0,1107,20
2025-12-18T16:19:54.092839,2,81,1,7,A,3,4,32,0,1114,30,,,,
2025-12-18T16:19:54.093015,2,81,7,1,B,3,4,32,0,1114,30,96,0,1109,10
2025-12-18T16:19:54.113018,2,81,1,7,A,4,5,32,0,1114,30,,,,
2025-12-18T16:19:54.113223,2,81,7,1,B,4,5,32,0,1114,30,18,0,1110,20
2025-12-18T16:19:54.133518,2,81,1,7,A,5,6,32,0,1114,30,,,,
2025-12-18T16:19:54.133712,2,81,7,1,B,5,6,32,0,1114,30,29,0,1126,10
2025-12-18T16:19:54.154500,2,81,1,7,A,6,7,32,0,1114,30,,,,
2025-12-18T16:19:54.154717,2,81,7,1,B,6,7,32,0,1114,30,,,,
2025-12-18T16:19:54.460646,2,82,1,5,A,0,1,32,0,1114,30,,,,
2025-12-18T16:19:54.484933,2,82,5,1,B,0,1,32,0,1114,30,56,0,1101,30
2025-12-18T16:19:54.506514,2,82,1,5,A,1,2,32,0,1114,30,,,,
2025-12-18T16:19:54.506766,2,82,5,1,B,1,2,32,0,1114,30,80,0,1094,10
2025-12-18T16:19:54.526767,2,82,1,5,A,2,3,32,0,1114,30,,,,
2025-12-18T16:19:54.526960,2,82,5,1,B,2,3,32,0,1114,30,41,0,1127,10
2025-12-18T16:19:54.547352,2,82,1,5,A,3,4,32,0,1114,30,,,,
2025-12-18T16:19:54.547562,2,82,5,1,B,3,4,32,0,1114,30,50,0,1123,10
2025-12-18T16:19:54.567417,2,82,1,5,A,4,5,32,0,1114,30,,,,
2025-12-18T16:19:54.567596,2,82,5,1,B,4,5,32,0,1114,30,79,668,731,10
2025-12-18T16:19:54.585224,2,82,1,5,A,5,6,32,0,1114,30,,,,
2025-12-18T16:19:54.585367,2,82,5,1,B,5,6,32,0,1114,30,36,0,1110,10
2025-12-18T16:19:54.605199,2,82,1,5,A,6,7,32,0,1114,30,,,,
2025-12-18T16:19:54.605408,2,82,5,1,B,6,7,32,0,1114,30,,,,
2025-12-18T16:19:54.805419,2,83,1,9,A,0,1,32,0,1114,30,,,,
2025-12-18T16:19:54.812512,2,83,9,1,B,0,1,32,0,1114,30,62,262,317,20
2025-12-18T16:19:54.830330,2,83,1,9,A,1,2,32,0,1114,30,,,,
2025-12-18T16:19:54.830537,2,83,9,1,B,1,2,32,0,1114,30,44,359,412,10
2025-12-18T16:19:54.849005,2,83,1,9,A,2,3,32,0,1114,30,,,,
2025-12-18T16:19:54.849214,2,83,9,1,B,2,3,32,0,1114,30,74,353,412,50
2025-12-18T16:19:54.867494,2,83,1,9,A,3,4,32,0,1114,30,,,,
2025-12-18T16:19:54.867676,2,83,9,1,B,3,4,32,0,1114,30,62,262,317,20
2025-12-18T16:19:54.869828,2,83,1,9,A,4,5,32,0,1114,30,,,,
2025-12-18T16:19:54.869879,2,83,9,1,B,4,5,32,0,1114,30,44,359,412,10
2025-12-18T16:19:54.872394,2,83,1,9,A,5,6,32,0,1114,30,,,,
2025-12-18T16:19:54.872499,2,83,9,1,B,5,6,32,0,1114,30,40,0,1125,10
2025-12-18T16:19:54.892930,2,83,1,9,A,6,7,32,0,1114,30,,,,
2025-12-18T16:19:54.893126,2,83,9,1,B,6,7,32,0,1114,30,,,,
2025-12-18T16:19:55.273377,2,84,1,13,A,0,1,67,12,77,10,,,,
2025-12-18T16:19:55.297221,2,84,13,1,B,0,1,67,12,77,10,73,0,1090,10
2025-12-18T16:19:55.317549,2,84,1,13,A,1,2,67,12,77,10,,,,
2025-12-18T16:19:55.317774,2,84,13,1,B,1,2,67,12,77,10,3,0,1129,10
2025-12-18T16:19:55.338727,2,84,1,13,A,2,3,67,12,77,10,,,,
2025-12-18T16:19:55.338972,2,84,13,1,B,2,3,67,12,77,10,57,0,1111,40
2025-12-18T16:19:55.360062,2,84,1,13,A,3,4,67,12,77,10,,,,
2025-12-18T16:19:55.360309,2,84,13,1,B,3,4,67,12,77,10,83,0,1113,10
2025-12-18T16:19:55.380048,2,84,1,13,A,4,5,67,12,77,10,,,,
2025-12-18T16:19:55.380241,2,84,13,1,B,4,5,67,12,77,10,10,0,1129,10
2025-12-18T16:19:55.400435,2,84,1,13,A,5,6,67,12,77,10,,,,
2025-12-18T16:19:55.400653,2,84,13,1,B,5,6,67,12,77,10,43,0,1129,10
2025-12-18T16:19:55.420639,2,84,1,13,A,6,7,67,12,77,10,,,,
2025-12-18T16:19:55.420842,2,84,13,1,B,6,7,67,12,77,10,,,,
2025-12-18T16:19:55.611076,2,85,1,12,A,0,1,67,12,77,10,,,,
2025-12-18T16:19:55.613933,2,85,12,1,B,0,1,67,12,77,10,,,,
2025-12-18T16:19:56.011007,2,86,1,0,A,0,1,67,12,77,10,,,,
2025-12-18T16:19:56.036750,2,86,0,1,B,0,1,67,12,77,10,9,534,605,10
2025-12-18T16:19:56.054395,2,86,1,0,A,1,2,67,12,77,10,,,,
2025-12-18T16:19:56.054630,2,86,0,1,B,1,2,67,12,77,10,17,0,1112,20
2025-12-18T16:19:56.074389,2,86,1,0,A,2,3,67,12,77,10,,,,
2025-12-18T16:19:56.074586,2,86,0,1,B,2,3,67,12,77,10,33,0,1112,40
2025-12-18T16:19:56.094207,2,86,1,0,A,3,4,67,12,77,10,,,,
2025-12-18T16:19:56.094367,2,86,0,1,B,3,4,67,12,77,10,93,0,1102,40
2025-12-18T16:19:56.113908,2,86,1,0,A,4,5,67,12,77,10,,,,
2025-12-18T16:19:56.114144,2,86,0,1,B,4,5,67,12,77,10,1,0,1127,10
2025-12-18T16:19:56.133505,2,86,1,0,A,5,6,67,12,77,10,,,,
2025-12-18T16:19:56.133700,2,86,0,1,B,5,6,67,12,77,10,7,0,1130,20
2025-12-18T16:19:56.153324,2,86,1,0,A,6,7,67,12,77,10,,,,
2025-12-18T16:19:56.153511,2,86,0,1,B,6,7,67,12,77,10,28,0,1128,20
2025-12-18T16:19:56.172803,2,86,1,0,A,7,8,67,12,77,10,,,,
2025-12-18T16:19:56.172984,2,86,0,1,B,7,8,67,12,77,10,39,0,1105,20
2025-12-18T16:19:56.192652,2,86,1,0,A,8,9,67,12,77,10,,,,
2025-12-18T16:19:56.192865,2,86,0,1,B,8,9,67,12,77,10,9,534,605,10
2025-12-18T16:19:56.195343,2,86,1,0,A,9,10,67,12,77,10,,,,
2025-12-18T16:19:56.195400,2,86,0,1,B,9,10,67,12,77,10,6,0,1127,20
2025-12-18T16:19:56.539588,2,87,1,11,A,0,1,67,12,77,10,,,,
2025-12-18T16:19:56.560030,2,87,11,1,B,0,1,67,12,77,10,25,169,224,40
2025-12-18T16:19:56.577274,2,87,1,11,A,1,2,67,12,77,10,,,,
2025-12-18T16:19:56.577496,2,87,11,1,B,1,2,67,12,77,10,11,448,505,10
2025-12-18T16:19:56.595039,2,87,1,11,A,2,3,67,12,77,10,,,,
2025-12-18T16:19:56.595234,2,87,11,1,B,2,3,67,12,77,10,38,479,522,30
2025-12-18T16:19:56.612483,2,87,1,11,A,3,4,67,12,77,10,,,,
2025-12-18T16:19:56.612661,2,87,11,1,B,3,4,67,12,77,10,86,0,1119,10
2025-12-18T16:19:56.632173,2,87,1,11,A,4,5,67,12,77,10,,,,
2025-12-18T16:19:56.632365,2,87,11,1,B,4,5,67,12,77,10,35,0,1107,10
2025-12-18T16:19:56.651733,2,87,1,11,A,5,6,67,12,77,10,,,,
2025-12-18T16:19:56.651903,2,87,11,1,B,5,6,67,12,77,10,19,0,1106,10
2025-12-18T16:19:56.671610,2,87,1,11,A,6,7,67,12,77,10,,,,
2025-12-18T16:19:56.671807,2,87,11,1,B,6,7,67,12,77,10,25,169,224,40
2025-12-18T16:19:56.673926,2,87,1,11,A,7,8,67,12,77,10,,,,
2025-12-18T16:19:56.673976,2,87,11,1,B,7,8,67,12,77,10,21,0,1135,20
2025-12-18T16:19:56.693078,2,87,1,11,A,8,9,67,12,77,10,,,,
2025-12-18T16:19:56.693246,2,87,11,1,B,8,9,67,12,77,10,11,448,505,10
2025-12-18T16:19:56.695691,2,87,1,11,A,9,10,67,12,77,10,,,,
2025-12-18T16:19:56.695746,2,87,11,1,B,9,10,67,12,77,10,16,0,1105,40
2025-12-18T16:19:57.097985,2,88,1,2,A,0,1,67,12,77,10,,,,
2025-12-18T16:19:57.125935,2,88,2,1,B,0,1,67,12,77,10,60,0,1100,20
2025-12-18T16:19:57.146275,2,88,1,2,A,1,2,67,12,77,10,,,,
2025-12-18T16:19:57.146517,2,88,2,1,B,1,2,67,12,77,10,78,0,1095,20
2025-12-18T16:19:57.166217,2,88,1,2,A,2,3,67,12,77,10,,,,
2025-12-18T16:19:57.166416,2,88,2,1,B,2,3,67,12,77,10,88,0,1119,30
2025-12-18T16:19:57.185298,2,88,1,2,A,3,4,67,12,77,10,,,,
2025-12-18T16:19:57.185518,2,88,2,1,B,3,4,67,12,77,10,2,0,1125,30
2025-12-18T16:19:57.204698,2,88,1,2,A,4,5,67,12,77,10,,,,
2025-12-18T16:19:57.204852,2,88,2,1,B,4,5,67,12,77,10,24,0,1131,10
2025-12-18T16:19:57.224100,2,88,1,2,A,5,6,67,12,77,10,,,,
2025-12-18T16:19:57.224287,2,88,2,1,B,5,6,67,12,77,10,91,0,1123,10
2025-12-18T16:19:57.244103,2,88,1,2,A,6,7,67,12,77,10,,,,
2025-12-18T16:19:57.244270,2,88,2,1,B,6,7,67,12,77,10,51,0,1121,10
2025-12-18T16:19:57.264446,2,88,1,2,A,7,8,67,12,77,10,,,,
2025-12-18T16:19:57.264675,2,88,2,1,B,7,8,67,12,77,10,46,0,1125,30
2025-12-18T16:19:57.284263,2,88,1,2,A,8,9,67,12,77,10,,,,
2025-12-18T16:19:57.284457,2,88,2,1,B,8,9,67,12,77,10,,,,
2025-12-18T16:19:57.687910,2,89,1,3,A,0,1,67,12,77,10,,,,
2025-12-18T16:19:57.711798,2,89,3,1,B,0,1,67,12,77,10,77,574,643,10
2025-12-18T16:19:57.729131,2,89,1,3,A,1,2,67,12,77,10,,,,
2025-12-18T16:19:57.729301,2,89,3,1,B,1,2,67,12,77,10,99,743,820,10
2025-12-18T16:19:57.746296,2,89,1,3,A,2,3,67,12,77,10,,,,
2025-12-18T16:19:57.746476,2,89,3,1,B,2,3,67,12,77,10,87,85,144,20
2025-12-18T16:19:57.762939,2,89,1,3,A,3,4,67,12,77,10,,,,
2025-12-18T16:19:57.763089,2,89,3,1,B,3,4,67,12,77,10,52,0,1124,10
2025-12-18T16:19:57.782201,2,89,1,3,A,4,5,67,12,77,10,,,,
2025-12-18T16:19:57.782386,2,89,3,1,B,4,5,67,12,77,10,77,574,643,10
2025-12-18T16:19:57.784842,2,89,1,3,A,5,6,67,12,77,10,,,,
2025-12-18T16:19:57.784888,2,89,3,1,B,5,6,67,12,77,10,98,0,1115,20
2025-12-18T16:19:57.804434,2,89,1,3,A,6,7,67,12,77,10,,,,
2025-12-18T16:19:57.804610,2,89,3,1,B,6,7,67,12,77,10,81,0,1098,30
2025-12-18T16:19:57.824366,2,89,1,3,A,7,8,67,12,77,10,,,,
2025-12-18T16:19:57.824535,2,89,3,1,B,7,8,67,12,77,10,99,743,820,10
2025-12-18T16:19:57.826904,2,89,1,3,A,8,9,67,12,77,10,,,,
2025-12-18T16:19:57.826950,2,89,3,1,B,8,9,67,12,77,10,87,85,144,20
2025-12-18T16:19:57.828586,2,89,1,3,A,9,10,67,12,77,10,,,,
2025-12-18T16:19:57.828645,2,89,3,1,B,9,10,67,12,77,10,5,0,1130,10
2025-12-18T16:19:58.281615,2,90,1,8,A,0,1,67,12,77,10,,,,
2025-12-18T16:19:58.303633,2,90,8,1,B,0,1,67,12,77,10,53,286,347,20
2025-12-18T16:19:58.322985,2,90,1,8,A,1,2,67,12,77,10,,,,
2025-12-18T16:19:58.323188,2,90,8,1,B,1,2,67,12,77,10,100,647,726,20
2025-12-18T16:19:58.342130,2,90,1,8,A,2,3,67,12,77,10,,,,
2025-12-18T16:19:58.342324,2,90,8,1,B,2,3,67,12,77,10,76,203,260,10
2025-12-18T16:19:58.360240,2,90,1,8,A,3,4,67,12,77,10,,,,
2025-12-18T16:19:58.360460,2,90,8,1,B,3,4,67,12,77,10,69,916,969,10
2025-12-18T16:19:58.378189,2,90,1,8,A,4,5,67,12,77,10,,,,
2025-12-18T16:19:58.378424,2,90,8,1,B,4,5,67,12,77,10,53,286,347,20
2025-12-18T16:19:58.380545,2,90,1,8,A,5,6,67,12,77,10,,,,
2025-12-18T16:19:58.380591,2,90,8,1,B,5,6,67,12,77,10,100,647,726,20
2025-12-18T16:19:58.382946,2,90,1,8,A,6,7,67,12,77,10,,,,
2025-12-18T16:19:58.383007,2,90,8,1,B,6,7,67,12,77,10,76,203,260,10
2025-12-18T16:19:58.385131,2,90,1,8,A,7,8,67,12,77,10,,,,
2025-12-18T16:19:58.385264,2,90,8,1,B,7,8,67,12,77,10,75,0,1130,20
2025-12-18T16:19:58.405342,2,90,1,8,A,8,9,67,12,77,10,,,,
2025-12-18T16:19:58.405490,2,90,8,1,B,8,9,67,12,77,10,69,916,969,10
2025-12-18T16:19:58.407877,2,90,1,8,A,9,10,67,12,77,10,,,,
2025-12-18T16:19:58.407926,2,90,8,1,B,9,10,67,12,77,10,59,0,1110,10
2025-12-18T16:19:58.798821,2,91,1,10,A,0,1,67,12,77,10,,,,
2025-12-18T16:19:58.822355,2,91,10,1,B,0,1,67,12,77,10,55,95,158,10
2025-12-18T16:19:58.839990,2,91,1,10,A,1,2,67,12,77,10,,,,
2025-12-18T16:19:58.840196,2,91,10,1,B,1,2,67,12,77,10,92,368,441,20
2025-12-18T16:19:58.858084,2,91,1,10,A,2,3,67,12,77,10,,,,
2025-12-18T16:19:58.858292,2,91,10,1,B,2,3,67,12,77,10,84,458,523,20
2025-12-18T16:19:58.875818,2,91,1,10,A,3,4,67,12,77,10,,,,
2025-12-18T16:19:58.876017,2,91,10,1,B,3,4,67,12,77,10,71,0,1088,20
2025-12-18T16:19:58.895650,2,91,1,10,A,4,5,67,12,77,10,,,,
2025-12-18T16:19:58.895853,2,91,10,1,B,4,5,67,12,77,10,55,95,158,10
2025-12-18T16:19:58.897975,2,91,1,10,A,5,6,67,12,77,10,,,,
2025-12-18T16:19:58.898022,2,91,10,1,B,5,6,67,12,77,10,14,0,1106,10
2025-12-18T16:19:58.917524,2,91,1,10,A,6,7,67,12,77,10,,,,
2025-12-18T16:19:58.917728,2,91,10,1,B,6,7,67,12,77,10,92,368,441,20
2025-12-18T16:19:58.920094,2,91,1,10,A,7,8,67,12,77,10,,,,
2025-12-18T16:19:58.920149,2,91,10,1,B,7,8,67,12,77,10,30,0,1125,10
2025-12-18T16:19:58.940174,2,91,1,10,A,8,9,67,12,77,10,,,,
2025-12-18T16:19:58.940387,2,91,10,1,B,8,9,67,12,77,10,84,458,523,20
2025-12-18T16:19:58.942866,2,91,1,10,A,9,10,67,12,77,10,,,,
2025-12-18T16:19:58.943036,2,91,10,1,B,9,10,67,12,77,10,90,0,1125,10
2025-12-18T16:19:59.139619,2,92,1,4,A,0,1,67,12,77,10,,,,
2025-12-18T16:19:59.146152,2,92,4,1,B,0,1,67,12,77,10,13,30,92,30
2025-12-18T16:19:59.162175,2,92,1,4,A,1,2,67,12,77,10,,,,
2025-12-18T16:19:59.162322,2,92,4,1,B,1,2,67,12,77,10,26,0,1130,10
2025-12-18T16:19:59.181736,2,92,1,4,A,2,3,67,12,77,10,,,,
2025-12-18T16:19:59.181945,2,92,4,1,B,2,3,67,12,77,10,89,0,1121,10
2025-12-18T16:19:59.201984,2,92,1,4,A,3,4,67,12,77,10,,,,
2025-12-18T16:19:59.202202,2,92,4,1,B,3,4,67,12,77,10,13,30,92,30
2025-12-18T16:19:59.202881,2,92,1,4,A,4,5,67,12,77,10,,,,
2025-12-18T16:19:59.202935,2,92,4,1,B,4,5,67,12,77,10,15,384,429,40
2025-12-18T16:19:59.219970,2,92,1,4,A,5,6,67,12,77,10,,,,
2025-12-18T16:19:59.220182,2,92,4,1,B,5,6,67,12,77,10,,,,
2025-12-18T16:19:59.498528,2,93,1,6,A,0,1,67,12,77,10,,,,
2025-12-18T16:19:59.514417,2,93,6,1,B,0,1,67,12,77,10,70,0,1087,30
2025-12-18T16:19:59.535528,2,93,1,6,A,1,2,67,12,77,10,,,,
2025-12-18T16:19:59.535823,2,93,6,1,B,1,2,67,12,77,10,94,0,1105,10
2025-12-18T16:19:59.557922,2,93,1,6,A,2,3,67,12,77,10,,,,
2025-12-18T16:19:59.558139,2,93,6,1,B,2,3,67,12,77,10,48,0,1122,10
2025-12-18T16:19:59.579192,2,93,1,6,A,3,4,67,12,77,10,,,,
2025-12-18T16:19:59.579407,2,93,6,1,B,3,4,67,12,77,10,34,0,1113,20
2025-12-18T16:19:59.600423,2,93,1,6,A,4,5,67,12,77,10,,,,
2025-12-18T16:19:59.600615,2,93,6,1,B,4,5,67,12,77,10,65,0,1133,10
2025-12-18T16:19:59.621845,2,93,1,6,A,5,6,67,12,77,10,,,,
2025-12-18T16:19:59.622028,2,93,6,1,B,5,6,67,12,77,10,23,732,777,10
2025-12-18T16:19:59.640265,2,93,1,6,A,6,7,67,12,77,10,,,,
2025-12-18T16:19:59.640474,2,93,6,1,B,6,7,67,12,77,10,,,,
2025-12-18T16:19:59.890242,2,94,1,7,A,0,1,67,12,77,10,,,,
2025-12-18T16:19:59.902519,2,94,7,1,B,0,1,67,12,77,10,58,471,534,30
2025-12-18T16:19:59.920368,2,94,1,7,A,1,2,67,12,77,10,,,,
2025-12-18T16:19:59.920592,2,94,7,1,B,1,2,67,12,77,10,96,0,1109,10
2025-12-18T16:19:59.941140,2,94,1,7,A,2,3,67,12,77,10,,,,
2025-12-18T16:19:59.941348,2,94,7,1,B,2,3,67,12,77,10,12,0,1107,20
2025-12-18T16:19:59.961267,2,94,1,7,A,3,4,67,12,77,10,,,,
2025-12-18T16:19:59.961485,2,94,7,1,B,3,4,67,12,77,10,58,471,534,30
2025-12-18T16:19:59.964009,2,94,1,7,A,4,5,67,12,77,10,,,,
2025-12-18T16:19:59.964107,2,94,7,1,B,4,5,67,12,77,10,18,0,1110,20
2025-12-18T16:19:59.984350,2,94,1,7,A,5,6,67,12,77,10,,,,
2025-12-18T16:19:59.984574,2,94,7,1,B,5,6,67,12,77,10,29,0,1126,10
2025-12-18T16:20:00.004916,2,94,1,7,A,6,7,67,12,77,10,,,,
2025-12-18T16:20:00.005112,2,94,7,1,B,6,7,67,12,77,10,,,,
2025-12-18T16:20:00.292255,2,95,1,5,A,0,1,67,12,77,10,,,,
2025-12-18T16:20:00.308250,2,95,5,1,B,0,1,67,12,77,10,56,0,1101,30
2025-12-18T16:20:00.329451,2,95,1,5,A,1,2,67,12,77,10,,,,
2025-12-18T16:20:00.329646,2,95,5,1,B,1,2,67,12,77,10,80,0,1094,10
2025-12-18T16:20:00.349262,2,95,1,5,A,2,3,67,12,77,10,,,,
2025-12-18T16:20:00.349467,2,95,5,1,B,2,3,67,12,77,10,41,0,1127,10
2025-12-18T16:20:00.369506,2,95,1,5,A,3,4,67,12,77,10,,,,
2025-12-18T16:20:00.369654,2,95,5,1,B,3,4,67,12,77,10,50,0,1123,10
2025-12-18T16:20:00.389952,2,95,1,5,A,4,5,67,12,77,10,,,,
2025-12-18T16:20:00.390125,2,95,5,1,B,4,5,67,12,77,10,36,0,1110,10
2025-12-18T16:20:00.410746,2,95,1,5,A,5,6,67,12,77,10,,,,
2025-12-18T16:20:00.410937,2,95,5,1,B,5,6,67,12,77,10,79,668,731,10
2025-12-18T16:20:00.428536,2,95,1,5,A,6,7,67,12,77,10,,,,
2025-12-18T16:20:00.428712,2,95,5,1,B,6,7,67,12,77,10,,,,
2025-12-18T16:20:00.630114,2,96,1,9,A,0,1,67,12,77,10,,,,
2025-12-18T16:20:00.634342,2,96,9,1,B,0,1,67,12,77,10,62,262,317,20
2025-12-18T16:20:00.651845,2,96,1,9,A,1,2,67,12,77,10,,,,
2025-12-18T16:20:00.652028,2,96,9,1,B,1,2,67,12,77,10,44,359,412,10
2025-12-18T16:20:00.670746,2,96,1,9,A,2,3,67,12,77,10,,,,
2025-12-18T16:20:00.670981,2,96,9,1,B,2,3,67,12,77,10,74,353,412,50
2025-12-18T16:20:00.689329,2,96,1,9,A,3,4,67,12,77,10,,,,
2025-12-18T16:20:00.689583,2,96,9,1,B,3,4,67,12,77,10,62,262,317,20
2025-12-18T16:20:00.691753,2,96,1,9,A,4,5,67,12,77,10,,,,
2025-12-18T16:20:00.691802,2,96,9,1,B,4,5,67,12,77,10,44,359,412,10
2025-12-18T16:20:00.694135,2,96,1,9,A,5,6,67,12,77,10,,,,
2025-12-18T16:20:00.694186,2,96,9,1,B,5,6,67,12,77,10,40,0,1125,10
2025-12-18T16:20:00.713630,2,96,1,9,A,6,7,67,12,77,10,,,,
2025-12-18T16:20:00.713856,2,96,9,1,B,6,7,67,12,77,10,,,,
2025-12-18T16:20:00.926817,2,97,1,12,A,0,1,95,0,1108,30,,,,
2025-12-18T16:20:00.932307,2,97,12,1,B,0,1,95,0,1108,30,,,,
2025-12-18T16:20:01.349612,2,98,1,0,A,0,1,95,0,1108,30,,,,
2025-12-18T16:20:01.396250,2,98,0,1,B,0,1,95,0,1108,30,9,534,605,10
2025-12-18T16:20:01.415859,2,98,1,0,A,1,2,95,0,1108,30,,,,
2025-12-18T16:20:01.416050,2,98,0,1,B,1,2,95,0,1108,30,17,0,1112,20
2025-12-18T16:20:01.437396,2,98,1,0,A,2,3,95,0,1108,30,,,,
2025-12-18T16:20:01.437663,2,98,0,1,B,2,3,95,0,1108,30,33,0,1112,40
2025-12-18T16:20:01.460488,2,98,1,0,A,3,4,95,0,1108,30,,,,
2025-12-18T16:20:01.460694,2,98,0,1,B,3,4,95,0,1108,30,93,0,1102,40
2025-12-18T16:20:01.482765,2,98,1,0,A,4,5,95,0,1108,30,,,,
2025-12-18T16:20:01.482993,2,98,0,1,B,4,5,95,0,1108,30,1,0,1127,10
2025-12-18T16:20:01.509021,2,98,1,0,A,5,6,95,0,1108,30,,,,
2025-12-18T16:20:01.509254,2,98,0,1,B,5,6,95,0,1108,30,7,0,1130,20
2025-12-18T16:20:01.534180,2,98,1,0,A,6,7,95,0,1108,30,,,,
2025-12-18T16:20:01.534418,2,98,0,1,B,6,7,95,0,1108,30,28,0,1128,20
2025-12-18T16:20:01.559274,2,98,1,0,A,7,8,95,0,1108,30,,,,
2025-12-18T16:20:01.559520,2,98,0,1,B,7,8,95,0,1108,30,39,0,1105,20
2025-12-18T16:20:01.585159,2,98,1,0,A,8,9,95,0,1108,30,,,,
2025-12-18T16:20:01.585382,2,98,0,1,B,8,9,95,0,1108,30,9,534,605,10
2025-12-18T16:20:01.587801,2,98,1,0,A,9,10,95,0,1108,30,,,,
2025-12-18T16:20:01.587856,2,98,0,1,B,9,10,95,0,1108,30,6,0,1127,20
2025-12-18T16:20:01.939403,2,99,1,11,A,0,1,95,0,1108,30,,,,
2025-12-18T16:20:01.979501,2,99,11,1,B,0,1,95,0,1108,30,25,169,224,40
2025-12-18T16:20:01.999040,2,99,1,11,A,1,2,95,0,1108,30,,,,
2025-12-18T16:20:01.999248,2,99,11,1,B,1,2,95,0,1108,30,11,448,505,10
2025-12-18T16:20:02.020010,2,99,1,11,A,2,3,95,0,1108,30,,,,
2025-12-18T16:20:02.020227,2,99,11,1,B,2,3,95,0,1108,30,38,479,522,30
2025-12-18T16:20:02.037999,2,99,1,11,A,3,4,95,0,1108,30,,,,
2025-12-18T16:20:02.038166,2,99,11,1,B,3,4,95,0,1108,30,86,0,1119,10
2025-12-18T16:20:02.057804,2,99,1,11,A,4,5,95,0,1108,30,,,,
2025-12-18T16:20:02.057970,2,99,11,1,B,4,5,95,0,1108,30,35,0,1107,10
2025-12-18T16:20:02.077845,2,99,1,11,A,5,6,95,0,1108,30,,,,
2025-12-18T16:20:02.078095,2,99,11,1,B,5,6,95,0,1108,30,19,0,1106,10
2025-12-18T16:20:02.098253,2,99,1,11,A,6,7,95,0,1108,30,,,,
2025-12-18T16:20:02.098492,2,99,11,1,B,6,7,95,0,1108,30,25,169,224,40
2025-12-18T16:20:02.100809,2,99,1,11,A,7,8,95,0,1108,30,,,,
2025-12-18T16:20:02.100903,2,99,11,1,B,7,8,95,0,1108,30,21,0,1135,20
2025-12-18T16:20:02.120396,2,99,1,11,A,8,9,95,0,1108,30,,,,
2025-12-18T16:20:02.120600,2,99,11,1,B,8,9,95,0,1108,30,11,448,505,10
2025-12-18T16:20:02.123060,2,99,1,11,A,9,10,95,0,1108,30,,,,
2025-12-18T16:20:02.123129,2,99,11,1,B,9,10,95,0,1108,30,38,479,522,30
2025-12-18T16:20:02.507488,2,100,1,3,A,0,1,95,0,1108,30,,,,
2025-12-18T16:20:02.557787,2,100,3,1,B,0,1,95,0,1108,30,77,574,643,10
2025-12-18T16:20:02.576527,2,100,1,3,A,1,2,95,0,1108,30,,,,
2025-12-18T16:20:02.576741,2,100,3,1,B,1,2,95,0,1108,30,99,743,820,10
2025-12-18T16:20:02.594023,2,100,1,3,A,2,3,95,0,1108,30,,,,
2025-12-18T16:20:02.594248,2,100,3,1,B,2,3,95,0,1108,30,87,85,144,20
2025-12-18T16:20:02.610420,2,100,1,3,A,3,4,95,0,1108,30,,,,
2025-12-18T16:20:02.610552,2,100,3,1,B,3,4,95,0,1108,30,52,0,1124,10
2025-12-18T16:20:02.630472,2,100,1,3,A,4,5,95,0,1108,30,,,,
2025-12-18T16:20:02.630657,2,100,3,1,B,4,5,95,0,1108,30,77,574,643,10
2025-12-18T16:20:02.633020,2,100,1,3,A,5,6,95,0,1108,30,,,,
2025-12-18T16:20:02.633073,2,100,3,1,B,5,6,95,0,1108,30,98,0,1115,20
2025-12-18T16:20:02.653184,2,100,1,3,A,6,7,95,0,1108,30,,,,
2025-12-18T16:20:02.653445,2,100,3,1,B,6,7,95,0,1108,30,81,0,1098,30
2025-12-18T16:20:02.673790,2,100,1,3,A,7,8,95,0,1108,30,,,,
2025-12-18T16:20:02.674007,2,100,3,1,B,7,8,95,0,1108,30,99,743,820,10
2025-12-18T16:20:02.676547,2,100,1,3,A,8,9,95,0,1108,30,,,,
2025-12-18T16:20:02.676666,2,100,3,1,B,8,9,95,0,1108,30,87,85,144,20
2025-12-18T16:20:02.678382,2,100,1,3,A,9,10,95,0,1108,30,,,,
2025-12-18T16:20:02.678514,2,100,3,1,B,9,10,95,0,1108,30,5,0,1130,10
2025-12-18T16:20:03.065210,2,101,1,10,A,0,1,95,0,1108,30,,,,
2025-12-18T16:20:03.116832,2,101,10,1,B,0,1,95,0,1108,30,55,95,158,10
2025-12-18T16:20:03.134896,2,101,1,10,A,1,2,95,0,1108,30,,,,
2025-12-18T16:20:03.135105,2,101,10,1,B,1,2,95,0,1108,30,92,368,441,20
2025-12-18T16:20:03.152502,2,101,1,10,A,2,3,95,0,1108,30,,,,
2025-12-18T16:20:03.152644,2,101,10,1,B,2,3,95,0,1108,30,84,458,523,20
2025-12-18T16:20:03.169383,2,101,1,10,A,3,4,95,0,1108,30,,,,
2025-12-18T16:20:03.169559,2,101,10,1,B,3,4,95,0,1108,30,71,0,1088,20
2025-12-18T16:20:03.189516,2,101,1,10,A,4,5,95,0,1108,30,,,,
2025-12-18T16:20:03.189741,2,101,10,1,B,4,5,95,0,1108,30,55,95,158,10
2025-12-18T16:20:03.191927,2,101,1,10,A,5,6,95,0,1108,30,,,,
2025-12-18T16:20:03.191981,2,101,10,1,B,5,6,95,0,1108,30,14,0,1106,10
2025-12-18T16:20:03.211233,2,101,1,10,A,6,7,95,0,1108,30,,,,
2025-12-18T16:20:03.211396,2,101,10,1,B,6,7,95,0,1108,30,92,368,441,20
2025-12-18T16:20:03.213763,2,101,1,10,A,7,8,95,0,1108,30,,,,
2025-12-18T16:20:03.213822,2,101,10,1,B,7,8,95,0,1108,30,30,0,1125,10
2025-12-18T16:20:03.233786,2,101,1,10,A,8,9,95,0,1108,30,,,,
2025-12-18T16:20:03.233976,2,101,10,1,B,8,9,95,0,1108,30,84,458,523,20
2025-12-18T16:20:03.236360,2,101,1,10,A,9,10,95,0,1108,30,,,,
2025-12-18T16:20:03.236427,2,101,10,1,B,9,10,95,0,1108,30,90,0,1125,10
2025-12-18T16:20:03.449570,2,102,1,4,A,0,1,95,0,1108,30,,,,
2025-12-18T16:20:03.460374,2,102,4,1,B,0,1,95,0,1108,30,13,30,92,30
2025-12-18T16:20:03.476873,2,102,1,4,A,1,2,95,0,1108,30,,,,
2025-12-18T16:20:03.477058,2,102,4,1,B,1,2,95,0,1108,30,26,0,1130,10
2025-12-18T16:20:03.497875,2,102,1,4,A,2,3,95,0,1108,30,,,,
2025-12-18T16:20:03.498088,2,102,4,1,B,2,3,95,0,1108,30,89,0,1121,10
2025-12-18T16:20:03.517895,2,102,1,4,A,3,4,95,0,1108,30,,,,
2025-12-18T16:20:03.518137,2,102,4,1,B,3,4,95,0,1108,30,13,30,92,30
2025-12-18T16:20:03.518854,2,102,1,4,A,4,5,95,0,1108,30,,,,
2025-12-18T16:20:03.518910,2,102,4,1,B,4,5,95,0,1108,30,15,384,429,40
2025-12-18T16:20:03.537365,2,102,1,4,A,5,6,95,0,1108,30,,,,
2025-12-18T16:20:03.537605,2,102,4,1,B,5,6,95,0,1108,30,,,,
2025-12-18T16:20:03.789692,2,103,1,7,A,0,1,95,0,1108,30,,,,
2025-12-18T16:20:03.807659,2,103,7,1,B,0,1,95,0,1108,30,58,471,534,30
2025-12-18T16:20:03.824797,2,103,1,7,A,1,2,95,0,1108,30,,,,
2025-12-18T16:20:03.824975,2,103,7,1,B,1,2,95,0,1108,30,58,471,534,30
2025-12-18T16:20:03.827410,2,103,1,7,A,2,3,95,0,1108,30,,,,
2025-12-18T16:20:03.827465,2,103,7,1,B,2,3,95,0,1108,30,12,0,1107,20
2025-12-18T16:20:03.846295,2,103,1,7,A,3,4,95,0,1108,30,,,,
2025-12-18T16:20:03.846495,2,103,7,1,B,3,4,95,0,1108,30,96,0,1109,10
2025-12-18T16:20:03.866542,2,103,1,7,A,4,5,95,0,1108,30,,,,
2025-12-18T16:20:03.866728,2,103,7,1,B,4,5,95,0,1108,30,18,0,1110,20
2025-12-18T16:20:03.887545,2,103,1,7,A,5,6,95,0,1108,30,,,,
2025-12-18T16:20:03.887746,2,103,7,1,B,5,6,95,0,1108,30,29,0,1126,10
2025-12-18T16:20:03.907729,2,103,1,7,A,6,7,95,0,1108,30,,,,
2025-12-18T16:20:03.907941,2,103,7,1,B,6,7,95,0,1108,30,,,,
2025-12-18T16:20:04.105665,2,104,1,12,A,0,1,97,0,1105,30,,,,
2025-12-18T16:20:04.111174,2,104,12,1,B,0,1,97,0,1105,30,,,,
2025-12-18T16:20:04.506260,2,105,1,0,A,0,1,97,0,1105,30,,,,
2025-12-18T16:20:04.551970,2,105,0,1,B,0,1,97,0,1105,30,9,534,605,10
2025-12-18T16:20:04.570400,2,105,1,0,A,1,2,97,0,1105,30,,,,
2025-12-18T16:20:04.570592,2,105,0,1,B,1,2,97,0,1105,30,17,0,1112,20
2025-12-18T16:20:04.589871,2,105,1,0,A,2,3,97,0,1105,30,,,,
2025-12-18T16:20:04.590095,2,105,0,1,B,2,3,97,0,1105,30,33,0,1112,40
2025-12-18T16:20:04.609589,2,105,1,0,A,3,4,97,0,1105,30,,,,
2025-12-18T16:20:04.609767,2,105,0,1,B,3,4,97,0,1105,30,93,0,1102,40
2025-12-18T16:20:04.629503,2,105,1,0,A,4,5,97,0,1105,30,,,,
2025-12-18T16:20:04.629721,2,105,0,1,B,4,5,97,0,1105,30,1,0,1127,10
2025-12-18T16:20:04.651790,2,105,1,0,A,5,6,97,0,1105,30,,,,
2025-12-18T16:20:04.652021,2,105,0,1,B,5,6,97,0,1105,30,7,0,1130,20
2025-12-18T16:20:04.673637,2,105,1,0,A,6,7,97,0,1105,30,,,,
2025-12-18T16:20:04.673833,2,105,0,1,B,6,7,97,0,1105,30,28,0,1128,20
2025-12-18T16:20:04.694235,2,105,1,0,A,7,8,97,0,1105,30,,,,
2025-12-18T16:20:04.694489,2,105,0,1,B,7,8,97,0,1105,30,39,0,1105,20
2025-12-18T16:20:04.716071,2,105,1,0,A,8,9,97,0,1105,30,,,,
2025-12-18T16:20:04.716316,2,105,0,1,B,8,9,97,0,1105,30,9,534,605,10
2025-12-18T16:20:04.718744,2,105,1,0,A,9,10,97,0,1105,30,,,,
2025-12-18T16:20:04.718796,2,105,0,1,B,9,10,97,0,1105,30,6,0,1127,20
2025-12-18T16:20:05.058031,2,106,1,11,A,0,1,97,0,1105,30,,,,
2025-12-18T16:20:05.099098,2,106,11,1,B,0,1,97,0,1105,30,25,169,224,40
2025-12-18T16:20:05.117710,2,106,1,11,A,1,2,97,0,1105,30,,,,
2025-12-18T16:20:05.117915,2,106,11,1,B,1,2,97,0,1105,30,11,448,505,10
2025-12-18T16:20:05.135386,2,106,1,11,A,2,3,97,0,1105,30,,,,
2025-12-18T16:20:05.135627,2,106,11,1,B,2,3,97,0,1105,30,38,479,522,30
2025-12-18T16:20:05.153787,2,106,1,11,A,3,4,97,0,1105,30,,,,
2025-12-18T16:20:05.153975,2,106,11,1,B,3,4,97,0,1105,30,86,0,1119,10
2025-12-18T16:20:05.173769,2,106,1,11,A,4,5,97,0,1105,30,,,,
2025-12-18T16:20:05.173984,2,106,11,1,B,4,5,97,0,1105,30,35,0,1107,10
2025-12-18T16:20:05.193774,2,106,1,11,A,5,6,97,0,1105,30,,,,
2025-12-18T16:20:05.193895,2,106,11,1,B,5,6,97,0,1105,30,19,0,1106,10
2025-12-18T16:20:05.213837,2,106,1,11,A,6,7,97,0,1105,30,,,,
2025-12-18T16:20:05.214073,2,106,11,1,B,6,7,97,0,1105,30,25,169,224,40
2025-12-18T16:20:05.216298,2,106,1,11,A,7,8,97,0,1105,30,,,,
2025-12-18T16:20:05.216364,2,106,11,1,B,7,8,97,0,1105,30,21,0,1135,20
2025-12-18T16:20:05.236086,2,106,1,11,A,8,9,97,0,1105,30,,,,
2025-12-18T16:20:05.236295,2,106,11,1,B,8,9,97,0,1105,30,11,448,505,10
2025-12-18T16:20:05.238718,2,106,1,11,A,9,10,97,0,1105,30,,,,
2025-12-18T16:20:05.238783,2,106,11,1,B,9,10,97,0,1105,30,38,479,522,30
2025-12-18T16:20:05.630014,2,107,1,3,A,0,1,97,0,1105,30,,,,
2025-12-18T16:20:05.678299,2,107,3,1,B,0,1,97,0,1105,30,77,574,643,10
2025-12-18T16:20:05.696560,2,107,1,3,A,1,2,97,0,1105,30,,,,
2025-12-18T16:20:05.696774,2,107,3,1,B,1,2,97,0,1105,30,99,743,820,10
2025-12-18T16:20:05.713897,2,107,1,3,A,2,3,97,0,1105,30,,,,
2025-12-18T16:20:05.714088,2,107,3,1,B,2,3,97,0,1105,30,87,85,144,20
2025-12-18T16:20:05.730310,2,107,1,3,A,3,4,97,0,1105,30,,,,
2025-12-18T16:20:05.730469,2,107,3,1,B,3,4,97,0,1105,30,52,0,1124,10
2025-12-18T16:20:05.750117,2,107,1,3,A,4,5,97,0,1105,30,,,,
2025-12-18T16:20:05.750311,2,107,3,1,B,4,5,97,0,1105,30,77,574,643,10
2025-12-18T16:20:05.752797,2,107,1,3,A,5,6,97,0,1105,30,,,,
2025-12-18T16:20:05.752865,2,107,3,1,B,5,6,97,0,1105,30,98,0,1115,20
2025-12-18T16:20:05.771841,2,107,1,3,A,6,7,97,0,1105,30,,,,
2025-12-18T16:20:05.772010,2,107,3,1,B,6,7,97,0,1105,30,81,0,1098,30
2025-12-18T16:20:05.791955,2,107,1,3,A,7,8,97,0,1105,30,,,,
2025-12-18T16:20:05.792157,2,107,3,1,B,7,8,97,0,1105,30,99,743,820,10
2025-12-18T16:20:05.794570,2,107,1,3,A,8,9,97,0,1105,30,,,,
2025-12-18T16:20:05.794619,2,107,3,1,B,8,9,97,0,1105,30,87,85,144,20
2025-12-18T16:20:05.796212,2,107,1,3,A,9,10,97,0,1105,30,,,,
2025-12-18T16:20:05.796260,2,107,3,1,B,9,10,97,0,1105,30,5,0,1130,10
2025-12-18T16:20:06.182468,2,108,1,10,A,0,1,97,0,1105,30,,,,
2025-12-18T16:20:06.232918,2,108,10,1,B,0,1,97,0,1105,30,55,95,158,10
2025-12-18T16:20:06.250976,2,108,1,10,A,1,2,97,0,1105,30,,,,
2025-12-18T16:20:06.251136,2,108,10,1,B,1,2,97,0,1105,30,92,368,441,20
2025-12-18T16:20:06.268899,2,108,1,10,A,2,3,97,0,1105,30,,,,
2025-12-18T16:20:06.269132,2,108,10,1,B,2,3,97,0,1105,30,84,458,523,20
2025-12-18T16:20:06.286661,2,108,1,10,A,3,4,97,0,1105,30,,,,
2025-12-18T16:20:06.286851,2,108,10,1,B,3,4,97,0,1105,30,71,0,1088,20
2025-12-18T16:20:06.306344,2,108,1,10,A,4,5,97,0,1105,30,,,,
2025-12-18T16:20:06.306512,2,108,10,1,B,4,5,97,0,1105,30,55,95,158,10
2025-12-18T16:20:06.308649,2,108,1,10,A,5,6,97,0,1105,30,,,,
2025-12-18T16:20:06.308714,2,108,10,1,B,5,6,97,0,1105,30,14,0,1106,10
2025-12-18T16:20:06.328716,2,108,1,10,A,6,7,97,0,1105,30,,,,
2025-12-18T16:20:06.328890,2,108,10,1,B,6,7,97,0,1105,30,92,368,441,20
2025-12-18T16:20:06.331332,2,108,1,10,A,7,8,97,0,1105,30,,,,
2025-12-18T16:20:06.331383,2,108,10,1,B,7,8,97,0,1105,30,30,0,1125,10
2025-12-18T16:20:06.353573,2,108,1,10,A,8,9,97,0,1105,30,,,,
2025-12-18T16:20:06.353797,2,108,10,1,B,8,9,97,0,1105,30,84,458,523,20
2025-12-18T16:20:06.356246,2,108,1,10,A,9,10,97,0,1105,30,,,,
2025-12-18T16:20:06.356306,2,108,10,1,B,9,10,97,0,1105,30,90,0,1125,10
2025-12-18T16:20:06.550082,2,109,1,4,A,0,1,97,0,1105,30,,,,
2025-12-18T16:20:06.560377,2,109,4,1,B,0,1,97,0,1105,30,13,30,92,30
2025-12-18T16:20:06.576692,2,109,1,4,A,1,2,97,0,1105,30,,,,
2025-12-18T16:20:06.576903,2,109,4,1,B,1,2,97,0,1105,30,26,0,1130,10
2025-12-18T16:20:06.598382,2,109,1,4,A,2,3,97,0,1105,30,,,,
2025-12-18T16:20:06.598623,2,109,4,1,B,2,3,97,0,1105,30,89,0,1121,10
2025-12-18T16:20:06.618741,2,109,1,4,A,3,4,97,0,1105,30,,,,
2025-12-18T16:20:06.618943,2,109,4,1,B,3,4,97,0,1105,30,13,30,92,30
2025-12-18T16:20:06.619590,2,109,1,4,A,4,5,97,0,1105,30,,,,
2025-12-18T16:20:06.619642,2,109,4,1,B,4,5,97,0,1105,30,15,384,429,40
2025-12-18T16:20:06.636926,2,109,1,4,A,5,6,97,0,1105,30,,,,
2025-12-18T16:20:06.637185,2,109,4,1,B,5,6,97,0,1105,30,,,,
2025-12-18T16:20:06.884551,2,110,1,7,A,0,1,97,0,1105,30,,,,
2025-12-18T16:20:06.902435,2,110,7,1,B,0,1,97,0,1105,30,58,471,534,30
2025-12-18T16:20:06.920739,2,110,1,7,A,1,2,97,0,1105,30,,,,
2025-12-18T16:20:06.920949,2,110,7,1,B,1,2,97,0,1105,30,58,471,534,30
2025-12-18T16:20:06.923346,2,110,1,7,A,2,3,97,0,1105,30,,,,
2025-12-18T16:20:06.923395,2,110,7,1,B,2,3,97,0,1105,30,12,0,1107,20
2025-12-18T16:20:06.944145,2,110,1,7,A,3,4,97,0,1105,30,,,,
2025-12-18T16:20:06.944379,2,110,7,1,B,3,4,97,0,1105,30,96,0,1109,10
2025-12-18T16:20:06.965094,2,110,1,7,A,4,5,97,0,1105,30,,,,
2025-12-18T16:20:06.965304,2,110,7,1,B,4,5,97,0,1105,30,18,0,1110,20
2025-12-18T16:20:06.985073,2,110,1,7,A,5,6,97,0,1105,30,,,,
2025-12-18T16:20:06.985275,2,110,7,1,B,5,6,97,0,1105,30,29,0,1126,10
2025-12-18T16:20:07.005733,2,110,1,7,A,6,7,97,0,1105,30,,,,
2025-12-18T16:20:07.005924,2,110,7,1,B,6,7,97,0,1105,30,,,,
2025-12-18T16:20:07.460332,2,111,2,13,A,0,1,91,0,1123,10,,,,
2025-12-18T16:20:07.501663,2,111,13,2,B,0,1,91,0,1123,10,73,0,1090,10
2025-12-18T16:20:07.757914,2,112,2,12,A,0,1,91,0,1123,10,,,,
2025-12-18T16:20:07.763446,2,112,12,2,B,0,1,91,0,1123,10,,,,
2025-12-18T16:20:08.233136,2,113,2,0,A,0,1,91,0,1123,10,,,,
2025-12-18T16:20:08.281143,2,113,0,2,B,0,1,91,0,1123,10,9,534,605,10
2025-12-18T16:20:08.712658,2,114,2,11,A,0,1,91,0,1123,10,,,,
2025-12-18T16:20:08.752941,2,114,11,2,B,0,1,91,0,1123,10,25,169,224,40
2025-12-18T16:20:08.778584,2,114,2,11,A,1,2,91,0,1123,10,,,,
2025-12-18T16:20:08.778786,2,114,11,2,B,1,2,91,0,1123,10,11,448,505,10
2025-12-18T16:20:09.249503,2,115,2,3,A,0,1,91,0,1123,10,,,,
2025-12-18T16:20:09.300906,2,115,3,2,B,0,1,91,0,1123,10,77,574,643,10
2025-12-18T16:20:09.769983,2,116,2,8,A,0,1,91,0,1123,10,,,,
2025-12-18T16:20:09.819365,2,116,8,2,B,0,1,91,0,1123,10,53,286,347,20
2025-12-18T16:20:10.300315,2,117,2,10,A,0,1,91,0,1123,10,,,,
2025-12-18T16:20:10.351295,2,117,10,2,B,0,1,91,0,1123,10,55,95,158,10
2025-12-18T16:20:10.639173,2,118,2,4,A,0,1,91,0,1123,10,,,,
2025-12-18T16:20:10.649622,2,118,4,2,B,0,1,91,0,1123,10,13,30,92,30
2025-12-18T16:20:10.998505,2,119,2,6,A,0,1,91,0,1123,10,,,,
2025-12-18T16:20:11.022131,2,119,6,2,B,0,1,91,0,1123,10,70,0,1087,30
2025-12-18T16:20:11.342766,2,120,2,7,A,0,1,91,0,1123,10,,,,
2025-12-18T16:20:11.360518,2,120,7,2,B,0,1,91,0,1123,10,58,471,534,30
2025-12-18T16:20:11.788145,2,121,2,1,A,0,1,91,0,1123,10,,,,
2025-12-18T16:20:11.829203,2,121,1,2,B,0,1,91,0,1123,10,67,12,77,10
2025-12-18T16:20:12.181011,2,122,2,5,A,0,1,91,0,1123,10,,,,
2025-12-18T16:20:12.205271,2,122,5,2,B,0,1,91,0,1123,10,56,0,1101,30
2025-12-18T16:20:12.471357,2,123,2,9,A,0,1,91,0,1123,10,,,,
2025-12-18T16:20:12.478412,2,123,9,2,B,0,1,91,0,1123,10,62,262,317,20
2025-12-18T16:20:12.921632,2,124,2,8,A,0,1,88,0,1119,30,,,,
2025-12-18T16:20:12.971048,2,124,8,2,B,0,1,88,0,1119,30,53,286,347,20
2025-12-18T16:20:13.328454,2,125,2,6,A,0,1,88,0,1119,30,,,,
2025-12-18T16:20:13.351940,2,125,6,2,B,0,1,88,0,1119,30,70,0,1087,30
2025-12-18T16:20:13.672686,2,126,2,7,A,0,1,88,0,1119,30,,,,
2025-12-18T16:20:13.690555,2,126,7,2,B,0,1,88,0,1119,30,58,471,534,30
2025-12-18T16:20:14.110964,2,127,2,1,A,0,1,88,0,1119,30,,,,
2025-12-18T16:20:14.150722,2,127,1,2,B,0,1,88,0,1119,30,67,12,77,10
2025-12-18T16:20:14.506502,2,128,2,5,A,0,1,88,0,1119,30,,,,
2025-12-18T16:20:14.530704,2,128,5,2,B,0,1,88,0,1119,30,56,0,1101,30
2025-12-18T16:20:14.804231,2,129,2,9,A,0,1,88,0,1119,30,,,,
2025-12-18T16:20:14.811395,2,129,9,2,B,0,1,88,0,1119,30,62,262,317,20
2025-12-18T16:20:15.261938,2,130,2,8,A,0,1,78,0,1095,20,,,,
2025-12-18T16:20:15.310317,2,130,8,2,B,0,1,78,0,1095,20,53,286,347,20
2025-12-18T16:20:15.665649,2,131,2,6,A,0,1,78,0,1095,20,,,,
2025-12-18T16:20:15.689331,2,131,6,2,B,0,1,78,0,1095,20,70,0,1087,30
2025-12-18T16:20:16.010600,2,132,2,7,A,0,1,78,0,1095,20,,,,
2025-12-18T16:20:16.028021,2,132,7,2,B,0,1,78,0,1095,20,58,471,534,30
2025-12-18T16:20:16.455961,2,133,2,1,A,0,1,78,0,1095,20,,,,
2025-12-18T16:20:16.495782,2,133,1,2,B,0,1,78,0,1095,20,67,12,77,10
2025-12-18T16:20:16.842126,2,134,2,5,A,0,1,78,0,1095,20,,,,
2025-12-18T16:20:16.865571,2,134,5,2,B,0,1,78,0,1095,20,56,0,1101,30
2025-12-18T16:20:17.157434,2,135,2,9,A,0,1,78,0,1095,20,,,,
2025-12-18T16:20:17.164827,2,135,9,2,B,0,1,78,0,1095,20,62,262,317,20
2025-12-18T16:20:17.428628,2,136,2,12,A,0,1,2,0,1125,30,,,,
2025-12-18T16:20:17.434394,2,136,12,2,B,0,1,2,0,1125,30,,,,
2025-12-18T16:20:17.910969,2,137,2,0,A,0,1,2,0,1125,30,,,,
2025-12-18T16:20:17.958237,2,137,0,2,B,0,1,2,0,1125,30,9,534,605,10
2025-12-18T16:20:18.405150,2,138,2,11,A,0,1,2,0,1125,30,,,,
2025-12-18T16:20:18.445642,2,138,11,2,B,0,1,2,0,1125,30,25,169,224,40
2025-12-18T16:20:18.472175,2,138,2,11,A,1,2,2,0,1125,30,,,,
2025-12-18T16:20:18.472378,2,138,11,2,B,1,2,2,0,1125,30,11,448,505,10
2025-12-18T16:20:18.943248,2,139,2,3,A,0,1,2,0,1125,30,,,,
2025-12-18T16:20:18.991471,2,139,3,2,B,0,1,2,0,1125,30,77,574,643,10
2025-12-18T16:20:19.469928,2,140,2,10,A,0,1,2,0,1125,30,,,,
2025-12-18T16:20:19.521201,2,140,10,2,B,0,1,2,0,1125,30,55,95,158,10
2025-12-18T16:20:19.807830,2,141,2,4,A,0,1,2,0,1125,30,,,,
2025-12-18T16:20:19.817938,2,141,4,2,B,0,1,2,0,1125,30,13,30,92,30
2025-12-18T16:20:20.144919,2,142,2,7,A,0,1,2,0,1125,30,,,,
2025-12-18T16:20:20.162776,2,142,7,2,B,0,1,2,0,1125,30,58,471,534,30
2025-12-18T16:20:20.607122,2,143,2,1,A,0,1,2,0,1125,30,,,,
2025-12-18T16:20:20.647894,2,143,1,2,B,0,1,2,0,1125,30,67,12,77,10
2025-12-18T16:20:21.090256,2,144,3,13,A,0,1,66,0,1129,10,,,,
2025-12-18T16:20:21.131655,2,144,13,3,B,0,1,66,0,1129,10,73,0,1090,10
2025-12-18T16:20:21.380863,2,145,3,12,A,0,1,66,0,1129,10,,,,
2025-12-18T16:20:21.386466,2,145,12,3,B,0,1,66,0,1129,10,,,,
2025-12-18T16:20:21.833732,2,146,3,0,A,0,1,66,0,1129,10,,,,
2025-12-18T16:20:21.881360,2,146,0,3,B,0,1,66,0,1129,10,9,534,605,10
2025-12-18T16:20:22.299093,2,147,3,11,A,0,1,66,0,1129,10,,,,
2025-12-18T16:20:22.341173,2,147,11,3,B,0,1,66,0,1129,10,25,169,224,40
2025-12-18T16:20:22.364219,2,147,3,11,A,1,2,66,0,1129,10,,,,
2025-12-18T16:20:22.364437,2,147,11,3,B,1,2,66,0,1129,10,11,448,505,10
2025-12-18T16:20:22.840543,2,148,3,2,A,0,1,66,0,1129,10,,,,
2025-12-18T16:20:22.888833,2,148,2,3,B,0,1,66,0,1129,10,60,0,1100,20
2025-12-18T16:20:23.319304,2,149,3,8,A,0,1,66,0,1129,10,,,,
2025-12-18T16:20:23.368479,2,149,8,3,B,0,1,66,0,1129,10,53,286,347,20
2025-12-18T16:20:23.825369,2,150,3,10,A,0,1,66,0,1129,10,,,,
2025-12-18T16:20:23.876631,2,150,10,3,B,0,1,66,0,1129,10,55,95,158,10
2025-12-18T16:20:24.140265,2,151,3,4,A,0,1,66,0,1129,10,,,,
2025-12-18T16:20:24.150481,2,151,4,3,B,0,1,66,0,1129,10,13,30,92,30
2025-12-18T16:20:24.482241,2,152,3,6,A,0,1,66,0,1129,10,,,,
2025-12-18T16:20:24.505351,2,152,6,3,B,0,1,66,0,1129,10,70,0,1087,30
2025-12-18T16:20:24.809843,2,153,3,7,A,0,1,66,0,1129,10,,,,
2025-12-18T16:20:24.827274,2,153,7,3,B,0,1,66,0,1129,10,58,471,534,30
2025-12-18T16:20:25.249293,2,154,3,1,A,0,1,66,0,1129,10,,,,
2025-12-18T16:20:25.289258,2,154,1,3,B,0,1,66,0,1129,10,67,12,77,10
2025-12-18T16:20:25.621779,2,155,3,5,A,0,1,66,0,1129,10,,,,
2025-12-18T16:20:25.645396,2,155,5,3,B,0,1,66,0,1129,10,56,0,1101,30
2025-12-18T16:20:25.906522,2,156,3,9,A,0,1,66,0,1129,10,,,,
2025-12-18T16:20:25.913592,2,156,9,3,B,0,1,66,0,1129,10,62,262,317,20
2025-12-18T16:20:26.365877,2,157,3,13,A,0,1,52,0,1124,10,,,,
2025-12-18T16:20:26.406983,2,157,13,3,B,0,1,52,0,1124,10,73,0,1090,10
2025-12-18T16:20:26.656249,2,158,3,12,A,0,1,52,0,1124,10,,,,
2025-12-18T16:20:26.661983,2,158,12,3,B,0,1,52,0,1124,10,,,,
