{
  "count": 19,
  "avg_reward": -6.672542697594515,
  "avg_raw_reward": -33.78657957930078,
  "avg_distance": 20.452924678755256,
  "avg_lateness": 0.0,
  "avg_unassigned": 3.8421052631578947
}