timestamp,global_step,negotiation_id,sender_vehicle_id,recipient_vehicle_id,role,mechanism_step,agent_offer_number,taskA_id,taskA_ready_time,taskA_due_date,taskA_weight,taskB_id,taskB_ready_time,taskB_due_date,taskB_weight
2025-12-18T16:09:38.844592,1,0,0,5,A,0,1,89,0,1121,10,,,,
2025-12-18T16:09:38.857755,1,0,5,0,B,0,1,89,0,1121,10,63,0,1131,50
2025-12-18T16:09:38.880819,1,0,0,5,A,1,2,89,0,1121,10,,,,
2025-12-18T16:09:38.880982,1,0,5,0,B,1,2,89,0,1121,10,15,384,429,40
2025-12-18T16:09:39.627386,1,1,0,8,A,0,1,89,0,1121,10,,,,
2025-12-18T16:09:39.682588,1,1,8,0,B,0,1,89,0,1121,10,38,479,522,30
2025-12-18T16:09:40.442621,1,2,0,12,A,0,1,89,0,1121,10,,,,
2025-12-18T16:09:40.498808,1,2,12,0,B,0,1,89,0,1121,10,19,0,1106,10
2025-12-18T16:09:40.929154,1,3,0,2,A,0,1,89,0,1121,10,,,,
2025-12-18T16:09:40.952957,1,3,2,0,B,0,1,89,0,1121,10,34,0,1113,20
2025-12-18T16:09:41.289940,1,4,0,9,A,0,1,89,0,1121,10,,,,
2025-12-18T16:09:41.304821,1,4,9,0,B,0,1,89,0,1121,10,67,12,77,10
2025-12-18T16:09:41.654529,1,5,0,4,A,0,1,89,0,1121,10,,,,
2025-12-18T16:09:41.672872,1,5,4,0,B,0,1,89,0,1121,10,92,368,441,20
2025-12-18T16:09:41.972311,1,6,0,6,A,0,1,89,0,1121,10,,,,
2025-12-18T16:09:41.982493,1,6,6,0,B,0,1,89,0,1121,10,55,95,158,10
2025-12-18T16:09:42.598404,1,7,0,7,A,0,1,89,0,1121,10,,,,
2025-12-18T16:09:42.640432,1,7,7,0,B,0,1,89,0,1121,10,8,255,324,20
2025-12-18T16:09:43.120890,1,8,0,3,A,0,1,89,0,1121,10,,,,
2025-12-18T16:09:43.151613,1,8,3,0,B,0,1,89,0,1121,10,84,458,523,20
2025-12-18T16:09:43.428653,1,9,0,13,A,0,1,89,0,1121,10,,,,
2025-12-18T16:09:43.437878,1,9,13,0,B,0,1,89,0,1121,10,71,0,1088,20
2025-12-18T16:09:43.829102,1,10,0,10,A,0,1,89,0,1121,10,,,,
2025-12-18T16:09:43.849399,1,10,10,0,B,0,1,89,0,1121,10,87,85,144,20
2025-12-18T16:09:44.516888,1,11,0,11,A,0,1,89,0,1121,10,,,,
2025-12-18T16:09:44.565998,1,11,11,0,B,0,1,89,0,1121,10,53,286,347,20
2025-12-18T16:09:45.023178,1,12,0,14,A,0,1,89,0,1121,10,,,,
2025-12-18T16:09:45.049691,1,12,14,0,B,0,1,89,0,1121,10,58,471,534,30
2025-12-18T16:09:45.331267,1,13,0,1,A,0,1,89,0,1121,10,,,,
2025-12-18T16:09:45.340208,1,13,1,0,B,0,1,89,0,1121,10,76,203,260,10
2025-12-18T16:09:45.638994,1,14,0,5,A,0,1,72,0,1122,10,,,,
2025-12-18T16:09:45.652023,1,14,5,0,B,0,1,72,0,1122,10,63,0,1131,50
2025-12-18T16:09:45.674286,1,14,0,5,A,1,2,72,0,1122,10,,,,
2025-12-18T16:09:45.674439,1,14,5,0,B,1,2,72,0,1122,10,15,384,429,40
2025-12-18T16:09:46.188040,1,15,0,8,A,0,1,72,0,1122,10,,,,
2025-12-18T16:09:46.244730,1,15,8,0,B,0,1,72,0,1122,10,38,479,522,30
2025-12-18T16:09:46.749870,1,16,0,12,A,0,1,72,0,1122,10,,,,
2025-12-18T16:09:46.806059,1,16,12,0,B,0,1,72,0,1122,10,19,0,1106,10
2025-12-18T16:09:47.141498,1,17,0,2,A,0,1,72,0,1122,10,,,,
2025-12-18T16:09:47.164650,1,17,2,0,B,0,1,72,0,1122,10,34,0,1113,20
2025-12-18T16:09:47.453285,1,18,0,9,A,0,1,72,0,1122,10,,,,
2025-12-18T16:09:47.468186,1,18,9,0,B,0,1,72,0,1122,10,67,12,77,10
2025-12-18T16:09:47.763941,1,19,0,4,A,0,1,72,0,1122,10,,,,
2025-12-18T16:09:47.781152,1,19,4,0,B,0,1,72,0,1122,10,92,368,441,20
2025-12-18T16:09:48.044856,1,20,0,6,A,0,1,72,0,1122,10,,,,
2025-12-18T16:09:48.054913,1,20,6,0,B,0,1,72,0,1122,10,55,95,158,10
2025-12-18T16:09:48.490339,1,21,0,7,A,0,1,72,0,1122,10,,,,
2025-12-18T16:09:48.532359,1,21,7,0,B,0,1,72,0,1122,10,8,255,324,20
2025-12-18T16:09:48.788794,1,22,0,13,A,0,1,72,0,1122,10,,,,
2025-12-18T16:09:48.798183,1,22,13,0,B,0,1,72,0,1122,10,71,0,1088,20
2025-12-18T16:09:49.143275,1,23,0,14,A,0,1,72,0,1122,10,,,,
2025-12-18T16:09:49.169045,1,23,14,0,B,0,1,72,0,1122,10,58,471,534,30
2025-12-18T16:09:49.427342,1,24,0,1,A,0,1,72,0,1122,10,,,,
2025-12-18T16:09:49.437242,1,24,1,0,B,0,1,72,0,1122,10,76,203,260,10
2025-12-18T16:09:49.720131,1,25,0,5,A,0,1,40,0,1125,10,,,,
2025-12-18T16:09:49.733782,1,25,5,0,B,0,1,40,0,1125,10,63,0,1131,50
2025-12-18T16:09:49.756801,1,25,0,5,A,1,2,40,0,1125,10,,,,
2025-12-18T16:09:49.756984,1,25,5,0,B,1,2,40,0,1125,10,15,384,429,40
2025-12-18T16:09:50.257172,1,26,0,8,A,0,1,40,0,1125,10,,,,
2025-12-18T16:09:50.314720,1,26,8,0,B,0,1,40,0,1125,10,38,479,522,30
2025-12-18T16:09:50.822725,1,27,0,12,A,0,1,40,0,1125,10,,,,
2025-12-18T16:09:50.878993,1,27,12,0,B,0,1,40,0,1125,10,19,0,1106,10
2025-12-18T16:09:51.214762,1,28,0,2,A,0,1,40,0,1125,10,,,,
2025-12-18T16:09:51.238361,1,28,2,0,B,0,1,40,0,1125,10,34,0,1113,20
2025-12-18T16:09:51.528661,1,29,0,9,A,0,1,40,0,1125,10,,,,
2025-12-18T16:09:51.543689,1,29,9,0,B,0,1,40,0,1125,10,67,12,77,10
2025-12-18T16:09:51.840278,1,30,0,4,A,0,1,40,0,1125,10,,,,
2025-12-18T16:09:51.858032,1,30,4,0,B,0,1,40,0,1125,10,92,368,441,20
2025-12-18T16:09:52.122632,1,31,0,6,A,0,1,40,0,1125,10,,,,
2025-12-18T16:09:52.132499,1,31,6,0,B,0,1,40,0,1125,10,55,95,158,10
2025-12-18T16:09:52.587079,1,32,0,7,A,0,1,40,0,1125,10,,,,
2025-12-18T16:09:52.630029,1,32,7,0,B,0,1,40,0,1125,10,8,255,324,20
2025-12-18T16:09:52.893063,1,33,0,13,A,0,1,40,0,1125,10,,,,
2025-12-18T16:09:52.902378,1,33,13,0,B,0,1,40,0,1125,10,71,0,1088,20
2025-12-18T16:09:53.252932,1,34,0,14,A,0,1,40,0,1125,10,,,,
2025-12-18T16:09:53.279841,1,34,14,0,B,0,1,40,0,1125,10,58,471,534,30
2025-12-18T16:09:53.544873,1,35,0,1,A,0,1,40,0,1125,10,,,,
2025-12-18T16:09:53.554305,1,35,1,0,B,0,1,40,0,1125,10,76,203,260,10
2025-12-18T16:09:54.064599,1,36,0,8,A,0,1,62,262,317,20,,,,
2025-12-18T16:09:54.120812,1,36,8,0,B,0,1,62,262,317,20,38,479,522,30
2025-12-18T16:09:54.401968,1,37,0,5,A,0,1,62,262,317,20,,,,
2025-12-18T16:09:54.413204,1,37,5,0,B,0,1,62,262,317,20,63,0,1131,50
2025-12-18T16:09:54.437250,1,37,0,5,A,1,2,62,262,317,20,,,,
2025-12-18T16:09:54.437443,1,37,5,0,B,1,2,62,262,317,20,39,0,1105,20
2025-12-18T16:09:54.942176,1,38,0,12,A,0,1,62,262,317,20,,,,
2025-12-18T16:09:55.012201,1,38,12,0,B,0,1,62,262,317,20,19,0,1106,10
2025-12-18T16:09:55.351980,1,39,0,2,A,0,1,62,262,317,20,,,,
2025-12-18T16:09:55.373120,1,39,2,0,B,0,1,62,262,317,20,34,0,1113,20
2025-12-18T16:09:55.668584,1,40,0,9,A,0,1,62,262,317,20,,,,
2025-12-18T16:09:55.681557,1,40,9,0,B,0,1,62,262,317,20,67,12,77,10
2025-12-18T16:09:55.977251,1,41,0,4,A,0,1,62,262,317,20,,,,
2025-12-18T16:09:55.990614,1,41,4,0,B,0,1,62,262,317,20,92,368,441,20
2025-12-18T16:09:56.253446,1,42,0,6,A,0,1,62,262,317,20,,,,
2025-12-18T16:09:56.261156,1,42,6,0,B,0,1,62,262,317,20,55,95,158,10
2025-12-18T16:09:56.618924,1,43,0,3,A,0,1,62,262,317,20,,,,
2025-12-18T16:09:56.645607,1,43,3,0,B,0,1,62,262,317,20,84,458,523,20
2025-12-18T16:09:57.076296,1,44,0,7,A,0,1,62,262,317,20,,,,
2025-12-18T16:09:57.116115,1,44,7,0,B,0,1,62,262,317,20,8,255,324,20
2025-12-18T16:09:57.570890,1,45,0,11,A,0,1,62,262,317,20,,,,
2025-12-18T16:09:57.615034,1,45,11,0,B,0,1,62,262,317,20,53,286,347,20
2025-12-18T16:09:57.927156,1,46,0,10,A,0,1,62,262,317,20,,,,
2025-12-18T16:09:57.944515,1,46,10,0,B,0,1,62,262,317,20,87,85,144,20
2025-12-18T16:09:58.288483,1,47,0,14,A,0,1,62,262,317,20,,,,
2025-12-18T16:09:58.311885,1,47,14,0,B,0,1,62,262,317,20,58,471,534,30
2025-12-18T16:09:58.568221,1,48,0,1,A,0,1,62,262,317,20,,,,
2025-12-18T16:09:58.574973,1,48,1,0,B,0,1,62,262,317,20,76,203,260,10
2025-12-18T16:09:58.829402,1,49,0,13,A,0,1,62,262,317,20,,,,
2025-12-18T16:09:58.836325,1,49,13,0,B,0,1,62,262,317,20,71,0,1088,20
2025-12-18T16:09:58.992333,1,50,2,5,A,0,1,95,0,1108,30,,,,
2025-12-18T16:09:59.005362,1,50,5,2,B,0,1,95,0,1108,30,63,0,1131,50
2025-12-18T16:09:59.380224,1,51,2,8,A,0,1,95,0,1108,30,,,,
2025-12-18T16:09:59.434978,1,51,8,2,B,0,1,95,0,1108,30,38,479,522,30
2025-12-18T16:09:59.759232,1,52,2,0,A,0,1,95,0,1108,30,,,,
2025-12-18T16:09:59.808741,1,52,0,2,B,0,1,95,0,1108,30,13,30,92,30
2025-12-18T16:09:59.967474,1,53,2,9,A,0,1,95,0,1108,30,,,,
2025-12-18T16:09:59.981974,1,53,9,2,B,0,1,95,0,1108,30,67,12,77,10
2025-12-18T16:10:00.215410,1,54,2,3,A,0,1,95,0,1108,30,,,,
2025-12-18T16:10:00.246458,1,54,3,2,B,0,1,95,0,1108,30,84,458,523,20
2025-12-18T16:10:00.374766,1,55,2,13,A,0,1,95,0,1108,30,,,,
2025-12-18T16:10:00.384589,1,55,13,2,B,0,1,95,0,1108,30,71,0,1088,20
2025-12-18T16:10:00.570174,1,56,2,10,A,0,1,95,0,1108,30,,,,
2025-12-18T16:10:00.589189,1,56,10,2,B,0,1,95,0,1108,30,87,85,144,20
2025-12-18T16:10:00.916759,1,57,2,11,A,0,1,95,0,1108,30,,,,
2025-12-18T16:10:00.964056,1,57,11,2,B,0,1,95,0,1108,30,53,286,347,20
2025-12-18T16:10:01.185720,1,58,2,14,A,0,1,95,0,1108,30,,,,
2025-12-18T16:10:01.211692,1,58,14,2,B,0,1,95,0,1108,30,58,471,534,30
2025-12-18T16:10:01.342944,1,59,2,1,A,0,1,95,0,1108,30,,,,
2025-12-18T16:10:01.351928,1,59,1,2,B,0,1,95,0,1108,30,76,203,260,10
2025-12-18T16:10:01.730695,1,60,2,8,A,0,1,93,0,1102,40,,,,
2025-12-18T16:10:01.786804,1,60,8,2,B,0,1,93,0,1102,40,38,479,522,30
2025-12-18T16:10:01.950261,1,61,2,9,A,0,1,93,0,1102,40,,,,
2025-12-18T16:10:01.966322,1,61,9,2,B,0,1,93,0,1102,40,67,12,77,10
2025-12-18T16:10:02.205119,1,62,2,3,A,0,1,93,0,1102,40,,,,
2025-12-18T16:10:02.236267,1,62,3,2,B,0,1,93,0,1102,40,84,458,523,20
2025-12-18T16:10:02.367749,1,63,2,13,A,0,1,93,0,1102,40,,,,
2025-12-18T16:10:02.377680,1,63,13,2,B,0,1,93,0,1102,40,71,0,1088,20
2025-12-18T16:10:02.568542,1,64,2,10,A,0,1,93,0,1102,40,,,,
2025-12-18T16:10:02.588630,1,64,10,2,B,0,1,93,0,1102,40,87,85,144,20
2025-12-18T16:10:02.922647,1,65,2,11,A,0,1,93,0,1102,40,,,,
2025-12-18T16:10:02.971737,1,65,11,2,B,0,1,93,0,1102,40,53,286,347,20
2025-12-18T16:10:03.104124,1,66,2,1,A,0,1,93,0,1102,40,,,,
2025-12-18T16:10:03.128994,1,66,1,2,B,0,1,93,0,1102,40,76,203,260,10
2025-12-18T16:10:03.515398,1,67,2,8,A,0,1,4,727,782,10,,,,
2025-12-18T16:10:03.571128,1,67,8,2,B,0,1,4,727,782,10,38,479,522,30
2025-12-18T16:10:03.722158,1,68,2,5,A,0,1,4,727,782,10,,,,
2025-12-18T16:10:03.732818,1,68,5,2,B,0,1,4,727,782,10,63,0,1131,50
2025-12-18T16:10:04.085821,1,69,2,0,A,0,1,4,727,782,10,,,,
2025-12-18T16:10:04.134020,1,69,0,2,B,0,1,4,727,782,10,13,30,92,30
2025-12-18T16:10:04.515607,1,70,2,12,A,0,1,4,727,782,10,,,,
2025-12-18T16:10:04.570507,1,70,12,2,B,0,1,4,727,782,10,19,0,1106,10
2025-12-18T16:10:04.734860,1,71,2,9,A,0,1,4,727,782,10,,,,
2025-12-18T16:10:04.747536,1,71,9,2,B,0,1,4,727,782,10,67,12,77,10
2025-12-18T16:10:05.052815,1,72,2,7,A,0,1,4,727,782,10,,,,
2025-12-18T16:10:05.093314,1,72,7,2,B,0,1,4,727,782,10,8,255,324,20
2025-12-18T16:10:05.329473,1,73,2,3,A,0,1,4,727,782,10,,,,
2025-12-18T16:10:05.359125,1,73,3,2,B,0,1,4,727,782,10,84,458,523,20
2025-12-18T16:10:05.495905,1,74,2,6,A,0,1,4,727,782,10,,,,
2025-12-18T16:10:05.504299,1,74,6,2,B,0,1,4,727,782,10,55,95,158,10
2025-12-18T16:10:05.691507,1,75,2,10,A,0,1,4,727,782,10,,,,
2025-12-18T16:10:05.708829,1,75,10,2,B,0,1,4,727,782,10,87,85,144,20
2025-12-18T16:10:06.039049,1,76,2,11,A,0,1,4,727,782,10,,,,
2025-12-18T16:10:06.083587,1,76,11,2,B,0,1,4,727,782,10,53,286,347,20
2025-12-18T16:10:06.233739,1,77,2,13,A,0,1,4,727,782,10,,,,
2025-12-18T16:10:06.240734,1,77,13,2,B,0,1,4,727,782,10,71,0,1088,20
2025-12-18T16:10:06.465911,1,78,2,14,A,0,1,4,727,782,10,,,,
2025-12-18T16:10:06.489541,1,78,14,2,B,0,1,4,727,782,10,58,471,534,30
2025-12-18T16:10:06.622715,1,79,2,1,A,0,1,4,727,782,10,,,,
2025-12-18T16:10:06.629175,1,79,1,2,B,0,1,4,727,782,10,76,203,260,10
2025-12-18T16:10:06.808515,1,80,3,5,A,0,1,33,0,1112,40,,,,
2025-12-18T16:10:06.821636,1,80,5,3,B,0,1,33,0,1112,40,63,0,1131,50
2025-12-18T16:10:07.232983,1,81,3,8,A,0,1,33,0,1112,40,,,,
2025-12-18T16:10:07.288510,1,81,8,3,B,0,1,33,0,1112,40,38,479,522,30
2025-12-18T16:10:07.699621,1,82,3,12,A,0,1,33,0,1112,40,,,,
2025-12-18T16:10:07.754833,1,82,12,3,B,0,1,33,0,1112,40,19,0,1106,10
2025-12-18T16:10:08.119811,1,83,3,0,A,0,1,33,0,1112,40,,,,
2025-12-18T16:10:08.169931,1,83,0,3,B,0,1,33,0,1112,40,13,30,92,30
2025-12-18T16:10:08.403221,1,84,3,2,A,0,1,33,0,1112,40,,,,
2025-12-18T16:10:08.426846,1,84,2,3,B,0,1,33,0,1112,40,34,0,1113,20
2025-12-18T16:10:08.617738,1,85,3,9,A,0,1,33,0,1112,40,,,,
2025-12-18T16:10:08.632050,1,85,9,3,B,0,1,33,0,1112,40,67,12,77,10
2025-12-18T16:10:08.832158,1,86,3,4,A,0,1,33,0,1112,40,,,,
2025-12-18T16:10:08.849842,1,86,4,3,B,0,1,33,0,1112,40,92,368,441,20
2025-12-18T16:10:09.028365,1,87,3,6,A,0,1,33,0,1112,40,,,,
2025-12-18T16:10:09.040042,1,87,6,3,B,0,1,33,0,1112,40,55,95,158,10
2025-12-18T16:10:09.402556,1,88,3,7,A,0,1,33,0,1112,40,,,,
2025-12-18T16:10:09.445797,1,88,7,3,B,0,1,33,0,1112,40,8,255,324,20
2025-12-18T16:10:09.688563,1,89,3,10,A,0,1,33,0,1112,40,,,,
2025-12-18T16:10:09.710674,1,89,10,3,B,0,1,33,0,1112,40,87,85,144,20
2025-12-18T16:10:10.088343,1,90,3,11,A,0,1,33,0,1112,40,,,,
2025-12-18T16:10:10.137283,1,90,11,3,B,0,1,33,0,1112,40,53,286,347,20
2025-12-18T16:10:10.390229,1,91,3,14,A,0,1,33,0,1112,40,,,,
2025-12-18T16:10:10.417567,1,91,14,3,B,0,1,33,0,1112,40,58,471,534,30
2025-12-18T16:10:10.581002,1,92,3,1,A,0,1,33,0,1112,40,,,,
2025-12-18T16:10:10.590510,1,92,1,3,B,0,1,33,0,1112,40,76,203,260,10
2025-12-18T16:10:10.772663,1,93,3,5,A,0,1,28,0,1128,20,,,,
2025-12-18T16:10:10.785918,1,93,5,3,B,0,1,28,0,1128,20,63,0,1131,50
2025-12-18T16:10:11.197684,1,94,3,8,A,0,1,28,0,1128,20,,,,
2025-12-18T16:10:11.255880,1,94,8,3,B,0,1,28,0,1128,20,38,479,522,30
2025-12-18T16:10:11.678899,1,95,3,12,A,0,1,28,0,1128,20,,,,
2025-12-18T16:10:11.737106,1,95,12,3,B,0,1,28,0,1128,20,19,0,1106,10
2025-12-18T16:10:12.099000,1,96,3,0,A,0,1,28,0,1128,20,,,,
2025-12-18T16:10:12.149302,1,96,0,3,B,0,1,28,0,1128,20,13,30,92,30
2025-12-18T16:10:12.384807,1,97,3,2,A,0,1,28,0,1128,20,,,,
2025-12-18T16:10:12.409082,1,97,2,3,B,0,1,28,0,1128,20,34,0,1113,20
2025-12-18T16:10:12.601012,1,98,3,9,A,0,1,28,0,1128,20,,,,
2025-12-18T16:10:12.615871,1,98,9,3,B,0,1,28,0,1128,20,67,12,77,10
2025-12-18T16:10:12.811894,1,99,3,4,A,0,1,28,0,1128,20,,,,
2025-12-18T16:10:12.830186,1,99,4,3,B,0,1,28,0,1128,20,92,368,441,20
2025-12-18T16:10:12.996611,1,100,3,6,A,0,1,28,0,1128,20,,,,
2025-12-18T16:10:13.007360,1,100,6,3,B,0,1,28,0,1128,20,55,95,158,10
2025-12-18T16:10:13.347627,1,101,3,7,A,0,1,28,0,1128,20,,,,
2025-12-18T16:10:13.390677,1,101,7,3,B,0,1,28,0,1128,20,8,255,324,20
2025-12-18T16:10:13.605963,1,102,3,10,A,0,1,28,0,1128,20,,,,
2025-12-18T16:10:13.625467,1,102,10,3,B,0,1,28,0,1128,20,87,85,144,20
2025-12-18T16:10:13.984706,1,103,3,11,A,0,1,28,0,1128,20,,,,
2025-12-18T16:10:14.032194,1,103,11,3,B,0,1,28,0,1128,20,53,286,347,20
2025-12-18T16:10:14.285148,1,104,3,14,A,0,1,28,0,1128,20,,,,
2025-12-18T16:10:14.311536,1,104,14,3,B,0,1,28,0,1128,20,58,471,534,30
2025-12-18T16:10:14.476002,1,105,3,1,A,0,1,28,0,1128,20,,,,
2025-12-18T16:10:14.484770,1,105,1,3,B,0,1,28,0,1128,20,76,203,260,10
2025-12-18T16:10:14.893543,1,106,3,8,A,0,1,69,916,969,10,,,,
2025-12-18T16:10:14.953116,1,106,8,3,B,0,1,69,916,969,10,38,479,522,30
2025-12-18T16:10:15.137213,1,107,3,5,A,0,1,69,916,969,10,,,,
2025-12-18T16:10:15.147781,1,107,5,3,B,0,1,69,916,969,10,63,0,1131,50
2025-12-18T16:10:15.551131,1,108,3,12,A,0,1,69,916,969,10,,,,
2025-12-18T16:10:15.603755,1,108,12,3,B,0,1,69,916,969,10,19,0,1106,10
2025-12-18T16:10:15.963106,1,109,3,0,A,0,1,69,916,969,10,,,,
2025-12-18T16:10:16.012389,1,109,0,3,B,0,1,69,916,969,10,13,30,92,30
2025-12-18T16:10:16.250994,1,110,3,2,A,0,1,69,916,969,10,,,,
2025-12-18T16:10:16.272850,1,110,2,3,B,0,1,69,916,969,10,34,0,1113,20
2025-12-18T16:10:16.468956,1,111,3,9,A,0,1,69,916,969,10,,,,
2025-12-18T16:10:16.481397,1,111,9,3,B,0,1,69,916,969,10,67,12,77,10
2025-12-18T16:10:16.697653,1,112,3,4,A,0,1,69,916,969,10,,,,
2025-12-18T16:10:16.713088,1,112,4,3,B,0,1,69,916,969,10,92,368,441,20
2025-12-18T16:10:17.053844,1,113,3,7,A,0,1,69,916,969,10,,,,
2025-12-18T16:10:17.093915,1,113,7,3,B,0,1,69,916,969,10,8,255,324,20
2025-12-18T16:10:17.265759,1,114,3,6,A,0,1,69,916,969,10,,,,
2025-12-18T16:10:17.273594,1,114,6,3,B,0,1,69,916,969,10,55,95,158,10
2025-12-18T16:10:17.637041,1,115,3,11,A,0,1,69,916,969,10,,,,
2025-12-18T16:10:17.684013,1,115,11,3,B,0,1,69,916,969,10,53,286,347,20
2025-12-18T16:10:17.922774,1,116,3,10,A,0,1,69,916,969,10,,,,
2025-12-18T16:10:17.940213,1,116,10,3,B,0,1,69,916,969,10,87,85,144,20
2025-12-18T16:10:18.099985,1,117,3,13,A,0,1,69,916,969,10,,,,
2025-12-18T16:10:18.106738,1,117,13,3,B,0,1,69,916,969,10,71,0,1088,20
2025-12-18T16:10:18.356458,1,118,3,14,A,0,1,69,916,969,10,,,,
2025-12-18T16:10:18.380517,1,118,14,3,B,0,1,69,916,969,10,58,471,534,30
2025-12-18T16:10:18.543060,1,119,3,1,A,0,1,69,916,969,10,,,,
2025-12-18T16:10:18.549874,1,119,1,3,B,0,1,69,916,969,10,76,203,260,10
2025-12-18T16:10:18.662384,1,120,4,5,A,0,1,97,0,1105,30,,,,
2025-12-18T16:10:18.675752,1,120,5,4,B,0,1,97,0,1105,30,63,0,1131,50
2025-12-18T16:10:19.014950,1,121,4,8,A,0,1,97,0,1105,30,,,,
2025-12-18T16:10:19.071604,1,121,8,4,B,0,1,97,0,1105,30,38,479,522,30
2025-12-18T16:10:19.359385,1,122,4,0,A,0,1,97,0,1105,30,,,,
2025-12-18T16:10:19.410853,1,122,0,4,B,0,1,97,0,1105,30,13,30,92,30
2025-12-18T16:10:19.572684,1,123,4,2,A,0,1,97,0,1105,30,,,,
2025-12-18T16:10:19.595898,1,123,2,4,B,0,1,97,0,1105,30,34,0,1113,20
2025-12-18T16:10:19.712764,1,124,4,9,A,0,1,97,0,1105,30,,,,
2025-12-18T16:10:19.727173,1,124,9,4,B,0,1,97,0,1105,30,67,12,77,10
2025-12-18T16:10:19.922279,1,125,4,3,A,0,1,97,0,1105,30,,,,
2025-12-18T16:10:19.954082,1,125,3,4,B,0,1,97,0,1105,30,84,458,523,20
2025-12-18T16:10:20.041654,1,126,4,13,A,0,1,97,0,1105,30,,,,
2025-12-18T16:10:20.051147,1,126,13,4,B,0,1,97,0,1105,30,71,0,1088,20
2025-12-18T16:10:20.195942,1,127,4,10,A,0,1,97,0,1105,30,,,,
2025-12-18T16:10:20.215465,1,127,10,4,B,0,1,97,0,1105,30,87,85,144,20
2025-12-18T16:10:20.508312,1,128,4,11,A,0,1,97,0,1105,30,,,,
2025-12-18T16:10:20.556658,1,128,11,4,B,0,1,97,0,1105,30,53,286,347,20
2025-12-18T16:10:20.735089,1,129,4,14,A,0,1,97,0,1105,30,,,,
2025-12-18T16:10:20.760786,1,129,14,4,B,0,1,97,0,1105,30,58,471,534,30
2025-12-18T16:10:20.850522,1,130,4,1,A,0,1,97,0,1105,30,,,,
2025-12-18T16:10:20.860119,1,130,1,4,B,0,1,97,0,1105,30,76,203,260,10
2025-12-18T16:10:21.141359,1,131,4,0,A,0,1,92,368,441,20,,,,
2025-12-18T16:10:21.188909,1,131,0,4,B,0,1,92,368,441,20,13,30,92,30
2025-12-18T16:10:21.386658,1,132,4,3,A,0,1,92,368,441,20,,,,
2025-12-18T16:10:21.415660,1,132,3,4,B,0,1,92,368,441,20,84,458,523,20
2025-12-18T16:10:21.513429,1,133,4,6,A,0,1,92,368,441,20,,,,
2025-12-18T16:10:21.521231,1,133,6,4,B,0,1,92,368,441,20,55,95,158,10
2025-12-18T16:10:21.610748,1,134,4,13,A,0,1,92,368,441,20,,,,
2025-12-18T16:10:21.617660,1,134,13,4,B,0,1,92,368,441,20,71,0,1088,20
2025-12-18T16:10:21.708441,1,135,4,1,A,0,1,92,368,441,20,,,,
2025-12-18T16:10:21.714918,1,135,1,4,B,0,1,92,368,441,20,76,203,260,10
2025-12-18T16:10:22.050684,1,136,4,8,A,0,1,79,668,731,10,,,,
2025-12-18T16:10:22.107897,1,136,8,4,B,0,1,79,668,731,10,38,479,522,30
2025-12-18T16:10:22.216415,1,137,4,5,A,0,1,79,668,731,10,,,,
2025-12-18T16:10:22.227471,1,137,5,4,B,0,1,79,668,731,10,63,0,1131,50
2025-12-18T16:10:22.494179,1,138,4,7,A,0,1,79,668,731,10,,,,
2025-12-18T16:10:22.534211,1,138,7,4,B,0,1,79,668,731,10,8,255,324,20
2025-12-18T16:10:22.629067,1,139,4,6,A,0,1,79,668,731,10,,,,
2025-12-18T16:10:22.636967,1,139,6,4,B,0,1,79,668,731,10,55,95,158,10
2025-12-18T16:10:22.778465,1,140,4,10,A,0,1,79,668,731,10,,,,
2025-12-18T16:10:22.795552,1,140,10,4,B,0,1,79,668,731,10,87,85,144,20
2025-12-18T16:10:22.881546,1,141,4,13,A,0,1,79,668,731,10,,,,
2025-12-18T16:10:22.888236,1,141,13,4,B,0,1,79,668,731,10,71,0,1088,20
2025-12-18T16:10:22.976558,1,142,4,1,A,0,1,79,668,731,10,,,,
2025-12-18T16:10:22.983536,1,142,1,4,B,0,1,79,668,731,10,76,203,260,10
2025-12-18T16:10:23.299937,1,143,5,8,A,0,1,15,384,429,40,,,,
2025-12-18T16:10:23.358157,1,143,8,5,B,0,1,15,384,429,40,38,479,522,30
2025-12-18T16:10:23.625021,1,144,5,0,A,0,1,15,384,429,40,,,,
2025-12-18T16:10:23.673669,1,144,0,5,B,0,1,15,384,429,40,13,30,92,30
2025-12-18T16:10:23.990278,1,145,5,12,A,0,1,15,384,429,40,,,,
2025-12-18T16:10:24.047471,1,145,12,5,B,0,1,15,384,429,40,19,0,1106,10
2025-12-18T16:10:24.177029,1,146,5,10,A,0,1,15,384,429,40,,,,
2025-12-18T16:10:24.194348,1,146,10,5,B,0,1,15,384,429,40,87,85,144,20
2025-12-18T16:10:24.264000,1,147,5,13,A,0,1,15,384,429,40,,,,
2025-12-18T16:10:24.270512,1,147,13,5,B,0,1,15,384,429,40,71,0,1088,20
2025-12-18T16:10:24.430787,1,148,5,14,A,0,1,15,384,429,40,,,,
2025-12-18T16:10:24.454178,1,148,14,5,B,0,1,15,384,429,40,58,471,534,30
2025-12-18T16:10:24.524146,1,149,5,1,A,0,1,15,384,429,40,,,,
2025-12-18T16:10:24.530629,1,149,1,5,B,0,1,15,384,429,40,76,203,260,10
2025-12-18T16:10:24.622595,1,150,6,5,A,0,1,55,95,158,10,,,,
2025-12-18T16:10:24.633634,1,150,5,6,B,0,1,55,95,158,10,63,0,1131,50
2025-12-18T16:10:24.934300,1,151,6,8,A,0,1,55,95,158,10,,,,
2025-12-18T16:10:24.990507,1,151,8,6,B,0,1,55,95,158,10,38,479,522,30
2025-12-18T16:10:25.292739,1,152,6,12,A,0,1,55,95,158,10,,,,
2025-12-18T16:10:25.345769,1,152,12,6,B,0,1,55,95,158,10,19,0,1106,10
2025-12-18T16:10:25.476679,1,153,6,2,A,0,1,55,95,158,10,,,,
2025-12-18T16:10:25.496705,1,153,2,6,B,0,1,55,95,158,10,34,0,1113,20
2025-12-18T16:10:25.580697,1,154,6,9,A,0,1,55,95,158,10,,,,
2025-12-18T16:10:25.592708,1,154,9,6,B,0,1,55,95,158,10,67,12,77,10
2025-12-18T16:10:25.682194,1,155,6,4,A,0,1,55,95,158,10,,,,
2025-12-18T16:10:25.694904,1,155,4,6,B,0,1,55,95,158,10,92,368,441,20
2025-12-18T16:10:25.925794,1,156,6,7,A,0,1,55,95,158,10,,,,
2025-12-18T16:10:25.966227,1,156,7,6,B,0,1,55,95,158,10,8,255,324,20
2025-12-18T16:10:26.020188,1,157,6,13,A,0,1,55,95,158,10,,,,
2025-12-18T16:10:26.027072,1,157,13,6,B,0,1,55,95,158,10,71,0,1088,20
2025-12-18T16:10:26.171252,1,158,6,14,A,0,1,55,95,158,10,,,,
2025-12-18T16:10:26.194441,1,158,14,6,B,0,1,55,95,158,10,58,471,534,30
2025-12-18T16:10:26.247439,1,159,6,1,A,0,1,55,95,158,10,,,,
2025-12-18T16:10:26.254039,1,159,1,6,B,0,1,55,95,158,10,76,203,260,10
2025-12-18T16:10:26.552970,1,160,6,8,A,0,1,11,448,505,10,,,,
2025-12-18T16:10:26.609067,1,160,8,6,B,0,1,11,448,505,10,38,479,522,30
2025-12-18T16:10:26.683065,1,161,6,5,A,0,1,11,448,505,10,,,,
2025-12-18T16:10:26.693567,1,161,5,6,B,0,1,11,448,505,10,63,0,1131,50
2025-12-18T16:10:26.946296,1,162,6,0,A,0,1,11,448,505,10,,,,
2025-12-18T16:10:26.993932,1,162,0,6,B,0,1,11,448,505,10,13,30,92,30
2025-12-18T16:10:27.293651,1,163,6,12,A,0,1,11,448,505,10,,,,
2025-12-18T16:10:27.351687,1,163,12,6,B,0,1,11,448,505,10,19,0,1106,10
2025-12-18T16:10:27.447443,1,164,6,4,A,0,1,11,448,505,10,,,,
2025-12-18T16:10:27.462477,1,164,4,6,B,0,1,11,448,505,10,92,368,441,20
2025-12-18T16:10:27.621903,1,165,6,3,A,0,1,11,448,505,10,,,,
2025-12-18T16:10:27.649183,1,165,3,6,B,0,1,11,448,505,10,84,458,523,20
2025-12-18T16:10:27.759116,1,166,6,10,A,0,1,11,448,505,10,,,,
2025-12-18T16:10:27.776617,1,166,10,6,B,0,1,11,448,505,10,87,85,144,20
2025-12-18T16:10:27.830651,1,167,6,13,A,0,1,11,448,505,10,,,,
2025-12-18T16:10:27.837526,1,167,13,6,B,0,1,11,448,505,10,71,0,1088,20
2025-12-18T16:10:27.982894,1,168,6,14,A,0,1,11,448,505,10,,,,
2025-12-18T16:10:28.006474,1,168,14,6,B,0,1,11,448,505,10,58,471,534,30
2025-12-18T16:10:28.060990,1,169,6,1,A,0,1,11,448,505,10,,,,
2025-12-18T16:10:28.067233,1,169,1,6,B,0,1,11,448,505,10,76,203,260,10
2025-12-18T16:10:28.530709,1,170,7,8,A,0,1,73,0,1090,10,,,,
2025-12-18T16:10:28.586543,1,170,8,7,B,0,1,73,0,1090,10,38,479,522,30
2025-12-18T16:10:29.073957,1,171,7,12,A,0,1,73,0,1090,10,,,,
2025-12-18T16:10:29.130179,1,171,12,7,B,0,1,73,0,1090,10,19,0,1106,10
2025-12-18T16:10:29.398099,1,172,7,9,A,0,1,73,0,1090,10,,,,
2025-12-18T16:10:29.413008,1,172,9,7,B,0,1,73,0,1090,10,67,12,77,10
2025-12-18T16:10:29.650838,1,173,7,6,A,0,1,73,0,1090,10,,,,
2025-12-18T16:10:29.661355,1,173,6,7,B,0,1,73,0,1090,10,55,95,158,10
2025-12-18T16:10:29.932867,1,174,7,13,A,0,1,73,0,1090,10,,,,
2025-12-18T16:10:29.942504,1,174,13,7,B,0,1,73,0,1090,10,71,0,1088,20
2025-12-18T16:10:30.175170,1,175,7,1,A,0,1,73,0,1090,10,,,,
2025-12-18T16:10:30.185281,1,175,1,7,B,0,1,73,0,1090,10,76,203,260,10
2025-12-18T16:10:30.438376,1,176,7,5,A,0,1,6,0,1127,20,,,,
2025-12-18T16:10:30.451523,1,176,5,7,B,0,1,6,0,1127,20,63,0,1131,50
2025-12-18T16:10:30.939548,1,177,7,8,A,0,1,6,0,1127,20,,,,
2025-12-18T16:10:30.997727,1,177,8,7,B,0,1,6,0,1127,20,38,479,522,30
2025-12-18T16:10:31.433787,1,178,7,0,A,0,1,6,0,1127,20,,,,
2025-12-18T16:10:31.484943,1,178,0,7,B,0,1,6,0,1127,20,13,30,92,30
2025-12-18T16:10:31.793391,1,179,7,2,A,0,1,6,0,1127,20,,,,
2025-12-18T16:10:31.817404,1,179,2,7,B,0,1,6,0,1127,20,34,0,1113,20
2025-12-18T16:10:32.085792,1,180,7,9,A,0,1,6,0,1127,20,,,,
2025-12-18T16:10:32.100460,1,180,9,7,B,0,1,6,0,1127,20,67,12,77,10
2025-12-18T16:10:32.439594,1,181,7,3,A,0,1,6,0,1127,20,,,,
2025-12-18T16:10:32.470284,1,181,3,7,B,0,1,6,0,1127,20,84,458,523,20
2025-12-18T16:10:32.719384,1,182,7,13,A,0,1,6,0,1127,20,,,,
2025-12-18T16:10:32.728637,1,182,13,7,B,0,1,6,0,1127,20,71,0,1088,20
2025-12-18T16:10:33.021260,1,183,7,10,A,0,1,6,0,1127,20,,,,
2025-12-18T16:10:33.041666,1,183,10,7,B,0,1,6,0,1127,20,87,85,144,20
2025-12-18T16:10:33.474805,1,184,7,11,A,0,1,6,0,1127,20,,,,
2025-12-18T16:10:33.521564,1,184,11,7,B,0,1,6,0,1127,20,53,286,347,20
2025-12-18T16:10:33.849239,1,185,7,14,A,0,1,6,0,1127,20,,,,
2025-12-18T16:10:33.875264,1,185,14,7,B,0,1,6,0,1127,20,58,471,534,30
2025-12-18T16:10:34.109332,1,186,7,1,A,0,1,6,0,1127,20,,,,
2025-12-18T16:10:34.118215,1,186,1,7,B,0,1,6,0,1127,20,76,203,260,10
2025-12-18T16:10:34.371176,1,187,7,5,A,0,1,90,0,1125,10,,,,
2025-12-18T16:10:34.384069,1,187,5,7,B,0,1,90,0,1125,10,63,0,1131,50
2025-12-18T16:10:34.874240,1,188,7,8,A,0,1,90,0,1125,10,,,,
2025-12-18T16:10:34.929198,1,188,8,7,B,0,1,90,0,1125,10,38,479,522,30
2025-12-18T16:10:35.414608,1,189,7,12,A,0,1,90,0,1125,10,,,,
2025-12-18T16:10:35.471519,1,189,12,7,B,0,1,90,0,1125,10,19,0,1106,10
2025-12-18T16:10:35.914617,1,190,7,0,A,0,1,90,0,1125,10,,,,
2025-12-18T16:10:35.966449,1,190,0,7,B,0,1,90,0,1125,10,13,30,92,30
2025-12-18T16:10:36.255395,1,191,7,2,A,0,1,90,0,1125,10,,,,
2025-12-18T16:10:36.278496,1,191,2,7,B,0,1,90,0,1125,10,34,0,1113,20
2025-12-18T16:10:36.543466,1,192,7,9,A,0,1,90,0,1125,10,,,,
2025-12-18T16:10:36.557599,1,192,9,7,B,0,1,90,0,1125,10,67,12,77,10
2025-12-18T16:10:36.829714,1,193,7,4,A,0,1,90,0,1125,10,,,,
2025-12-18T16:10:36.846407,1,193,4,7,B,0,1,90,0,1125,10,92,368,441,20
2025-12-18T16:10:37.091396,1,194,7,6,A,0,1,90,0,1125,10,,,,
2025-12-18T16:10:37.101607,1,194,6,7,B,0,1,90,0,1125,10,55,95,158,10
2025-12-18T16:10:37.439011,1,195,7,3,A,0,1,90,0,1125,10,,,,
2025-12-18T16:10:37.469919,1,195,3,7,B,0,1,90,0,1125,10,84,458,523,20
2025-12-18T16:10:37.704683,1,196,7,13,A,0,1,90,0,1125,10,,,,
2025-12-18T16:10:37.714342,1,196,13,7,B,0,1,90,0,1125,10,71,0,1088,20
2025-12-18T16:10:38.008883,1,197,7,10,A,0,1,90,0,1125,10,,,,
2025-12-18T16:10:38.029530,1,197,10,7,B,0,1,90,0,1125,10,87,85,144,20
2025-12-18T16:10:38.454679,1,198,7,11,A,0,1,90,0,1125,10,,,,
2025-12-18T16:10:38.502879,1,198,11,7,B,0,1,90,0,1125,10,53,286,347,20
2025-12-18T16:10:38.828947,1,199,7,14,A,0,1,90,0,1125,10,,,,
2025-12-18T16:10:38.854921,1,199,14,7,B,0,1,90,0,1125,10,58,471,534,30
2025-12-18T16:10:39.094801,1,200,7,1,A,0,1,90,0,1125,10,,,,
2025-12-18T16:10:39.104636,1,200,1,7,B,0,1,90,0,1125,10,76,203,260,10
2025-12-18T16:10:39.595667,1,201,7,8,A,0,1,81,0,1098,30,,,,
2025-12-18T16:10:39.651445,1,201,8,7,B,0,1,81,0,1098,30,38,479,522,30
2025-12-18T16:10:40.145216,1,202,7,12,A,0,1,81,0,1098,30,,,,
2025-12-18T16:10:40.200137,1,202,12,7,B,0,1,81,0,1098,30,19,0,1106,10
2025-12-18T16:10:40.468446,1,203,7,9,A,0,1,81,0,1098,30,,,,
2025-12-18T16:10:40.483372,1,203,9,7,B,0,1,81,0,1098,30,67,12,77,10
2025-12-18T16:10:40.723654,1,204,7,6,A,0,1,81,0,1098,30,,,,
2025-12-18T16:10:40.734969,1,204,6,7,B,0,1,81,0,1098,30,55,95,158,10
2025-12-18T16:10:41.074728,1,205,7,3,A,0,1,81,0,1098,30,,,,
2025-12-18T16:10:41.105723,1,205,3,7,B,0,1,81,0,1098,30,84,458,523,20
2025-12-18T16:10:41.342017,1,206,7,13,A,0,1,81,0,1098,30,,,,
2025-12-18T16:10:41.351573,1,206,13,7,B,0,1,81,0,1098,30,71,0,1088,20
2025-12-18T16:10:41.645119,1,207,7,10,A,0,1,81,0,1098,30,,,,
2025-12-18T16:10:41.665287,1,207,10,7,B,0,1,81,0,1098,30,87,85,144,20
2025-12-18T16:10:42.105176,1,208,7,11,A,0,1,81,0,1098,30,,,,
2025-12-18T16:10:42.153933,1,208,11,7,B,0,1,81,0,1098,30,53,286,347,20
2025-12-18T16:10:42.387120,1,209,7,1,A,0,1,81,0,1098,30,,,,
2025-12-18T16:10:42.398095,1,209,1,7,B,0,1,81,0,1098,30,76,203,260,10
2025-12-18T16:10:42.884442,1,210,7,8,A,0,1,86,0,1119,10,,,,
2025-12-18T16:10:42.940262,1,210,8,7,B,0,1,86,0,1119,10,38,479,522,30
2025-12-18T16:10:43.427034,1,211,7,12,A,0,1,86,0,1119,10,,,,
2025-12-18T16:10:43.483445,1,211,12,7,B,0,1,86,0,1119,10,19,0,1106,10
2025-12-18T16:10:43.751954,1,212,7,9,A,0,1,86,0,1119,10,,,,
2025-12-18T16:10:43.766206,1,212,9,7,B,0,1,86,0,1119,10,67,12,77,10
2025-12-18T16:10:44.007157,1,213,7,6,A,0,1,86,0,1119,10,,,,
2025-12-18T16:10:44.017453,1,213,6,7,B,0,1,86,0,1119,10,55,95,158,10
2025-12-18T16:10:44.357554,1,214,7,3,A,0,1,86,0,1119,10,,,,
2025-12-18T16:10:44.388264,1,214,3,7,B,0,1,86,0,1119,10,84,458,523,20
2025-12-18T16:10:44.627540,1,215,7,13,A,0,1,86,0,1119,10,,,,
2025-12-18T16:10:44.637497,1,215,13,7,B,0,1,86,0,1119,10,71,0,1088,20
2025-12-18T16:10:44.931719,1,216,7,10,A,0,1,86,0,1119,10,,,,
2025-12-18T16:10:44.952163,1,216,10,7,B,0,1,86,0,1119,10,87,85,144,20
2025-12-18T16:10:45.387076,1,217,7,11,A,0,1,86,0,1119,10,,,,
2025-12-18T16:10:45.435569,1,217,11,7,B,0,1,86,0,1119,10,53,286,347,20
2025-12-18T16:10:45.675560,1,218,7,1,A,0,1,86,0,1119,10,,,,
2025-12-18T16:10:45.685167,1,218,1,7,B,0,1,86,0,1119,10,76,203,260,10
2025-12-18T16:10:46.165279,1,219,7,8,A,0,1,8,255,324,20,,,,
2025-12-18T16:10:46.221551,1,219,8,7,B,0,1,8,255,324,20,38,479,522,30
2025-12-18T16:10:46.478258,1,220,7,5,A,0,1,8,255,324,20,,,,
2025-12-18T16:10:46.489352,1,220,5,7,B,0,1,8,255,324,20,63,0,1131,50
2025-12-18T16:10:46.957754,1,221,7,0,A,0,1,8,255,324,20,,,,
2025-12-18T16:10:47.003618,1,221,0,7,B,0,1,8,255,324,20,13,30,92,30
2025-12-18T16:10:47.310962,1,222,7,2,A,0,1,8,255,324,20,,,,
2025-12-18T16:10:47.332859,1,222,2,7,B,0,1,8,255,324,20,34,0,1113,20
2025-12-18T16:10:47.601994,1,223,7,9,A,0,1,8,255,324,20,,,,
2025-12-18T16:10:47.614396,1,223,9,7,B,0,1,8,255,324,20,67,12,77,10
2025-12-18T16:10:47.889281,1,224,7,4,A,0,1,8,255,324,20,,,,
2025-12-18T16:10:47.903067,1,224,4,7,B,0,1,8,255,324,20,92,368,441,20
2025-12-18T16:10:48.247768,1,225,7,3,A,0,1,8,255,324,20,,,,
2025-12-18T16:10:48.274992,1,225,3,7,B,0,1,8,255,324,20,84,458,523,20
2025-12-18T16:10:48.570955,1,226,7,10,A,0,1,8,255,324,20,,,,
2025-12-18T16:10:48.588973,1,226,10,7,B,0,1,8,255,324,20,87,85,144,20
2025-12-18T16:10:48.941639,1,227,7,14,A,0,1,8,255,324,20,,,,
2025-12-18T16:10:48.966519,1,227,14,7,B,0,1,8,255,324,20,58,471,534,30
2025-12-18T16:10:49.212454,1,228,7,1,A,0,1,8,255,324,20,,,,
2025-12-18T16:10:49.219907,1,228,1,7,B,0,1,8,255,324,20,76,203,260,10
2025-12-18T16:10:49.479960,1,229,7,13,A,0,1,8,255,324,20,,,,
2025-12-18T16:10:49.487591,1,229,13,7,B,0,1,8,255,324,20,71,0,1088,20
2025-12-18T16:10:49.845101,1,230,8,5,A,0,1,36,0,1110,10,,,,
2025-12-18T16:10:49.860140,1,230,5,8,B,0,1,36,0,1110,10,63,0,1131,50
2025-12-18T16:10:49.893079,1,230,8,5,A,1,2,36,0,1110,10,,,,
2025-12-18T16:10:49.893259,1,230,5,8,B,1,2,36,0,1110,10,15,384,429,40
2025-12-18T16:10:49.922898,1,230,8,5,A,2,3,36,0,1110,10,,,,
2025-12-18T16:10:49.923108,1,230,5,8,B,2,3,36,0,1110,10,39,0,1105,20
2025-12-18T16:10:50.536889,1,231,8,12,A,0,1,36,0,1110,10,,,,
2025-12-18T16:10:50.596096,1,231,12,8,B,0,1,36,0,1110,10,19,0,1106,10
2025-12-18T16:10:51.131686,1,232,8,0,A,0,1,36,0,1110,10,,,,
2025-12-18T16:10:51.182851,1,232,0,8,B,0,1,36,0,1110,10,13,30,92,30
2025-12-18T16:10:51.206920,1,232,8,0,A,1,2,36,0,1110,10,,,,
2025-12-18T16:10:51.207140,1,232,0,8,B,1,2,36,0,1110,10,62,262,317,20
2025-12-18T16:10:51.595255,1,233,8,2,A,0,1,36,0,1110,10,,,,
2025-12-18T16:10:51.617691,1,233,2,8,B,0,1,36,0,1110,10,34,0,1113,20
2025-12-18T16:10:51.960806,1,234,8,9,A,0,1,36,0,1110,10,,,,
2025-12-18T16:10:51.975528,1,234,9,8,B,0,1,36,0,1110,10,67,12,77,10
2025-12-18T16:10:52.321843,1,235,8,4,A,0,1,36,0,1110,10,,,,
2025-12-18T16:10:52.337913,1,235,4,8,B,0,1,36,0,1110,10,92,368,441,20
2025-12-18T16:10:52.647668,1,236,8,6,A,0,1,36,0,1110,10,,,,
2025-12-18T16:10:52.658051,1,236,6,8,B,0,1,36,0,1110,10,55,95,158,10
2025-12-18T16:10:53.145205,1,237,8,7,A,0,1,36,0,1110,10,,,,
2025-12-18T16:10:53.187592,1,237,7,8,B,0,1,36,0,1110,10,8,255,324,20
2025-12-18T16:10:53.603204,1,238,8,3,A,0,1,36,0,1110,10,,,,
2025-12-18T16:10:53.637236,1,238,3,8,B,0,1,36,0,1110,10,84,458,523,20
2025-12-18T16:10:54.011284,1,239,8,10,A,0,1,36,0,1110,10,,,,
2025-12-18T16:10:54.031042,1,239,10,8,B,0,1,36,0,1110,10,87,85,144,20
2025-12-18T16:10:54.549677,1,240,8,11,A,0,1,36,0,1110,10,,,,
2025-12-18T16:10:54.595476,1,240,11,8,B,0,1,36,0,1110,10,53,286,347,20
2025-12-18T16:10:54.999644,1,241,8,14,A,0,1,36,0,1110,10,,,,
2025-12-18T16:10:55.024965,1,241,14,8,B,0,1,36,0,1110,10,58,471,534,30
2025-12-18T16:10:55.053306,1,241,8,14,A,1,2,36,0,1110,10,,,,
2025-12-18T16:10:55.053527,1,241,14,8,B,1,2,36,0,1110,10,100,647,726,20
2025-12-18T16:10:55.363458,1,242,8,1,A,0,1,36,0,1110,10,,,,
2025-12-18T16:10:55.372443,1,242,1,8,B,0,1,36,0,1110,10,76,203,260,10
2025-12-18T16:10:55.700570,1,243,8,5,A,0,1,50,0,1123,10,,,,
2025-12-18T16:10:55.713850,1,243,5,8,B,0,1,50,0,1123,10,63,0,1131,50
2025-12-18T16:10:55.742156,1,243,8,5,A,1,2,50,0,1123,10,,,,
2025-12-18T16:10:55.742375,1,243,5,8,B,1,2,50,0,1123,10,15,384,429,40
2025-12-18T16:10:55.766867,1,243,8,5,A,2,3,50,0,1123,10,,,,
2025-12-18T16:10:55.767074,1,243,5,8,B,2,3,50,0,1123,10,39,0,1105,20
2025-12-18T16:10:56.328792,1,244,8,12,A,0,1,50,0,1123,10,,,,
2025-12-18T16:10:56.383624,1,244,12,8,B,0,1,50,0,1123,10,19,0,1106,10
2025-12-18T16:10:56.893162,1,245,8,0,A,0,1,50,0,1123,10,,,,
2025-12-18T16:10:56.942774,1,245,0,8,B,0,1,50,0,1123,10,13,30,92,30
2025-12-18T16:10:56.966058,1,245,8,0,A,1,2,50,0,1123,10,,,,
2025-12-18T16:10:56.966242,1,245,0,8,B,1,2,50,0,1123,10,62,262,317,20
2025-12-18T16:10:57.353293,1,246,8,2,A,0,1,50,0,1123,10,,,,
2025-12-18T16:10:57.376495,1,246,2,8,B,0,1,50,0,1123,10,34,0,1113,20
2025-12-18T16:10:57.725305,1,247,8,9,A,0,1,50,0,1123,10,,,,
2025-12-18T16:10:57.741512,1,247,9,8,B,0,1,50,0,1123,10,67,12,77,10
2025-12-18T16:10:58.128293,1,248,8,4,A,0,1,50,0,1123,10,,,,
2025-12-18T16:10:58.146191,1,248,4,8,B,0,1,50,0,1123,10,92,368,441,20
2025-12-18T16:10:58.457813,1,249,8,6,A,0,1,50,0,1123,10,,,,
2025-12-18T16:10:58.467562,1,249,6,8,B,0,1,50,0,1123,10,55,95,158,10
2025-12-18T16:10:58.965559,1,250,8,7,A,0,1,50,0,1123,10,,,,
2025-12-18T16:10:59.007461,1,250,7,8,B,0,1,50,0,1123,10,8,255,324,20
2025-12-18T16:10:59.425153,1,251,8,3,A,0,1,50,0,1123,10,,,,
2025-12-18T16:10:59.456581,1,251,3,8,B,0,1,50,0,1123,10,84,458,523,20
2025-12-18T16:10:59.824384,1,252,8,10,A,0,1,50,0,1123,10,,,,
2025-12-18T16:10:59.844525,1,252,10,8,B,0,1,50,0,1123,10,87,85,144,20
2025-12-18T16:11:00.359840,1,253,8,11,A,0,1,50,0,1123,10,,,,
2025-12-18T16:11:00.406604,1,253,11,8,B,0,1,50,0,1123,10,53,286,347,20
2025-12-18T16:11:00.806455,1,254,8,14,A,0,1,50,0,1123,10,,,,
2025-12-18T16:11:00.832272,1,254,14,8,B,0,1,50,0,1123,10,58,471,534,30
2025-12-18T16:11:00.859684,1,254,8,14,A,1,2,50,0,1123,10,,,,
2025-12-18T16:11:00.859872,1,254,14,8,B,1,2,50,0,1123,10,100,647,726,20
2025-12-18T16:11:01.174940,1,255,8,1,A,0,1,50,0,1123,10,,,,
2025-12-18T16:11:01.184192,1,255,1,8,B,0,1,50,0,1123,10,76,203,260,10
2025-12-18T16:11:01.511754,1,256,8,5,A,0,1,57,0,1111,40,,,,
2025-12-18T16:11:01.524821,1,256,5,8,B,0,1,57,0,1111,40,63,0,1131,50
2025-12-18T16:11:01.553136,1,256,8,5,A,1,2,57,0,1111,40,,,,
2025-12-18T16:11:01.553321,1,256,5,8,B,1,2,57,0,1111,40,15,384,429,40
2025-12-18T16:11:01.578030,1,256,8,5,A,2,3,57,0,1111,40,,,,
2025-12-18T16:11:01.578229,1,256,5,8,B,2,3,57,0,1111,40,39,0,1105,20
2025-12-18T16:11:02.129146,1,257,8,12,A,0,1,57,0,1111,40,,,,
2025-12-18T16:11:02.185184,1,257,12,8,B,0,1,57,0,1111,40,19,0,1106,10
2025-12-18T16:11:02.569964,1,258,8,2,A,0,1,57,0,1111,40,,,,
2025-12-18T16:11:02.593219,1,258,2,8,B,0,1,57,0,1111,40,34,0,1113,20
2025-12-18T16:11:02.934489,1,259,8,9,A,0,1,57,0,1111,40,,,,
2025-12-18T16:11:02.949020,1,259,9,8,B,0,1,57,0,1111,40,67,12,77,10
2025-12-18T16:11:03.295109,1,260,8,4,A,0,1,57,0,1111,40,,,,
2025-12-18T16:11:03.311495,1,260,4,8,B,0,1,57,0,1111,40,92,368,441,20
2025-12-18T16:11:03.627090,1,261,8,6,A,0,1,57,0,1111,40,,,,
2025-12-18T16:11:03.637545,1,261,6,8,B,0,1,57,0,1111,40,55,95,158,10
2025-12-18T16:11:04.120683,1,262,8,7,A,0,1,57,0,1111,40,,,,
2025-12-18T16:11:04.163494,1,262,7,8,B,0,1,57,0,1111,40,8,255,324,20
2025-12-18T16:11:04.475312,1,263,8,13,A,0,1,57,0,1111,40,,,,
2025-12-18T16:11:04.484853,1,263,13,8,B,0,1,57,0,1111,40,71,0,1088,20
2025-12-18T16:11:04.888204,1,264,8,14,A,0,1,57,0,1111,40,,,,
2025-12-18T16:11:04.913843,1,264,14,8,B,0,1,57,0,1111,40,58,471,534,30
2025-12-18T16:11:04.940314,1,264,8,14,A,1,2,57,0,1111,40,,,,
2025-12-18T16:11:04.940546,1,264,14,8,B,1,2,57,0,1111,40,100,647,726,20
2025-12-18T16:11:05.251257,1,265,8,1,A,0,1,57,0,1111,40,,,,
2025-12-18T16:11:05.261046,1,265,1,8,B,0,1,57,0,1111,40,76,203,260,10
2025-12-18T16:11:05.590112,1,266,8,5,A,0,1,32,0,1114,30,,,,
2025-12-18T16:11:05.603265,1,266,5,8,B,0,1,32,0,1114,30,63,0,1131,50
2025-12-18T16:11:05.631597,1,266,8,5,A,1,2,32,0,1114,30,,,,
2025-12-18T16:11:05.631830,1,266,5,8,B,1,2,32,0,1114,30,15,384,429,40
2025-12-18T16:11:05.657495,1,266,8,5,A,2,3,32,0,1114,30,,,,
2025-12-18T16:11:05.657710,1,266,5,8,B,2,3,32,0,1114,30,39,0,1105,20
2025-12-18T16:11:06.219991,1,267,8,12,A,0,1,32,0,1114,30,,,,
2025-12-18T16:11:06.277207,1,267,12,8,B,0,1,32,0,1114,30,19,0,1106,10
2025-12-18T16:11:06.856014,1,268,8,0,A,0,1,32,0,1114,30,,,,
2025-12-18T16:11:06.908772,1,268,0,8,B,0,1,32,0,1114,30,13,30,92,30
2025-12-18T16:11:06.933251,1,268,8,0,A,1,2,32,0,1114,30,,,,
2025-12-18T16:11:06.933458,1,268,0,8,B,1,2,32,0,1114,30,62,262,317,20
2025-12-18T16:11:07.345176,1,269,8,2,A,0,1,32,0,1114,30,,,,
2025-12-18T16:11:07.369302,1,269,2,8,B,0,1,32,0,1114,30,34,0,1113,20
2025-12-18T16:11:07.716891,1,270,8,9,A,0,1,32,0,1114,30,,,,
2025-12-18T16:11:07.731556,1,270,9,8,B,0,1,32,0,1114,30,67,12,77,10
2025-12-18T16:11:08.098141,1,271,8,4,A,0,1,32,0,1114,30,,,,
2025-12-18T16:11:08.115302,1,271,4,8,B,0,1,32,0,1114,30,92,368,441,20
2025-12-18T16:11:08.440745,1,272,8,6,A,0,1,32,0,1114,30,,,,
2025-12-18T16:11:08.451848,1,272,6,8,B,0,1,32,0,1114,30,55,95,158,10
2025-12-18T16:11:08.949802,1,273,8,7,A,0,1,32,0,1114,30,,,,
2025-12-18T16:11:08.992471,1,273,7,8,B,0,1,32,0,1114,30,8,255,324,20
2025-12-18T16:11:09.421839,1,274,8,3,A,0,1,32,0,1114,30,,,,
2025-12-18T16:11:09.452694,1,274,3,8,B,0,1,32,0,1114,30,84,458,523,20
2025-12-18T16:11:09.826478,1,275,8,10,A,0,1,32,0,1114,30,,,,
2025-12-18T16:11:09.846217,1,275,10,8,B,0,1,32,0,1114,30,87,85,144,20
2025-12-18T16:11:10.359481,1,276,8,11,A,0,1,32,0,1114,30,,,,
2025-12-18T16:11:10.406804,1,276,11,8,B,0,1,32,0,1114,30,53,286,347,20
2025-12-18T16:11:10.805786,1,277,8,14,A,0,1,32,0,1114,30,,,,
2025-12-18T16:11:10.831506,1,277,14,8,B,0,1,32,0,1114,30,58,471,534,30
2025-12-18T16:11:10.856628,1,277,8,14,A,1,2,32,0,1114,30,,,,
2025-12-18T16:11:10.856836,1,277,14,8,B,1,2,32,0,1114,30,100,647,726,20
2025-12-18T16:11:11.172036,1,278,8,1,A,0,1,32,0,1114,30,,,,
2025-12-18T16:11:11.181361,1,278,1,8,B,0,1,32,0,1114,30,76,203,260,10
2025-12-18T16:11:11.518048,1,279,8,5,A,0,1,61,0,1123,10,,,,
2025-12-18T16:11:11.531180,1,279,5,8,B,0,1,61,0,1123,10,63,0,1131,50
2025-12-18T16:11:11.559395,1,279,8,5,A,1,2,61,0,1123,10,,,,
2025-12-18T16:11:11.559592,1,279,5,8,B,1,2,61,0,1123,10,15,384,429,40
2025-12-18T16:11:11.584591,1,279,8,5,A,2,3,61,0,1123,10,,,,
2025-12-18T16:11:11.584801,1,279,5,8,B,2,3,61,0,1123,10,39,0,1105,20
2025-12-18T16:11:12.142623,1,280,8,12,A,0,1,61,0,1123,10,,,,
2025-12-18T16:11:12.198835,1,280,12,8,B,0,1,61,0,1123,10,19,0,1106,10
2025-12-18T16:11:12.588323,1,281,8,2,A,0,1,61,0,1123,10,,,,
2025-12-18T16:11:12.612109,1,281,2,8,B,0,1,61,0,1123,10,34,0,1113,20
2025-12-18T16:11:12.988431,1,282,8,9,A,0,1,61,0,1123,10,,,,
2025-12-18T16:11:13.003123,1,282,9,8,B,0,1,61,0,1123,10,67,12,77,10
2025-12-18T16:11:13.355011,1,283,8,4,A,0,1,61,0,1123,10,,,,
2025-12-18T16:11:13.372689,1,283,4,8,B,0,1,61,0,1123,10,92,368,441,20
2025-12-18T16:11:13.695752,1,284,8,6,A,0,1,61,0,1123,10,,,,
2025-12-18T16:11:13.706190,1,284,6,8,B,0,1,61,0,1123,10,55,95,158,10
2025-12-18T16:11:14.194241,1,285,8,7,A,0,1,61,0,1123,10,,,,
2025-12-18T16:11:14.237021,1,285,7,8,B,0,1,61,0,1123,10,8,255,324,20
2025-12-18T16:11:14.550561,1,286,8,13,A,0,1,61,0,1123,10,,,,
2025-12-18T16:11:14.559850,1,286,13,8,B,0,1,61,0,1123,10,71,0,1088,20
2025-12-18T16:11:14.964272,1,287,8,14,A,0,1,61,0,1123,10,,,,
2025-12-18T16:11:14.989735,1,287,14,8,B,0,1,61,0,1123,10,58,471,534,30
2025-12-18T16:11:15.016819,1,287,8,14,A,1,2,61,0,1123,10,,,,
2025-12-18T16:11:15.017076,1,287,14,8,B,1,2,61,0,1123,10,100,647,726,20
2025-12-18T16:11:15.327076,1,288,8,1,A,0,1,61,0,1123,10,,,,
2025-12-18T16:11:15.336434,1,288,1,8,B,0,1,61,0,1123,10,76,203,260,10
2025-12-18T16:11:15.661597,1,289,8,5,A,0,1,38,479,522,30,,,,
2025-12-18T16:11:15.672221,1,289,5,8,B,0,1,38,479,522,30,63,0,1131,50
2025-12-18T16:11:15.699875,1,289,8,5,A,1,2,38,479,522,30,,,,
2025-12-18T16:11:15.700057,1,289,5,8,B,1,2,38,479,522,30,39,0,1105,20
2025-12-18T16:11:16.201855,1,290,8,0,A,0,1,38,479,522,30,,,,
2025-12-18T16:11:16.249101,1,290,0,8,B,0,1,38,479,522,30,13,30,92,30
2025-12-18T16:11:16.272822,1,290,8,0,A,1,2,38,479,522,30,,,,
2025-12-18T16:11:16.273076,1,290,0,8,B,1,2,38,479,522,30,62,262,317,20
2025-12-18T16:11:16.829366,1,291,8,12,A,0,1,38,479,522,30,,,,
2025-12-18T16:11:16.884358,1,291,12,8,B,0,1,38,479,522,30,19,0,1106,10
2025-12-18T16:11:17.267798,1,292,8,2,A,0,1,38,479,522,30,,,,
2025-12-18T16:11:17.289402,1,292,2,8,B,0,1,38,479,522,30,34,0,1113,20
2025-12-18T16:11:17.778620,1,293,8,7,A,0,1,38,479,522,30,,,,
2025-12-18T16:11:17.818680,1,293,7,8,B,0,1,38,479,522,30,8,255,324,20
2025-12-18T16:11:18.189026,1,294,8,10,A,0,1,38,479,522,30,,,,
2025-12-18T16:11:18.206423,1,294,10,8,B,0,1,38,479,522,30,87,85,144,20
2025-12-18T16:11:18.718316,1,295,8,11,A,0,1,38,479,522,30,,,,
2025-12-18T16:11:18.762322,1,295,11,8,B,0,1,38,479,522,30,53,286,347,20
2025-12-18T16:11:19.073658,1,296,8,13,A,0,1,38,479,522,30,,,,
2025-12-18T16:11:19.079857,1,296,13,8,B,0,1,38,479,522,30,71,0,1088,20
2025-12-18T16:11:19.502287,1,297,8,14,A,0,1,38,479,522,30,,,,
2025-12-18T16:11:19.527352,1,297,14,8,B,0,1,38,479,522,30,58,471,534,30
2025-12-18T16:11:19.555674,1,297,8,14,A,1,2,38,479,522,30,,,,
2025-12-18T16:11:19.555871,1,297,14,8,B,1,2,38,479,522,30,100,647,726,20
2025-12-18T16:11:19.874497,1,298,8,1,A,0,1,38,479,522,30,,,,
2025-12-18T16:11:19.880936,1,298,1,8,B,0,1,38,479,522,30,76,203,260,10
2025-12-18T16:11:20.225565,1,299,9,8,A,0,1,70,0,1087,30,,,,
2025-12-18T16:11:20.278714,1,299,8,9,B,0,1,70,0,1087,30,38,479,522,30
2025-12-18T16:11:20.597967,1,300,9,12,A,0,1,70,0,1087,30,,,,
2025-12-18T16:11:20.652911,1,300,12,9,B,0,1,70,0,1087,30,19,0,1106,10
2025-12-18T16:11:20.740777,1,301,9,6,A,0,1,70,0,1087,30,,,,
2025-12-18T16:11:20.751180,1,301,6,9,B,0,1,70,0,1087,30,55,95,158,10
2025-12-18T16:11:21.002615,1,302,9,7,A,0,1,70,0,1087,30,,,,
2025-12-18T16:11:21.044965,1,302,7,9,B,0,1,70,0,1087,30,8,255,324,20
2025-12-18T16:11:21.123361,1,303,9,13,A,0,1,70,0,1087,30,,,,
2025-12-18T16:11:21.133234,1,303,13,9,B,0,1,70,0,1087,30,71,0,1088,20
2025-12-18T16:11:21.215028,1,304,9,1,A,0,1,70,0,1087,30,,,,
2025-12-18T16:11:21.224184,1,304,1,9,B,0,1,70,0,1087,30,76,203,260,10
2025-12-18T16:11:21.319589,1,305,9,5,A,0,1,67,12,77,10,,,,
2025-12-18T16:11:21.328140,1,305,5,9,B,0,1,67,12,77,10,63,0,1131,50
2025-12-18T16:11:21.651979,1,306,9,8,A,0,1,67,12,77,10,,,,
2025-12-18T16:11:21.679911,1,306,8,9,B,0,1,67,12,77,10,38,479,522,30
2025-12-18T16:11:21.994711,1,307,9,12,A,0,1,67,12,77,10,,,,
2025-12-18T16:11:22.022679,1,307,12,9,B,0,1,67,12,77,10,19,0,1106,10
2025-12-18T16:11:22.295496,1,308,9,0,A,0,1,67,12,77,10,,,,
2025-12-18T16:11:22.319120,1,308,0,9,B,0,1,67,12,77,10,13,30,92,30
2025-12-18T16:11:22.467854,1,309,9,2,A,0,1,67,12,77,10,,,,
2025-12-18T16:11:22.482693,1,309,2,9,B,0,1,67,12,77,10,34,0,1113,20
2025-12-18T16:11:22.598031,1,310,9,4,A,0,1,67,12,77,10,,,,
2025-12-18T16:11:22.608236,1,310,4,9,B,0,1,67,12,77,10,92,368,441,20
2025-12-18T16:11:22.690625,1,311,9,6,A,0,1,67,12,77,10,,,,
2025-12-18T16:11:22.697196,1,311,6,9,B,0,1,67,12,77,10,55,95,158,10
2025-12-18T16:11:22.944744,1,312,9,7,A,0,1,67,12,77,10,,,,
2025-12-18T16:11:22.966937,1,312,7,9,B,0,1,67,12,77,10,8,255,324,20
2025-12-18T16:11:23.146223,1,313,9,3,A,0,1,67,12,77,10,,,,
2025-12-18T16:11:23.162316,1,313,3,9,B,0,1,67,12,77,10,84,458,523,20
2025-12-18T16:11:23.238906,1,314,9,13,A,0,1,67,12,77,10,,,,
2025-12-18T16:11:23.245098,1,314,13,9,B,0,1,67,12,77,10,71,0,1088,20
2025-12-18T16:11:23.379710,1,315,9,10,A,0,1,67,12,77,10,,,,
2025-12-18T16:11:23.392222,1,315,10,9,B,0,1,67,12,77,10,87,85,144,20
2025-12-18T16:11:23.668915,1,316,9,11,A,0,1,67,12,77,10,,,,
2025-12-18T16:11:23.693214,1,316,11,9,B,0,1,67,12,77,10,53,286,347,20
2025-12-18T16:11:23.860872,1,317,9,14,A,0,1,67,12,77,10,,,,
2025-12-18T16:11:23.876769,1,317,14,9,B,0,1,67,12,77,10,58,471,534,30
2025-12-18T16:11:23.955258,1,318,9,1,A,0,1,67,12,77,10,,,,
2025-12-18T16:11:23.961334,1,318,1,9,B,0,1,67,12,77,10,76,203,260,10
2025-12-18T16:11:24.085141,1,319,10,5,A,0,1,1,0,1127,10,,,,
2025-12-18T16:11:24.098725,1,319,5,10,B,0,1,1,0,1127,10,63,0,1131,50
2025-12-18T16:11:24.454229,1,320,10,8,A,0,1,1,0,1127,10,,,,
2025-12-18T16:11:24.513473,1,320,8,10,B,0,1,1,0,1127,10,38,479,522,30
2025-12-18T16:11:24.817664,1,321,10,0,A,0,1,1,0,1127,10,,,,
2025-12-18T16:11:24.867673,1,321,0,10,B,0,1,1,0,1127,10,13,30,92,30
2025-12-18T16:11:25.048021,1,322,10,2,A,0,1,1,0,1127,10,,,,
2025-12-18T16:11:25.071002,1,322,2,10,B,0,1,1,0,1127,10,34,0,1113,20
2025-12-18T16:11:25.208264,1,323,10,9,A,0,1,1,0,1127,10,,,,
2025-12-18T16:11:25.222758,1,323,9,10,B,0,1,1,0,1127,10,67,12,77,10
2025-12-18T16:11:25.435332,1,324,10,3,A,0,1,1,0,1127,10,,,,
2025-12-18T16:11:25.466386,1,324,3,10,B,0,1,1,0,1127,10,84,458,523,20
2025-12-18T16:11:25.575166,1,325,10,13,A,0,1,1,0,1127,10,,,,
2025-12-18T16:11:25.584524,1,325,13,10,B,0,1,1,0,1127,10,71,0,1088,20
2025-12-18T16:11:25.893990,1,326,10,11,A,0,1,1,0,1127,10,,,,
2025-12-18T16:11:25.941340,1,326,11,10,B,0,1,1,0,1127,10,53,286,347,20
2025-12-18T16:11:26.139654,1,327,10,14,A,0,1,1,0,1127,10,,,,
2025-12-18T16:11:26.166008,1,327,14,10,B,0,1,1,0,1127,10,58,471,534,30
2025-12-18T16:11:26.275159,1,328,10,1,A,0,1,1,0,1127,10,,,,
2025-12-18T16:11:26.284691,1,328,1,10,B,0,1,1,0,1127,10,76,203,260,10
2025-12-18T16:11:26.411370,1,329,10,5,A,0,1,35,0,1107,10,,,,
2025-12-18T16:11:26.424753,1,329,5,10,B,0,1,35,0,1107,10,63,0,1131,50
2025-12-18T16:11:26.776673,1,330,10,8,A,0,1,35,0,1107,10,,,,
2025-12-18T16:11:26.832223,1,330,8,10,B,0,1,35,0,1107,10,38,479,522,30
2025-12-18T16:11:27.200431,1,331,10,12,A,0,1,35,0,1107,10,,,,
2025-12-18T16:11:27.255720,1,331,12,10,B,0,1,35,0,1107,10,19,0,1106,10
2025-12-18T16:11:27.564598,1,332,10,0,A,0,1,35,0,1107,10,,,,
2025-12-18T16:11:27.614166,1,332,0,10,B,0,1,35,0,1107,10,13,30,92,30
2025-12-18T16:11:27.795847,1,333,10,2,A,0,1,35,0,1107,10,,,,
2025-12-18T16:11:27.819045,1,333,2,10,B,0,1,35,0,1107,10,34,0,1113,20
2025-12-18T16:11:27.956746,1,334,10,9,A,0,1,35,0,1107,10,,,,
2025-12-18T16:11:27.971546,1,334,9,10,B,0,1,35,0,1107,10,67,12,77,10
2025-12-18T16:11:28.115661,1,335,10,4,A,0,1,35,0,1107,10,,,,
2025-12-18T16:11:28.131607,1,335,4,10,B,0,1,35,0,1107,10,92,368,441,20
2025-12-18T16:11:28.245539,1,336,10,6,A,0,1,35,0,1107,10,,,,
2025-12-18T16:11:28.256133,1,336,6,10,B,0,1,35,0,1107,10,55,95,158,10
2025-12-18T16:11:28.540094,1,337,10,7,A,0,1,35,0,1107,10,,,,
2025-12-18T16:11:28.584141,1,337,7,10,B,0,1,35,0,1107,10,8,255,324,20
2025-12-18T16:11:28.798462,1,338,10,3,A,0,1,35,0,1107,10,,,,
2025-12-18T16:11:28.829295,1,338,3,10,B,0,1,35,0,1107,10,84,458,523,20
2025-12-18T16:11:29.138926,1,339,10,11,A,0,1,35,0,1107,10,,,,
2025-12-18T16:11:29.187022,1,339,11,10,B,0,1,35,0,1107,10,53,286,347,20
2025-12-18T16:11:29.390413,1,340,10,14,A,0,1,35,0,1107,10,,,,
2025-12-18T16:11:29.416614,1,340,14,10,B,0,1,35,0,1107,10,58,471,534,30
2025-12-18T16:11:29.532358,1,341,10,1,A,0,1,35,0,1107,10,,,,
2025-12-18T16:11:29.542223,1,341,1,10,B,0,1,35,0,1107,10,76,203,260,10
2025-12-18T16:11:29.909584,1,342,10,8,A,0,1,87,85,144,20,,,,
2025-12-18T16:11:29.959460,1,342,8,10,B,0,1,87,85,144,20,38,479,522,30
2025-12-18T16:11:30.336062,1,343,10,12,A,0,1,87,85,144,20,,,,
2025-12-18T16:11:30.392215,1,343,12,10,B,0,1,87,85,144,20,19,0,1106,10
2025-12-18T16:11:30.532944,1,344,10,9,A,0,1,87,85,144,20,,,,
2025-12-18T16:11:30.544966,1,344,9,10,B,0,1,87,85,144,20,67,12,77,10
2025-12-18T16:11:30.658170,1,345,10,6,A,0,1,87,85,144,20,,,,
2025-12-18T16:11:30.665559,1,345,6,10,B,0,1,87,85,144,20,55,95,158,10
2025-12-18T16:11:30.943406,1,346,10,7,A,0,1,87,85,144,20,,,,
2025-12-18T16:11:30.982822,1,346,7,10,B,0,1,87,85,144,20,8,255,324,20
2025-12-18T16:11:31.195707,1,347,10,3,A,0,1,87,85,144,20,,,,
2025-12-18T16:11:31.219978,1,347,3,10,B,0,1,87,85,144,20,84,458,523,20
2025-12-18T16:11:31.327462,1,348,10,13,A,0,1,87,85,144,20,,,,
2025-12-18T16:11:31.334275,1,348,13,10,B,0,1,87,85,144,20,71,0,1088,20
2025-12-18T16:11:31.641965,1,349,10,11,A,0,1,87,85,144,20,,,,
2025-12-18T16:11:31.683209,1,349,11,10,B,0,1,87,85,144,20,53,286,347,20
2025-12-18T16:11:31.790030,1,350,10,1,A,0,1,87,85,144,20,,,,
2025-12-18T16:11:31.796707,1,350,1,10,B,0,1,87,85,144,20,76,203,260,10
2025-12-18T16:11:32.070862,1,351,11,5,A,0,1,56,0,1101,30,,,,
2025-12-18T16:11:32.083682,1,351,5,11,B,0,1,56,0,1101,30,63,0,1131,50
2025-12-18T16:11:32.107944,1,351,11,5,A,1,2,56,0,1101,30,,,,
2025-12-18T16:11:32.108206,1,351,5,11,B,1,2,56,0,1101,30,15,384,429,40
2025-12-18T16:11:32.615456,1,352,11,8,A,0,1,56,0,1101,30,,,,
2025-12-18T16:11:32.671417,1,352,8,11,B,0,1,56,0,1101,30,38,479,522,30
2025-12-18T16:11:33.188830,1,353,11,12,A,0,1,56,0,1101,30,,,,
2025-12-18T16:11:33.252192,1,353,12,11,B,0,1,56,0,1101,30,19,0,1106,10
2025-12-18T16:11:33.593273,1,354,11,2,A,0,1,56,0,1101,30,,,,
2025-12-18T16:11:33.616458,1,354,2,11,B,0,1,56,0,1101,30,34,0,1113,20
2025-12-18T16:11:33.926841,1,355,11,9,A,0,1,56,0,1101,30,,,,
2025-12-18T16:11:33.940957,1,355,9,11,B,0,1,56,0,1101,30,67,12,77,10
2025-12-18T16:11:34.237428,1,356,11,4,A,0,1,56,0,1101,30,,,,
2025-12-18T16:11:34.253472,1,356,4,11,B,0,1,56,0,1101,30,92,368,441,20
2025-12-18T16:11:34.519865,1,357,11,6,A,0,1,56,0,1101,30,,,,
2025-12-18T16:11:34.529949,1,357,6,11,B,0,1,56,0,1101,30,55,95,158,10
2025-12-18T16:11:34.967551,1,358,11,7,A,0,1,56,0,1101,30,,,,
2025-12-18T16:11:35.010135,1,358,7,11,B,0,1,56,0,1101,30,8,255,324,20
2025-12-18T16:11:35.292636,1,359,11,13,A,0,1,56,0,1101,30,,,,
2025-12-18T16:11:35.301994,1,359,13,11,B,0,1,56,0,1101,30,71,0,1088,20
2025-12-18T16:11:35.658477,1,360,11,14,A,0,1,56,0,1101,30,,,,
2025-12-18T16:11:35.684246,1,360,14,11,B,0,1,56,0,1101,30,58,471,534,30
2025-12-18T16:11:35.954348,1,361,11,1,A,0,1,56,0,1101,30,,,,
2025-12-18T16:11:35.964433,1,361,1,11,B,0,1,56,0,1101,30,76,203,260,10
2025-12-18T16:11:36.251322,1,362,11,5,A,0,1,54,0,1105,40,,,,
2025-12-18T16:11:36.264488,1,362,5,11,B,0,1,54,0,1105,40,63,0,1131,50
2025-12-18T16:11:36.290074,1,362,11,5,A,1,2,54,0,1105,40,,,,
2025-12-18T16:11:36.290304,1,362,5,11,B,1,2,54,0,1105,40,15,384,429,40
2025-12-18T16:11:36.802927,1,363,11,8,A,0,1,54,0,1105,40,,,,
2025-12-18T16:11:36.860890,1,363,8,11,B,0,1,54,0,1105,40,38,479,522,30
2025-12-18T16:11:37.369216,1,364,11,12,A,0,1,54,0,1105,40,,,,
2025-12-18T16:11:37.424565,1,364,12,11,B,0,1,54,0,1105,40,19,0,1106,10
2025-12-18T16:11:37.759719,1,365,11,2,A,0,1,54,0,1105,40,,,,
2025-12-18T16:11:37.783079,1,365,2,11,B,0,1,54,0,1105,40,34,0,1113,20
2025-12-18T16:11:38.075063,1,366,11,9,A,0,1,54,0,1105,40,,,,
2025-12-18T16:11:38.089525,1,366,9,11,B,0,1,54,0,1105,40,67,12,77,10
2025-12-18T16:11:38.388043,1,367,11,4,A,0,1,54,0,1105,40,,,,
2025-12-18T16:11:38.404161,1,367,4,11,B,0,1,54,0,1105,40,92,368,441,20
2025-12-18T16:11:38.675135,1,368,11,6,A,0,1,54,0,1105,40,,,,
2025-12-18T16:11:38.685127,1,368,6,11,B,0,1,54,0,1105,40,55,95,158,10
2025-12-18T16:11:39.120501,1,369,11,7,A,0,1,54,0,1105,40,,,,
2025-12-18T16:11:39.162275,1,369,7,11,B,0,1,54,0,1105,40,8,255,324,20
2025-12-18T16:11:39.425480,1,370,11,13,A,0,1,54,0,1105,40,,,,
2025-12-18T16:11:39.435184,1,370,13,11,B,0,1,54,0,1105,40,71,0,1088,20
2025-12-18T16:11:39.789057,1,371,11,14,A,0,1,54,0,1105,40,,,,
2025-12-18T16:11:39.814839,1,371,14,11,B,0,1,54,0,1105,40,58,471,534,30
2025-12-18T16:11:40.076689,1,372,11,1,A,0,1,54,0,1105,40,,,,
2025-12-18T16:11:40.085867,1,372,1,11,B,0,1,54,0,1105,40,76,203,260,10
2025-12-18T16:11:40.367443,1,373,11,5,A,0,1,29,0,1126,10,,,,
2025-12-18T16:11:40.380464,1,373,5,11,B,0,1,29,0,1126,10,63,0,1131,50
2025-12-18T16:11:40.406205,1,373,11,5,A,1,2,29,0,1126,10,,,,
2025-12-18T16:11:40.406380,1,373,5,11,B,1,2,29,0,1126,10,15,384,429,40
2025-12-18T16:11:40.916270,1,374,11,8,A,0,1,29,0,1126,10,,,,
2025-12-18T16:11:40.971297,1,374,8,11,B,0,1,29,0,1126,10,38,479,522,30
2025-12-18T16:11:41.479132,1,375,11,12,A,0,1,29,0,1126,10,,,,
2025-12-18T16:11:41.533502,1,375,12,11,B,0,1,29,0,1126,10,19,0,1106,10
2025-12-18T16:11:42.004377,1,376,11,0,A,0,1,29,0,1126,10,,,,
2025-12-18T16:11:42.070874,1,376,0,11,B,0,1,29,0,1126,10,13,30,92,30
2025-12-18T16:11:42.426997,1,377,11,2,A,0,1,29,0,1126,10,,,,
2025-12-18T16:11:42.451131,1,377,2,11,B,0,1,29,0,1126,10,34,0,1113,20
2025-12-18T16:11:42.748545,1,378,11,9,A,0,1,29,0,1126,10,,,,
2025-12-18T16:11:42.763467,1,378,9,11,B,0,1,29,0,1126,10,67,12,77,10
2025-12-18T16:11:43.064560,1,379,11,4,A,0,1,29,0,1126,10,,,,
2025-12-18T16:11:43.082538,1,379,4,11,B,0,1,29,0,1126,10,92,368,441,20
2025-12-18T16:11:43.354177,1,380,11,6,A,0,1,29,0,1126,10,,,,
2025-12-18T16:11:43.364360,1,380,6,11,B,0,1,29,0,1126,10,55,95,158,10
2025-12-18T16:11:43.838233,1,381,11,7,A,0,1,29,0,1126,10,,,,
2025-12-18T16:11:43.881211,1,381,7,11,B,0,1,29,0,1126,10,8,255,324,20
2025-12-18T16:11:44.250982,1,382,11,3,A,0,1,29,0,1126,10,,,,
2025-12-18T16:11:44.282335,1,382,3,11,B,0,1,29,0,1126,10,84,458,523,20
2025-12-18T16:11:44.619707,1,383,11,10,A,0,1,29,0,1126,10,,,,
2025-12-18T16:11:44.643251,1,383,10,11,B,0,1,29,0,1126,10,87,85,144,20
2025-12-18T16:11:45.084539,1,384,11,14,A,0,1,29,0,1126,10,,,,
2025-12-18T16:11:45.111748,1,384,14,11,B,0,1,29,0,1126,10,58,471,534,30
2025-12-18T16:11:45.377770,1,385,11,1,A,0,1,29,0,1126,10,,,,
2025-12-18T16:11:45.386654,1,385,1,11,B,0,1,29,0,1126,10,76,203,260,10
2025-12-18T16:11:45.668842,1,386,11,5,A,0,1,24,0,1131,10,,,,
2025-12-18T16:11:45.682116,1,386,5,11,B,0,1,24,0,1131,10,63,0,1131,50
2025-12-18T16:11:45.706722,1,386,11,5,A,1,2,24,0,1131,10,,,,
2025-12-18T16:11:45.706894,1,386,5,11,B,1,2,24,0,1131,10,15,384,429,40
2025-12-18T16:11:46.197521,1,387,11,8,A,0,1,24,0,1131,10,,,,
2025-12-18T16:11:46.256444,1,387,8,11,B,0,1,24,0,1131,10,38,479,522,30
2025-12-18T16:11:46.783553,1,388,11,12,A,0,1,24,0,1131,10,,,,
2025-12-18T16:11:46.839296,1,388,12,11,B,0,1,24,0,1131,10,19,0,1106,10
2025-12-18T16:11:47.299364,1,389,11,0,A,0,1,24,0,1131,10,,,,
2025-12-18T16:11:47.350877,1,389,0,11,B,0,1,24,0,1131,10,13,30,92,30
2025-12-18T16:11:47.686806,1,390,11,2,A,0,1,24,0,1131,10,,,,
2025-12-18T16:11:47.710259,1,390,2,11,B,0,1,24,0,1131,10,34,0,1113,20
2025-12-18T16:11:48.005051,1,391,11,9,A,0,1,24,0,1131,10,,,,
2025-12-18T16:11:48.019719,1,391,9,11,B,0,1,24,0,1131,10,67,12,77,10
2025-12-18T16:11:48.316675,1,392,11,4,A,0,1,24,0,1131,10,,,,
2025-12-18T16:11:48.333865,1,392,4,11,B,0,1,24,0,1131,10,92,368,441,20
2025-12-18T16:11:48.599554,1,393,11,6,A,0,1,24,0,1131,10,,,,
2025-12-18T16:11:48.609145,1,393,6,11,B,0,1,24,0,1131,10,55,95,158,10
2025-12-18T16:11:49.044569,1,394,11,7,A,0,1,24,0,1131,10,,,,
2025-12-18T16:11:49.086530,1,394,7,11,B,0,1,24,0,1131,10,8,255,324,20
2025-12-18T16:11:49.454265,1,395,11,3,A,0,1,24,0,1131,10,,,,
2025-12-18T16:11:49.484957,1,395,3,11,B,0,1,24,0,1131,10,84,458,523,20
2025-12-18T16:11:49.803935,1,396,11,10,A,0,1,24,0,1131,10,,,,
2025-12-18T16:11:49.823563,1,396,10,11,B,0,1,24,0,1131,10,87,85,144,20
2025-12-18T16:11:50.173623,1,397,11,14,A,0,1,24,0,1131,10,,,,
2025-12-18T16:11:50.199596,1,397,14,11,B,0,1,24,0,1131,10,58,471,534,30
2025-12-18T16:11:50.460962,1,398,11,1,A,0,1,24,0,1131,10,,,,
2025-12-18T16:11:50.469868,1,398,1,11,B,0,1,24,0,1131,10,76,203,260,10
2025-12-18T16:11:50.760787,1,399,11,5,A,0,1,65,0,1133,10,,,,
2025-12-18T16:11:50.773740,1,399,5,11,B,0,1,65,0,1133,10,63,0,1131,50
2025-12-18T16:11:50.798213,1,399,11,5,A,1,2,65,0,1133,10,,,,
2025-12-18T16:11:50.798381,1,399,5,11,B,1,2,65,0,1133,10,15,384,429,40
2025-12-18T16:11:51.308169,1,400,11,8,A,0,1,65,0,1133,10,,,,
2025-12-18T16:11:51.364176,1,400,8,11,B,0,1,65,0,1133,10,38,479,522,30
2025-12-18T16:11:51.870446,1,401,11,12,A,0,1,65,0,1133,10,,,,
2025-12-18T16:11:51.925433,1,401,12,11,B,0,1,65,0,1133,10,19,0,1106,10
2025-12-18T16:11:52.383175,1,402,11,0,A,0,1,65,0,1133,10,,,,
2025-12-18T16:11:52.432764,1,402,0,11,B,0,1,65,0,1133,10,13,30,92,30
2025-12-18T16:11:52.768439,1,403,11,2,A,0,1,65,0,1133,10,,,,
2025-12-18T16:11:52.791808,1,403,2,11,B,0,1,65,0,1133,10,34,0,1113,20
2025-12-18T16:11:53.084551,1,404,11,9,A,0,1,65,0,1133,10,,,,
2025-12-18T16:11:53.099102,1,404,9,11,B,0,1,65,0,1133,10,67,12,77,10
2025-12-18T16:11:53.395472,1,405,11,4,A,0,1,65,0,1133,10,,,,
2025-12-18T16:11:53.412684,1,405,4,11,B,0,1,65,0,1133,10,92,368,441,20
2025-12-18T16:11:53.680329,1,406,11,6,A,0,1,65,0,1133,10,,,,
2025-12-18T16:11:53.690744,1,406,6,11,B,0,1,65,0,1133,10,55,95,158,10
2025-12-18T16:11:54.126711,1,407,11,7,A,0,1,65,0,1133,10,,,,
2025-12-18T16:11:54.169655,1,407,7,11,B,0,1,65,0,1133,10,8,255,324,20
2025-12-18T16:11:54.541524,1,408,11,3,A,0,1,65,0,1133,10,,,,
2025-12-18T16:11:54.574322,1,408,3,11,B,0,1,65,0,1133,10,84,458,523,20
2025-12-18T16:11:54.836308,1,409,11,13,A,0,1,65,0,1133,10,,,,
2025-12-18T16:11:54.845824,1,409,13,11,B,0,1,65,0,1133,10,71,0,1088,20
2025-12-18T16:11:55.168165,1,410,11,10,A,0,1,65,0,1133,10,,,,
2025-12-18T16:11:55.187517,1,410,10,11,B,0,1,65,0,1133,10,87,85,144,20
2025-12-18T16:11:55.537102,1,411,11,14,A,0,1,65,0,1133,10,,,,
2025-12-18T16:11:55.563038,1,411,14,11,B,0,1,65,0,1133,10,58,471,534,30
2025-12-18T16:11:55.883411,1,412,11,1,A,0,1,65,0,1133,10,,,,
2025-12-18T16:11:55.892419,1,412,1,11,B,0,1,65,0,1133,10,76,203,260,10
2025-12-18T16:11:56.407749,1,413,11,8,A,0,1,53,286,347,20,,,,
2025-12-18T16:11:56.463326,1,413,8,11,B,0,1,53,286,347,20,38,479,522,30
2025-12-18T16:11:56.749301,1,414,11,5,A,0,1,53,286,347,20,,,,
2025-12-18T16:11:56.760163,1,414,5,11,B,0,1,53,286,347,20,63,0,1131,50
2025-12-18T16:11:56.785038,1,414,11,5,A,1,2,53,286,347,20,,,,
2025-12-18T16:11:56.785228,1,414,5,11,B,1,2,53,286,347,20,39,0,1105,20
2025-12-18T16:11:57.292672,1,415,11,12,A,0,1,53,286,347,20,,,,
2025-12-18T16:11:57.351705,1,415,12,11,B,0,1,53,286,347,20,19,0,1106,10
2025-12-18T16:11:57.812216,1,416,11,0,A,0,1,53,286,347,20,,,,
2025-12-18T16:11:57.856790,1,416,0,11,B,0,1,53,286,347,20,13,30,92,30
2025-12-18T16:11:58.124702,1,417,11,6,A,0,1,53,286,347,20,,,,
2025-12-18T16:11:58.132509,1,417,6,11,B,0,1,53,286,347,20,55,95,158,10
2025-12-18T16:11:58.451769,1,418,11,10,A,0,1,53,286,347,20,,,,
2025-12-18T16:11:58.469361,1,418,10,11,B,0,1,53,286,347,20,87,85,144,20
2025-12-18T16:11:58.820972,1,419,11,14,A,0,1,53,286,347,20,,,,
2025-12-18T16:11:58.844831,1,419,14,11,B,0,1,53,286,347,20,58,471,534,30
2025-12-18T16:11:59.106965,1,420,11,1,A,0,1,53,286,347,20,,,,
2025-12-18T16:11:59.113456,1,420,1,11,B,0,1,53,286,347,20,76,203,260,10
2025-12-18T16:11:59.375059,1,421,11,13,A,0,1,53,286,347,20,,,,
2025-12-18T16:11:59.381814,1,421,13,11,B,0,1,53,286,347,20,71,0,1088,20
2025-12-18T16:11:59.707050,1,422,12,5,A,0,1,30,0,1125,10,,,,
2025-12-18T16:11:59.720172,1,422,5,12,B,0,1,30,0,1125,10,63,0,1131,50
2025-12-18T16:11:59.745328,1,422,12,5,A,1,2,30,0,1125,10,,,,
2025-12-18T16:11:59.745529,1,422,5,12,B,1,2,30,0,1125,10,15,384,429,40
2025-12-18T16:12:00.298857,1,423,12,8,A,0,1,30,0,1125,10,,,,
2025-12-18T16:12:00.357183,1,423,8,12,B,0,1,30,0,1125,10,38,479,522,30
2025-12-18T16:12:00.858142,1,424,12,0,A,0,1,30,0,1125,10,,,,
2025-12-18T16:12:00.908478,1,424,0,12,B,0,1,30,0,1125,10,13,30,92,30
2025-12-18T16:12:01.284711,1,425,12,2,A,0,1,30,0,1125,10,,,,
2025-12-18T16:12:01.307750,1,425,2,12,B,0,1,30,0,1125,10,34,0,1113,20
2025-12-18T16:12:01.642432,1,426,12,9,A,0,1,30,0,1125,10,,,,
2025-12-18T16:12:01.657027,1,426,9,12,B,0,1,30,0,1125,10,67,12,77,10
2025-12-18T16:12:02.003559,1,427,12,4,A,0,1,30,0,1125,10,,,,
2025-12-18T16:12:02.020944,1,427,4,12,B,0,1,30,0,1125,10,92,368,441,20
2025-12-18T16:12:02.331951,1,428,12,6,A,0,1,30,0,1125,10,,,,
2025-12-18T16:12:02.342021,1,428,6,12,B,0,1,30,0,1125,10,55,95,158,10
2025-12-18T16:12:02.822529,1,429,12,7,A,0,1,30,0,1125,10,,,,
2025-12-18T16:12:02.864509,1,429,7,12,B,0,1,30,0,1125,10,8,255,324,20
2025-12-18T16:12:03.275717,1,430,12,3,A,0,1,30,0,1125,10,,,,
2025-12-18T16:12:03.306423,1,430,3,12,B,0,1,30,0,1125,10,84,458,523,20
2025-12-18T16:12:03.669996,1,431,12,10,A,0,1,30,0,1125,10,,,,
2025-12-18T16:12:03.689116,1,431,10,12,B,0,1,30,0,1125,10,87,85,144,20
2025-12-18T16:12:04.204217,1,432,12,11,A,0,1,30,0,1125,10,,,,
2025-12-18T16:12:04.250807,1,432,11,12,B,0,1,30,0,1125,10,53,286,347,20
2025-12-18T16:12:04.649752,1,433,12,14,A,0,1,30,0,1125,10,,,,
2025-12-18T16:12:04.676086,1,433,14,12,B,0,1,30,0,1125,10,58,471,534,30
2025-12-18T16:12:04.982744,1,434,12,1,A,0,1,30,0,1125,10,,,,
2025-12-18T16:12:04.991605,1,434,1,12,B,0,1,30,0,1125,10,76,203,260,10
2025-12-18T16:12:05.319016,1,435,12,5,A,0,1,75,0,1130,20,,,,
2025-12-18T16:12:05.332344,1,435,5,12,B,0,1,75,0,1130,20,63,0,1131,50
2025-12-18T16:12:05.358124,1,435,12,5,A,1,2,75,0,1130,20,,,,
2025-12-18T16:12:05.358329,1,435,5,12,B,1,2,75,0,1130,20,15,384,429,40
2025-12-18T16:12:05.910375,1,436,12,8,A,0,1,75,0,1130,20,,,,
2025-12-18T16:12:05.965283,1,436,8,12,B,0,1,75,0,1130,20,38,479,522,30
2025-12-18T16:12:06.467276,1,437,12,0,A,0,1,75,0,1130,20,,,,
2025-12-18T16:12:06.517242,1,437,0,12,B,0,1,75,0,1130,20,13,30,92,30
2025-12-18T16:12:06.888842,1,438,12,2,A,0,1,75,0,1130,20,,,,
2025-12-18T16:12:06.911602,1,438,2,12,B,0,1,75,0,1130,20,34,0,1113,20
2025-12-18T16:12:07.246616,1,439,12,9,A,0,1,75,0,1130,20,,,,
2025-12-18T16:12:07.261032,1,439,9,12,B,0,1,75,0,1130,20,67,12,77,10
2025-12-18T16:12:07.663604,1,440,12,3,A,0,1,75,0,1130,20,,,,
2025-12-18T16:12:07.694447,1,440,3,12,B,0,1,75,0,1130,20,84,458,523,20
2025-12-18T16:12:08.000756,1,441,12,13,A,0,1,75,0,1130,20,,,,
2025-12-18T16:12:08.010108,1,441,13,12,B,0,1,75,0,1130,20,71,0,1088,20
2025-12-18T16:12:08.371172,1,442,12,10,A,0,1,75,0,1130,20,,,,
2025-12-18T16:12:08.390376,1,442,10,12,B,0,1,75,0,1130,20,87,85,144,20
2025-12-18T16:12:08.892018,1,443,12,11,A,0,1,75,0,1130,20,,,,
2025-12-18T16:12:08.938983,1,443,11,12,B,0,1,75,0,1130,20,53,286,347,20
2025-12-18T16:12:09.338680,1,444,12,14,A,0,1,75,0,1130,20,,,,
2025-12-18T16:12:09.364724,1,444,14,12,B,0,1,75,0,1130,20,58,471,534,30
2025-12-18T16:12:09.670234,1,445,12,1,A,0,1,75,0,1130,20,,,,
2025-12-18T16:12:09.679052,1,445,1,12,B,0,1,75,0,1130,20,76,203,260,10
2025-12-18T16:12:10.007264,1,446,12,5,A,0,1,2,0,1125,30,,,,
2025-12-18T16:12:10.020281,1,446,5,12,B,0,1,2,0,1125,30,63,0,1131,50
2025-12-18T16:12:10.045151,1,446,12,5,A,1,2,2,0,1125,30,,,,
2025-12-18T16:12:10.045316,1,446,5,12,B,1,2,2,0,1125,30,15,384,429,40
2025-12-18T16:12:10.590821,1,447,12,8,A,0,1,2,0,1125,30,,,,
2025-12-18T16:12:10.648364,1,447,8,12,B,0,1,2,0,1125,30,38,479,522,30
2025-12-18T16:12:11.152303,1,448,12,0,A,0,1,2,0,1125,30,,,,
2025-12-18T16:12:11.201807,1,448,0,12,B,0,1,2,0,1125,30,13,30,92,30
2025-12-18T16:12:11.578617,1,449,12,2,A,0,1,2,0,1125,30,,,,
2025-12-18T16:12:11.601604,1,449,2,12,B,0,1,2,0,1125,30,34,0,1113,20
2025-12-18T16:12:11.934997,1,450,12,9,A,0,1,2,0,1125,30,,,,
2025-12-18T16:12:11.949343,1,450,9,12,B,0,1,2,0,1125,30,67,12,77,10
2025-12-18T16:12:12.357205,1,451,12,3,A,0,1,2,0,1125,30,,,,
2025-12-18T16:12:12.387802,1,451,3,12,B,0,1,2,0,1125,30,84,458,523,20
2025-12-18T16:12:12.696363,1,452,12,13,A,0,1,2,0,1125,30,,,,
2025-12-18T16:12:12.705633,1,452,13,12,B,0,1,2,0,1125,30,71,0,1088,20
2025-12-18T16:12:13.061549,1,453,12,10,A,0,1,2,0,1125,30,,,,
2025-12-18T16:12:13.081392,1,453,10,12,B,0,1,2,0,1125,30,87,85,144,20
2025-12-18T16:12:13.584127,1,454,12,11,A,0,1,2,0,1125,30,,,,
2025-12-18T16:12:13.630948,1,454,11,12,B,0,1,2,0,1125,30,53,286,347,20
2025-12-18T16:12:14.027521,1,455,12,14,A,0,1,2,0,1125,30,,,,
2025-12-18T16:12:14.053986,1,455,14,12,B,0,1,2,0,1125,30,58,471,534,30
2025-12-18T16:12:14.360386,1,456,12,1,A,0,1,2,0,1125,30,,,,
2025-12-18T16:12:14.369267,1,456,1,12,B,0,1,2,0,1125,30,76,203,260,10
2025-12-18T16:12:14.694482,1,457,12,5,A,0,1,14,0,1106,10,,,,
2025-12-18T16:12:14.707606,1,457,5,12,B,0,1,14,0,1106,10,63,0,1131,50
2025-12-18T16:12:14.732698,1,457,12,5,A,1,2,14,0,1106,10,,,,
2025-12-18T16:12:14.732863,1,457,5,12,B,1,2,14,0,1106,10,15,384,429,40
2025-12-18T16:12:15.294664,1,458,12,8,A,0,1,14,0,1106,10,,,,
2025-12-18T16:12:15.349637,1,458,8,12,B,0,1,14,0,1106,10,38,479,522,30
2025-12-18T16:12:15.845520,1,459,12,0,A,0,1,14,0,1106,10,,,,
2025-12-18T16:12:15.894932,1,459,0,12,B,0,1,14,0,1106,10,13,30,92,30
2025-12-18T16:12:16.270255,1,460,12,2,A,0,1,14,0,1106,10,,,,
2025-12-18T16:12:16.293161,1,460,2,12,B,0,1,14,0,1106,10,34,0,1113,20
2025-12-18T16:12:16.626076,1,461,12,9,A,0,1,14,0,1106,10,,,,
2025-12-18T16:12:16.640576,1,461,9,12,B,0,1,14,0,1106,10,67,12,77,10
2025-12-18T16:12:17.047809,1,462,12,3,A,0,1,14,0,1106,10,,,,
2025-12-18T16:12:17.078765,1,462,3,12,B,0,1,14,0,1106,10,84,458,523,20
2025-12-18T16:12:17.438318,1,463,12,10,A,0,1,14,0,1106,10,,,,
2025-12-18T16:12:17.458217,1,463,10,12,B,0,1,14,0,1106,10,87,85,144,20
2025-12-18T16:12:17.958765,1,464,12,11,A,0,1,14,0,1106,10,,,,
2025-12-18T16:12:18.003074,1,464,11,12,B,0,1,14,0,1106,10,53,286,347,20
2025-12-18T16:12:18.400632,1,465,12,14,A,0,1,14,0,1106,10,,,,
2025-12-18T16:12:18.426882,1,465,14,12,B,0,1,14,0,1106,10,58,471,534,30
2025-12-18T16:12:18.737519,1,466,12,1,A,0,1,14,0,1106,10,,,,
2025-12-18T16:12:18.746316,1,466,1,12,B,0,1,14,0,1106,10,76,203,260,10
2025-12-18T16:12:19.072941,1,467,12,5,A,0,1,16,0,1105,40,,,,
2025-12-18T16:12:19.086069,1,467,5,12,B,0,1,16,0,1105,40,63,0,1131,50
2025-12-18T16:12:19.111205,1,467,12,5,A,1,2,16,0,1105,40,,,,
2025-12-18T16:12:19.111359,1,467,5,12,B,1,2,16,0,1105,40,15,384,429,40
2025-12-18T16:12:19.656651,1,468,12,8,A,0,1,16,0,1105,40,,,,
2025-12-18T16:12:19.712288,1,468,8,12,B,0,1,16,0,1105,40,38,479,522,30
2025-12-18T16:12:20.215477,1,469,12,0,A,0,1,16,0,1105,40,,,,
2025-12-18T16:12:20.265038,1,469,0,12,B,0,1,16,0,1105,40,13,30,92,30
2025-12-18T16:12:20.653866,1,470,12,2,A,0,1,16,0,1105,40,,,,
2025-12-18T16:12:20.677817,1,470,2,12,B,0,1,16,0,1105,40,34,0,1113,20
2025-12-18T16:12:21.019008,1,471,12,9,A,0,1,16,0,1105,40,,,,
2025-12-18T16:12:21.033531,1,471,9,12,B,0,1,16,0,1105,40,67,12,77,10
2025-12-18T16:12:21.445336,1,472,12,3,A,0,1,16,0,1105,40,,,,
2025-12-18T16:12:21.475814,1,472,3,12,B,0,1,16,0,1105,40,84,458,523,20
2025-12-18T16:12:21.835695,1,473,12,10,A,0,1,16,0,1105,40,,,,
2025-12-18T16:12:21.855433,1,473,10,12,B,0,1,16,0,1105,40,87,85,144,20
2025-12-18T16:12:22.363517,1,474,12,11,A,0,1,16,0,1105,40,,,,
2025-12-18T16:12:22.408087,1,474,11,12,B,0,1,16,0,1105,40,53,286,347,20
2025-12-18T16:12:22.807057,1,475,12,14,A,0,1,16,0,1105,40,,,,
2025-12-18T16:12:22.833579,1,475,14,12,B,0,1,16,0,1105,40,58,471,534,30
2025-12-18T16:12:23.160666,1,476,12,1,A,0,1,16,0,1105,40,,,,
2025-12-18T16:12:23.169745,1,476,1,12,B,0,1,16,0,1105,40,76,203,260,10
2025-12-18T16:12:23.722777,1,477,12,8,A,0,1,80,0,1094,10,,,,
2025-12-18T16:12:23.779437,1,477,8,12,B,0,1,80,0,1094,10,38,479,522,30
2025-12-18T16:12:24.123030,1,478,12,9,A,0,1,80,0,1094,10,,,,
2025-12-18T16:12:24.138112,1,478,9,12,B,0,1,80,0,1094,10,67,12,77,10
2025-12-18T16:12:24.447834,1,479,12,6,A,0,1,80,0,1094,10,,,,
2025-12-18T16:12:24.457976,1,479,6,12,B,0,1,80,0,1094,10,55,95,158,10
2025-12-18T16:12:24.941875,1,480,12,7,A,0,1,80,0,1094,10,,,,
2025-12-18T16:12:24.984200,1,480,7,12,B,0,1,80,0,1094,10,8,255,324,20
2025-12-18T16:12:25.293431,1,481,12,13,A,0,1,80,0,1094,10,,,,
2025-12-18T16:12:25.302890,1,481,13,12,B,0,1,80,0,1094,10,71,0,1088,20
2025-12-18T16:12:25.611944,1,482,12,1,A,0,1,80,0,1094,10,,,,
2025-12-18T16:12:25.620996,1,482,1,12,B,0,1,80,0,1094,10,76,203,260,10
2025-12-18T16:12:25.954984,1,483,12,5,A,0,1,19,0,1106,10,,,,
2025-12-18T16:12:25.968225,1,483,5,12,B,0,1,19,0,1106,10,63,0,1131,50
2025-12-18T16:12:25.993596,1,483,12,5,A,1,2,19,0,1106,10,,,,
2025-12-18T16:12:25.993770,1,483,5,12,B,1,2,19,0,1106,10,15,384,429,40
2025-12-18T16:12:26.552204,1,484,12,8,A,0,1,19,0,1106,10,,,,
2025-12-18T16:12:26.607485,1,484,8,12,B,0,1,19,0,1106,10,38,479,522,30
2025-12-18T16:12:27.113943,1,485,12,0,A,0,1,19,0,1106,10,,,,
2025-12-18T16:12:27.164425,1,485,0,12,B,0,1,19,0,1106,10,13,30,92,30
2025-12-18T16:12:27.547583,1,486,12,2,A,0,1,19,0,1106,10,,,,
2025-12-18T16:12:27.570775,1,486,2,12,B,0,1,19,0,1106,10,34,0,1113,20
2025-12-18T16:12:27.935231,1,487,12,9,A,0,1,19,0,1106,10,,,,
2025-12-18T16:12:27.949742,1,487,9,12,B,0,1,19,0,1106,10,67,12,77,10
2025-12-18T16:12:28.368688,1,488,12,3,A,0,1,19,0,1106,10,,,,
2025-12-18T16:12:28.399584,1,488,3,12,B,0,1,19,0,1106,10,84,458,523,20
2025-12-18T16:12:28.784568,1,489,12,10,A,0,1,19,0,1106,10,,,,
2025-12-18T16:12:28.805275,1,489,10,12,B,0,1,19,0,1106,10,87,85,144,20
2025-12-18T16:12:29.331656,1,490,12,11,A,0,1,19,0,1106,10,,,,
2025-12-18T16:12:29.377403,1,490,11,12,B,0,1,19,0,1106,10,53,286,347,20
2025-12-18T16:12:29.850243,1,491,12,14,A,0,1,19,0,1106,10,,,,
2025-12-18T16:12:29.877919,1,491,14,12,B,0,1,19,0,1106,10,58,471,534,30
2025-12-18T16:12:30.191463,1,492,12,1,A,0,1,19,0,1106,10,,,,
2025-12-18T16:12:30.199711,1,492,1,12,B,0,1,19,0,1106,10,76,203,260,10
2025-12-18T16:12:30.599929,1,493,14,8,A,0,1,85,0,1116,30,,,,
2025-12-18T16:12:30.656510,1,493,8,14,B,0,1,85,0,1116,30,38,479,522,30
2025-12-18T16:12:31.043335,1,494,14,12,A,0,1,85,0,1116,30,,,,
2025-12-18T16:12:31.100146,1,494,12,14,B,0,1,85,0,1116,30,19,0,1106,10
2025-12-18T16:12:31.298466,1,495,14,9,A,0,1,85,0,1116,30,,,,
2025-12-18T16:12:31.314602,1,495,9,14,B,0,1,85,0,1116,30,67,12,77,10
2025-12-18T16:12:31.486094,1,496,14,6,A,0,1,85,0,1116,30,,,,
2025-12-18T16:12:31.497489,1,496,6,14,B,0,1,85,0,1116,30,55,95,158,10
2025-12-18T16:12:31.831320,1,497,14,7,A,0,1,85,0,1116,30,,,,
2025-12-18T16:12:31.873908,1,497,7,14,B,0,1,85,0,1116,30,8,255,324,20
2025-12-18T16:12:32.125664,1,498,14,3,A,0,1,85,0,1116,30,,,,
2025-12-18T16:12:32.158655,1,498,3,14,B,0,1,85,0,1116,30,84,458,523,20
2025-12-18T16:12:32.308905,1,499,14,13,A,0,1,85,0,1116,30,,,,
2025-12-18T16:12:32.318450,1,499,13,14,B,0,1,85,0,1116,30,71,0,1088,20
2025-12-18T16:12:32.524090,1,500,14,10,A,0,1,85,0,1116,30,,,,
2025-12-18T16:12:32.544717,1,500,10,14,B,0,1,85,0,1116,30,87,85,144,20
2025-12-18T16:12:32.893134,1,501,14,11,A,0,1,85,0,1116,30,,,,
2025-12-18T16:12:32.940513,1,501,11,14,B,0,1,85,0,1116,30,53,286,347,20
2025-12-18T16:12:33.095160,1,502,14,1,A,0,1,85,0,1116,30,,,,
2025-12-18T16:12:33.105482,1,502,1,14,B,0,1,85,0,1116,30,76,203,260,10
2025-12-18T16:12:33.500979,1,503,14,8,A,0,1,58,471,534,30,,,,
2025-12-18T16:12:33.572044,1,503,8,14,B,0,1,58,471,534,30,38,479,522,30
2025-12-18T16:12:33.937925,1,504,14,0,A,0,1,58,471,534,30,,,,
2025-12-18T16:12:33.987744,1,504,0,14,B,0,1,58,471,534,30,13,30,92,30
2025-12-18T16:12:34.212758,1,505,14,2,A,0,1,58,471,534,30,,,,
2025-12-18T16:12:34.235974,1,505,2,14,B,0,1,58,471,534,30,34,0,1113,20
2025-12-18T16:12:34.452744,1,506,14,9,A,0,1,58,471,534,30,,,,
2025-12-18T16:12:34.466416,1,506,9,14,B,0,1,58,471,534,30,67,12,77,10
2025-12-18T16:12:34.865634,1,507,14,7,A,0,1,58,471,534,30,,,,
2025-12-18T16:12:34.912603,1,507,7,14,B,0,1,58,471,534,30,8,255,324,20
2025-12-18T16:12:35.211625,1,508,14,3,A,0,1,58,471,534,30,,,,
2025-12-18T16:12:35.241869,1,508,3,14,B,0,1,58,471,534,30,84,458,523,20
2025-12-18T16:12:35.431946,1,509,14,6,A,0,1,58,471,534,30,,,,
2025-12-18T16:12:35.440565,1,509,6,14,B,0,1,58,471,534,30,55,95,158,10
2025-12-18T16:12:35.991319,1,510,14,11,A,0,1,58,471,534,30,,,,
2025-12-18T16:12:36.042270,1,510,11,14,B,0,1,58,471,534,30,53,286,347,20
2025-12-18T16:12:36.272503,1,511,14,10,A,0,1,58,471,534,30,,,,
2025-12-18T16:12:36.290896,1,511,10,14,B,0,1,58,471,534,30,87,85,144,20
2025-12-18T16:12:36.476286,1,512,14,13,A,0,1,58,471,534,30,,,,
2025-12-18T16:12:36.484030,1,512,13,14,B,0,1,58,471,534,30,71,0,1088,20
2025-12-18T16:12:36.644550,1,513,14,1,A,0,1,58,471,534,30,,,,
2025-12-18T16:12:36.651724,1,513,1,14,B,0,1,58,471,534,30,76,203,260,10
2025-12-18T16:12:36.835955,1,514,14,5,A,0,1,100,647,726,20,,,,
2025-12-18T16:12:36.847312,1,514,5,14,B,0,1,100,647,726,20,63,0,1131,50
2025-12-18T16:12:37.203683,1,515,14,0,A,0,1,100,647,726,20,,,,
2025-12-18T16:12:37.253079,1,515,0,14,B,0,1,100,647,726,20,13,30,92,30
2025-12-18T16:12:37.644358,1,516,14,12,A,0,1,100,647,726,20,,,,
2025-12-18T16:12:37.700469,1,516,12,14,B,0,1,100,647,726,20,19,0,1106,10
2025-12-18T16:12:37.881035,1,517,14,9,A,0,1,100,647,726,20,,,,
2025-12-18T16:12:37.894279,1,517,9,14,B,0,1,100,647,726,20,67,12,77,10
2025-12-18T16:12:38.095708,1,518,14,4,A,0,1,100,647,726,20,,,,
2025-12-18T16:12:38.112504,1,518,4,14,B,0,1,100,647,726,20,92,368,441,20
2025-12-18T16:12:38.370168,1,519,14,3,A,0,1,100,647,726,20,,,,
2025-12-18T16:12:38.412723,1,519,3,14,B,0,1,100,647,726,20,84,458,523,20
2025-12-18T16:12:38.790586,1,520,14,7,A,0,1,100,647,726,20,,,,
2025-12-18T16:12:38.835793,1,520,7,14,B,0,1,100,647,726,20,8,255,324,20
2025-12-18T16:12:38.992536,1,521,14,6,A,0,1,100,647,726,20,,,,
2025-12-18T16:12:39.000454,1,521,6,14,B,0,1,100,647,726,20,55,95,158,10
2025-12-18T16:12:39.345618,1,522,14,11,A,0,1,100,647,726,20,,,,
2025-12-18T16:12:39.390805,1,522,11,14,B,0,1,100,647,726,20,53,286,347,20
2025-12-18T16:12:39.537636,1,523,14,13,A,0,1,100,647,726,20,,,,
2025-12-18T16:12:39.544638,1,523,13,14,B,0,1,100,647,726,20,71,0,1088,20
2025-12-18T16:12:39.692988,1,524,14,1,A,0,1,100,647,726,20,,,,
2025-12-18T16:12:39.699619,1,524,1,14,B,0,1,100,647,726,20,76,203,260,10
2025-12-18T16:13:06.847617,2,0,0,5,A,0,1,89,0,1121,10,,,,
2025-12-18T16:13:06.859118,2,0,5,0,B,0,1,89,0,1121,10,8,255,324,20
2025-12-18T16:13:07.624532,2,1,0,8,A,0,1,89,0,1121,10,,,,
2025-12-18T16:13:07.682998,2,1,8,0,B,0,1,89,0,1121,10,57,0,1111,40
2025-12-18T16:13:08.082831,2,2,0,9,A,0,1,89,0,1121,10,,,,
2025-12-18T16:13:08.101076,2,2,9,0,B,0,1,89,0,1121,10,18,0,1110,20
2025-12-18T16:13:08.522465,2,3,0,2,A,0,1,89,0,1121,10,,,,
2025-12-18T16:13:08.542802,2,3,2,0,B,0,1,89,0,1121,10,67,12,77,10
2025-12-18T16:13:08.884490,2,4,0,4,A,0,1,89,0,1121,10,,,,
2025-12-18T16:13:08.898183,2,4,4,0,B,0,1,89,0,1121,10,25,169,224,40
2025-12-18T16:13:09.585529,2,5,0,7,A,0,1,89,0,1121,10,,,,
2025-12-18T16:13:09.632762,2,5,7,0,B,0,1,89,0,1121,10,44,359,412,10
2025-12-18T16:13:10.095431,2,6,0,3,A,0,1,89,0,1121,10,,,,
2025-12-18T16:13:10.122425,2,6,3,0,B,0,1,89,0,1121,10,84,458,523,20
2025-12-18T16:13:10.420731,2,7,0,6,A,0,1,89,0,1121,10,,,,
2025-12-18T16:13:10.430967,2,7,6,0,B,0,1,89,0,1121,10,55,95,158,10
2025-12-18T16:13:10.889159,2,8,0,10,A,0,1,89,0,1121,10,,,,
2025-12-18T16:13:10.913027,2,8,10,0,B,0,1,89,0,1121,10,77,574,643,10
2025-12-18T16:13:11.208224,2,9,0,13,A,0,1,89,0,1121,10,,,,
2025-12-18T16:13:11.214827,2,9,13,0,B,0,1,89,0,1121,10,87,85,144,20
2025-12-18T16:13:11.855797,2,10,0,11,A,0,1,89,0,1121,10,,,,
2025-12-18T16:13:11.897844,2,10,11,0,B,0,1,89,0,1121,10,13,30,92,30
2025-12-18T16:13:12.420608,2,11,0,14,A,0,1,89,0,1121,10,,,,
2025-12-18T16:13:12.450931,2,11,14,0,B,0,1,89,0,1121,10,100,647,726,20
2025-12-18T16:13:12.782266,2,12,0,1,A,0,1,89,0,1121,10,,,,
2025-12-18T16:13:12.794148,2,12,1,0,B,0,1,89,0,1121,10,43,0,1129,10
2025-12-18T16:13:13.093807,2,13,0,5,A,0,1,72,0,1122,10,,,,
2025-12-18T16:13:13.104136,2,13,5,0,B,0,1,72,0,1122,10,8,255,324,20
2025-12-18T16:13:13.438370,2,14,0,9,A,0,1,72,0,1122,10,,,,
2025-12-18T16:13:13.456312,2,14,9,0,B,0,1,72,0,1122,10,18,0,1110,20
2025-12-18T16:13:13.802433,2,15,0,2,A,0,1,72,0,1122,10,,,,
2025-12-18T16:13:13.821466,2,15,2,0,B,0,1,72,0,1122,10,67,12,77,10
2025-12-18T16:13:14.125128,2,16,0,4,A,0,1,72,0,1122,10,,,,
2025-12-18T16:13:14.139930,2,16,4,0,B,0,1,72,0,1122,10,25,169,224,40
2025-12-18T16:13:14.629125,2,17,0,7,A,0,1,72,0,1122,10,,,,
2025-12-18T16:13:14.676160,2,17,7,0,B,0,1,72,0,1122,10,44,359,412,10
2025-12-18T16:13:15.045338,2,18,0,3,A,0,1,72,0,1122,10,,,,
2025-12-18T16:13:15.071773,2,18,3,0,B,0,1,72,0,1122,10,84,458,523,20
2025-12-18T16:13:15.368526,2,19,0,6,A,0,1,72,0,1122,10,,,,
2025-12-18T16:13:15.379272,2,19,6,0,B,0,1,72,0,1122,10,55,95,158,10
2025-12-18T16:13:15.741773,2,20,0,10,A,0,1,72,0,1122,10,,,,
2025-12-18T16:13:15.765037,2,20,10,0,B,0,1,72,0,1122,10,77,574,643,10
2025-12-18T16:13:16.043835,2,21,0,13,A,0,1,72,0,1122,10,,,,
2025-12-18T16:13:16.050120,2,21,13,0,B,0,1,72,0,1122,10,87,85,144,20
2025-12-18T16:13:16.449954,2,22,0,14,A,0,1,72,0,1122,10,,,,
2025-12-18T16:13:16.480213,2,22,14,0,B,0,1,72,0,1122,10,100,647,726,20
2025-12-18T16:13:16.782888,2,23,0,1,A,0,1,72,0,1122,10,,,,
2025-12-18T16:13:16.794252,2,23,1,0,B,0,1,72,0,1122,10,43,0,1129,10
2025-12-18T16:13:17.089863,2,24,0,5,A,0,1,40,0,1125,10,,,,
2025-12-18T16:13:17.101004,2,24,5,0,B,0,1,40,0,1125,10,8,255,324,20
2025-12-18T16:13:17.462960,2,25,0,9,A,0,1,40,0,1125,10,,,,
2025-12-18T16:13:17.481412,2,25,9,0,B,0,1,40,0,1125,10,18,0,1110,20
2025-12-18T16:13:17.832706,2,26,0,2,A,0,1,40,0,1125,10,,,,
2025-12-18T16:13:17.852314,2,26,2,0,B,0,1,40,0,1125,10,67,12,77,10
2025-12-18T16:13:18.156264,2,27,0,4,A,0,1,40,0,1125,10,,,,
2025-12-18T16:13:18.171088,2,27,4,0,B,0,1,40,0,1125,10,25,169,224,40
2025-12-18T16:13:18.674145,2,28,0,7,A,0,1,40,0,1125,10,,,,
2025-12-18T16:13:18.721232,2,28,7,0,B,0,1,40,0,1125,10,44,359,412,10
2025-12-18T16:13:19.092982,2,29,0,3,A,0,1,40,0,1125,10,,,,
2025-12-18T16:13:19.119410,2,29,3,0,B,0,1,40,0,1125,10,84,458,523,20
2025-12-18T16:13:19.417735,2,30,0,6,A,0,1,40,0,1125,10,,,,
2025-12-18T16:13:19.428230,2,30,6,0,B,0,1,40,0,1125,10,55,95,158,10
2025-12-18T16:13:19.791544,2,31,0,10,A,0,1,40,0,1125,10,,,,
2025-12-18T16:13:19.814264,2,31,10,0,B,0,1,40,0,1125,10,77,574,643,10
2025-12-18T16:13:20.097798,2,32,0,13,A,0,1,40,0,1125,10,,,,
2025-12-18T16:13:20.104313,2,32,13,0,B,0,1,40,0,1125,10,87,85,144,20
2025-12-18T16:13:20.506137,2,33,0,14,A,0,1,40,0,1125,10,,,,
2025-12-18T16:13:20.536957,2,33,14,0,B,0,1,40,0,1125,10,100,647,726,20
2025-12-18T16:13:20.844496,2,34,0,1,A,0,1,40,0,1125,10,,,,
2025-12-18T16:13:20.856605,2,34,1,0,B,0,1,40,0,1125,10,43,0,1129,10
2025-12-18T16:13:21.397819,2,35,0,8,A,0,1,62,262,317,20,,,,
2025-12-18T16:13:21.454653,2,35,8,0,B,0,1,62,262,317,20,57,0,1111,40
2025-12-18T16:13:21.761745,2,36,0,5,A,0,1,62,262,317,20,,,,
2025-12-18T16:13:21.769277,2,36,5,0,B,0,1,62,262,317,20,8,255,324,20
2025-12-18T16:13:22.537518,2,37,0,12,A,0,1,62,262,317,20,,,,
2025-12-18T16:13:22.594373,2,37,12,0,B,0,1,62,262,317,20,38,479,522,30
2025-12-18T16:13:22.971917,2,38,0,2,A,0,1,62,262,317,20,,,,
2025-12-18T16:13:22.991267,2,38,2,0,B,0,1,62,262,317,20,67,12,77,10
2025-12-18T16:13:23.381099,2,39,0,9,A,0,1,62,262,317,20,,,,
2025-12-18T16:13:23.400671,2,39,9,0,B,0,1,62,262,317,20,18,0,1110,20
2025-12-18T16:13:23.740778,2,40,0,4,A,0,1,62,262,317,20,,,,
2025-12-18T16:13:23.752094,2,40,4,0,B,0,1,62,262,317,20,25,169,224,40
2025-12-18T16:13:24.242190,2,41,0,7,A,0,1,62,262,317,20,,,,
2025-12-18T16:13:24.287072,2,41,7,0,B,0,1,62,262,317,20,44,359,412,10
2025-12-18T16:13:24.660085,2,42,0,3,A,0,1,62,262,317,20,,,,
2025-12-18T16:13:24.682370,2,42,3,0,B,0,1,62,262,317,20,84,458,523,20
2025-12-18T16:13:24.984926,2,43,0,6,A,0,1,62,262,317,20,,,,
2025-12-18T16:13:24.992566,2,43,6,0,B,0,1,62,262,317,20,55,95,158,10
2025-12-18T16:13:25.457712,2,44,0,11,A,0,1,62,262,317,20,,,,
2025-12-18T16:13:25.498497,2,44,11,0,B,0,1,62,262,317,20,13,30,92,30
2025-12-18T16:13:25.861573,2,45,0,10,A,0,1,62,262,317,20,,,,
2025-12-18T16:13:25.882648,2,45,10,0,B,0,1,62,262,317,20,77,574,643,10
2025-12-18T16:13:26.284783,2,46,0,14,A,0,1,62,262,317,20,,,,
2025-12-18T16:13:26.311220,2,46,14,0,B,0,1,62,262,317,20,100,647,726,20
2025-12-18T16:13:26.610548,2,47,0,1,A,0,1,62,262,317,20,,,,
2025-12-18T16:13:26.620058,2,47,1,0,B,0,1,62,262,317,20,43,0,1129,10
2025-12-18T16:13:26.914855,2,48,0,13,A,0,1,62,262,317,20,,,,
2025-12-18T16:13:26.919398,2,48,13,0,B,0,1,62,262,317,20,87,85,144,20
2025-12-18T16:13:27.041703,2,49,2,13,A,0,1,93,0,1102,40,,,,
2025-12-18T16:13:27.048409,2,49,13,2,B,0,1,93,0,1102,40,87,85,144,20
2025-12-18T16:13:27.187973,2,50,2,4,A,0,1,93,0,1102,40,,,,
2025-12-18T16:13:27.202620,2,50,4,2,B,0,1,93,0,1102,40,25,169,224,40
2025-12-18T16:13:27.318746,2,51,2,6,A,0,1,93,0,1102,40,,,,
2025-12-18T16:13:27.330125,2,51,6,2,B,0,1,93,0,1102,40,55,95,158,10
2025-12-18T16:13:27.455421,2,52,2,5,A,0,1,95,0,1108,30,,,,
2025-12-18T16:13:27.465777,2,52,5,2,B,0,1,95,0,1108,30,8,255,324,20
2025-12-18T16:13:27.824805,2,53,2,8,A,0,1,95,0,1108,30,,,,
2025-12-18T16:13:27.880583,2,53,8,2,B,0,1,95,0,1108,30,57,0,1111,40
2025-12-18T16:13:28.219400,2,54,2,0,A,0,1,95,0,1108,30,,,,
2025-12-18T16:13:28.276310,2,54,0,2,B,0,1,95,0,1108,30,62,262,317,20
2025-12-18T16:13:28.403379,2,55,2,4,A,0,1,95,0,1108,30,,,,
2025-12-18T16:13:28.416920,2,55,4,2,B,0,1,95,0,1108,30,25,169,224,40
2025-12-18T16:13:28.604648,2,56,2,3,A,0,1,95,0,1108,30,,,,
2025-12-18T16:13:28.631379,2,56,3,2,B,0,1,95,0,1108,30,84,458,523,20
2025-12-18T16:13:28.745238,2,57,2,6,A,0,1,95,0,1108,30,,,,
2025-12-18T16:13:28.755273,2,57,6,2,B,0,1,95,0,1108,30,55,95,158,10
2025-12-18T16:13:28.850812,2,58,2,13,A,0,1,95,0,1108,30,,,,
2025-12-18T16:13:28.857116,2,58,13,2,B,0,1,95,0,1108,30,87,85,144,20
2025-12-18T16:13:29.176425,2,59,2,11,A,0,1,95,0,1108,30,,,,
2025-12-18T16:13:29.222508,2,59,11,2,B,0,1,95,0,1108,30,13,30,92,30
2025-12-18T16:13:29.475594,2,60,2,14,A,0,1,95,0,1108,30,,,,
2025-12-18T16:13:29.505754,2,60,14,2,B,0,1,95,0,1108,30,100,647,726,20
2025-12-18T16:13:29.621464,2,61,2,1,A,0,1,95,0,1108,30,,,,
2025-12-18T16:13:29.633139,2,61,1,2,B,0,1,95,0,1108,30,43,0,1129,10
2025-12-18T16:13:29.752736,2,62,2,5,A,0,1,67,12,77,10,,,,
2025-12-18T16:13:29.759414,2,62,5,2,B,0,1,67,12,77,10,8,255,324,20
2025-12-18T16:13:30.111421,2,63,2,8,A,0,1,67,12,77,10,,,,
2025-12-18T16:13:30.140975,2,63,8,2,B,0,1,67,12,77,10,57,0,1111,40
2025-12-18T16:13:30.475565,2,64,2,0,A,0,1,67,12,77,10,,,,
2025-12-18T16:13:30.502731,2,64,0,2,B,0,1,67,12,77,10,62,262,317,20
2025-12-18T16:13:30.851839,2,65,2,12,A,0,1,67,12,77,10,,,,
2025-12-18T16:13:30.881513,2,65,12,2,B,0,1,67,12,77,10,38,479,522,30
2025-12-18T16:13:31.033495,2,66,2,9,A,0,1,67,12,77,10,,,,
2025-12-18T16:13:31.045460,2,66,9,2,B,0,1,67,12,77,10,18,0,1110,20
2025-12-18T16:13:31.171960,2,67,2,4,A,0,1,67,12,77,10,,,,
2025-12-18T16:13:31.179526,2,67,4,2,B,0,1,67,12,77,10,25,169,224,40
2025-12-18T16:13:31.485173,2,68,2,7,A,0,1,67,12,77,10,,,,
2025-12-18T16:13:31.509929,2,68,7,2,B,0,1,67,12,77,10,44,359,412,10
2025-12-18T16:13:31.695699,2,69,2,3,A,0,1,67,12,77,10,,,,
2025-12-18T16:13:31.709475,2,69,3,2,B,0,1,67,12,77,10,84,458,523,20
2025-12-18T16:13:31.824800,2,70,2,6,A,0,1,67,12,77,10,,,,
2025-12-18T16:13:31.831734,2,70,6,2,B,0,1,67,12,77,10,55,95,158,10
2025-12-18T16:13:32.029034,2,71,2,10,A,0,1,67,12,77,10,,,,
2025-12-18T16:13:32.045274,2,71,10,2,B,0,1,67,12,77,10,77,574,643,10
2025-12-18T16:13:32.153609,2,72,2,13,A,0,1,67,12,77,10,,,,
2025-12-18T16:13:32.157905,2,72,13,2,B,0,1,67,12,77,10,87,85,144,20
2025-12-18T16:13:32.469068,2,73,2,11,A,0,1,67,12,77,10,,,,
2025-12-18T16:13:32.492678,2,73,11,2,B,0,1,67,12,77,10,13,30,92,30
2025-12-18T16:13:32.727044,2,74,2,14,A,0,1,67,12,77,10,,,,
2025-12-18T16:13:32.751031,2,74,14,2,B,0,1,67,12,77,10,100,647,726,20
2025-12-18T16:13:32.873603,2,75,2,1,A,0,1,67,12,77,10,,,,
2025-12-18T16:13:32.883119,2,75,1,2,B,0,1,67,12,77,10,43,0,1129,10
2025-12-18T16:13:33.265953,2,76,2,8,A,0,1,4,727,782,10,,,,
2025-12-18T16:13:33.325864,2,76,8,2,B,0,1,4,727,782,10,57,0,1111,40
2025-12-18T16:13:33.451987,2,77,2,5,A,0,1,4,727,782,10,,,,
2025-12-18T16:13:33.460143,2,77,5,2,B,0,1,4,727,782,10,8,255,324,20
2025-12-18T16:13:33.823286,2,78,2,12,A,0,1,4,727,782,10,,,,
2025-12-18T16:13:33.881879,2,78,12,2,B,0,1,4,727,782,10,38,479,522,30
2025-12-18T16:13:34.232742,2,79,2,0,A,0,1,4,727,782,10,,,,
2025-12-18T16:13:34.288870,2,79,0,2,B,0,1,4,727,782,10,62,262,317,20
2025-12-18T16:13:34.453589,2,80,2,9,A,0,1,4,727,782,10,,,,
2025-12-18T16:13:34.471157,2,80,9,2,B,0,1,4,727,782,10,18,0,1110,20
2025-12-18T16:13:34.613370,2,81,2,4,A,0,1,4,727,782,10,,,,
2025-12-18T16:13:34.626073,2,81,4,2,B,0,1,4,727,782,10,25,169,224,40
2025-12-18T16:13:34.953095,2,82,2,7,A,0,1,4,727,782,10,,,,
2025-12-18T16:13:34.999929,2,82,7,2,B,0,1,4,727,782,10,44,359,412,10
2025-12-18T16:13:35.205743,2,83,2,3,A,0,1,4,727,782,10,,,,
2025-12-18T16:13:35.230397,2,83,3,2,B,0,1,4,727,782,10,84,458,523,20
2025-12-18T16:13:35.356691,2,84,2,6,A,0,1,4,727,782,10,,,,
2025-12-18T16:13:35.365282,2,84,6,2,B,0,1,4,727,782,10,55,95,158,10
2025-12-18T16:13:35.563331,2,85,2,10,A,0,1,4,727,782,10,,,,
2025-12-18T16:13:35.584771,2,85,10,2,B,0,1,4,727,782,10,77,574,643,10
2025-12-18T16:13:35.884527,2,86,2,11,A,0,1,4,727,782,10,,,,
2025-12-18T16:13:35.926082,2,86,11,2,B,0,1,4,727,782,10,13,30,92,30
2025-12-18T16:13:36.147936,2,87,2,14,A,0,1,4,727,782,10,,,,
2025-12-18T16:13:36.176060,2,87,14,2,B,0,1,4,727,782,10,100,647,726,20
2025-12-18T16:13:36.275567,2,88,2,13,A,0,1,4,727,782,10,,,,
2025-12-18T16:13:36.279751,2,88,13,2,B,0,1,4,727,782,10,87,85,144,20
2025-12-18T16:13:36.419671,2,89,3,5,A,0,1,33,0,1112,40,,,,
2025-12-18T16:13:36.429922,2,89,5,3,B,0,1,33,0,1112,40,8,255,324,20
2025-12-18T16:13:36.814995,2,90,3,8,A,0,1,33,0,1112,40,,,,
2025-12-18T16:13:36.871506,2,90,8,3,B,0,1,33,0,1112,40,57,0,1111,40
2025-12-18T16:13:37.240585,2,91,3,0,A,0,1,33,0,1112,40,,,,
2025-12-18T16:13:37.296927,2,91,0,3,B,0,1,33,0,1112,40,62,262,317,20
2025-12-18T16:13:37.488500,2,92,3,2,A,0,1,33,0,1112,40,,,,
2025-12-18T16:13:37.508119,2,92,2,3,B,0,1,33,0,1112,40,67,12,77,10
2025-12-18T16:13:37.656608,2,93,3,4,A,0,1,33,0,1112,40,,,,
2025-12-18T16:13:37.669040,2,93,4,3,B,0,1,33,0,1112,40,25,169,224,40
2025-12-18T16:13:38.001333,2,94,3,7,A,0,1,33,0,1112,40,,,,
2025-12-18T16:13:38.048712,2,94,7,3,B,0,1,33,0,1112,40,44,359,412,10
2025-12-18T16:13:38.256394,2,95,3,10,A,0,1,33,0,1112,40,,,,
2025-12-18T16:13:38.279576,2,95,10,3,B,0,1,33,0,1112,40,77,574,643,10
2025-12-18T16:13:38.586694,2,96,3,11,A,0,1,33,0,1112,40,,,,
2025-12-18T16:13:38.632972,2,96,11,3,B,0,1,33,0,1112,40,13,30,92,30
2025-12-18T16:13:38.877234,2,97,3,14,A,0,1,33,0,1112,40,,,,
2025-12-18T16:13:38.907623,2,97,14,3,B,0,1,33,0,1112,40,100,647,726,20
2025-12-18T16:13:39.049954,2,98,3,1,A,0,1,33,0,1112,40,,,,
2025-12-18T16:13:39.061936,2,98,1,3,B,0,1,33,0,1112,40,43,0,1129,10
2025-12-18T16:13:39.241996,2,99,3,9,A,0,1,82,0,1110,20,,,,
2025-12-18T16:13:39.259933,2,99,9,3,B,0,1,82,0,1110,20,18,0,1110,20
2025-12-18T16:13:39.481600,2,100,3,2,A,0,1,82,0,1110,20,,,,
2025-12-18T16:13:39.502350,2,100,2,3,B,0,1,82,0,1110,20,67,12,77,10
2025-12-18T16:13:39.675220,2,101,3,4,A,0,1,82,0,1110,20,,,,
2025-12-18T16:13:39.689773,2,101,4,3,B,0,1,82,0,1110,20,25,169,224,40
2025-12-18T16:13:40.024522,2,102,3,7,A,0,1,82,0,1110,20,,,,
2025-12-18T16:13:40.071962,2,102,7,3,B,0,1,82,0,1110,20,44,359,412,10
2025-12-18T16:13:40.212946,2,103,3,6,A,0,1,82,0,1110,20,,,,
2025-12-18T16:13:40.222747,2,103,6,3,B,0,1,82,0,1110,20,55,95,158,10
2025-12-18T16:13:40.428882,2,104,3,10,A,0,1,82,0,1110,20,,,,
2025-12-18T16:13:40.452176,2,104,10,3,B,0,1,82,0,1110,20,77,574,643,10
2025-12-18T16:13:40.575714,2,105,3,13,A,0,1,82,0,1110,20,,,,
2025-12-18T16:13:40.582370,2,105,13,3,B,0,1,82,0,1110,20,87,85,144,20
2025-12-18T16:13:40.971072,2,106,3,8,A,0,1,58,471,534,30,,,,
2025-12-18T16:13:41.028344,2,106,8,3,B,0,1,58,471,534,30,57,0,1111,40
2025-12-18T16:13:41.397944,2,107,3,0,A,0,1,58,471,534,30,,,,
2025-12-18T16:13:41.451799,2,107,0,3,B,0,1,58,471,534,30,62,262,317,20
2025-12-18T16:13:41.889508,2,108,3,12,A,0,1,58,471,534,30,,,,
2025-12-18T16:13:41.958293,2,108,12,3,B,0,1,58,471,534,30,38,479,522,30
2025-12-18T16:13:42.115262,2,109,3,4,A,0,1,58,471,534,30,,,,
2025-12-18T16:13:42.124559,2,109,4,3,B,0,1,58,471,534,30,25,169,224,40
2025-12-18T16:13:42.330792,2,110,3,10,A,0,1,58,471,534,30,,,,
2025-12-18T16:13:42.351755,2,110,10,3,B,0,1,58,471,534,30,77,574,643,10
2025-12-18T16:13:42.660994,2,111,3,11,A,0,1,58,471,534,30,,,,
2025-12-18T16:13:42.701041,2,111,11,3,B,0,1,58,471,534,30,13,30,92,30
2025-12-18T16:13:42.825018,2,112,3,13,A,0,1,58,471,534,30,,,,
2025-12-18T16:13:42.829201,2,112,13,3,B,0,1,58,471,534,30,87,85,144,20
2025-12-18T16:13:43.088822,2,113,3,14,A,0,1,58,471,534,30,,,,
2025-12-18T16:13:43.117153,2,113,14,3,B,0,1,58,471,534,30,100,647,726,20
2025-12-18T16:13:43.263646,2,114,3,1,A,0,1,58,471,534,30,,,,
2025-12-18T16:13:43.272865,2,114,1,3,B,0,1,58,471,534,30,43,0,1129,10
2025-12-18T16:13:43.656457,2,115,3,8,A,0,1,84,458,523,20,,,,
2025-12-18T16:13:43.713552,2,115,8,3,B,0,1,84,458,523,20,57,0,1111,40
2025-12-18T16:13:44.091911,2,116,3,0,A,0,1,84,458,523,20,,,,
2025-12-18T16:13:44.147664,2,116,0,3,B,0,1,84,458,523,20,62,262,317,20
2025-12-18T16:13:44.347705,2,117,3,2,A,0,1,84,458,523,20,,,,
2025-12-18T16:13:44.365750,2,117,2,3,B,0,1,84,458,523,20,67,12,77,10
2025-12-18T16:13:44.546157,2,118,3,9,A,0,1,84,458,523,20,,,,
2025-12-18T16:13:44.562573,2,118,9,3,B,0,1,84,458,523,20,18,0,1110,20
2025-12-18T16:13:44.746174,2,119,3,4,A,0,1,84,458,523,20,,,,
2025-12-18T16:13:44.757429,2,119,4,3,B,0,1,84,458,523,20,25,169,224,40
2025-12-18T16:13:44.903126,2,120,3,6,A,0,1,84,458,523,20,,,,
2025-12-18T16:13:44.911457,2,120,6,3,B,0,1,84,458,523,20,55,95,158,10
2025-12-18T16:13:45.252554,2,121,3,7,A,0,1,84,458,523,20,,,,
2025-12-18T16:13:45.297828,2,121,7,3,B,0,1,84,458,523,20,44,359,412,10
2025-12-18T16:13:45.610143,2,122,3,11,A,0,1,84,458,523,20,,,,
2025-12-18T16:13:45.650671,2,122,11,3,B,0,1,84,458,523,20,13,30,92,30
2025-12-18T16:13:45.775936,2,123,3,13,A,0,1,84,458,523,20,,,,
2025-12-18T16:13:45.780056,2,123,13,3,B,0,1,84,458,523,20,87,85,144,20
2025-12-18T16:13:45.940698,2,124,3,1,A,0,1,84,458,523,20,,,,
2025-12-18T16:13:45.950294,2,124,1,3,B,0,1,84,458,523,20,43,0,1129,10
2025-12-18T16:13:46.345225,2,125,3,8,A,0,1,69,916,969,10,,,,
2025-12-18T16:13:46.402159,2,125,8,3,B,0,1,69,916,969,10,57,0,1111,40
2025-12-18T16:13:46.545530,2,126,3,5,A,0,1,69,916,969,10,,,,
2025-12-18T16:13:46.553290,2,126,5,3,B,0,1,69,916,969,10,8,255,324,20
2025-12-18T16:13:46.909890,2,127,3,0,A,0,1,69,916,969,10,,,,
2025-12-18T16:13:46.963773,2,127,0,3,B,0,1,69,916,969,10,62,262,317,20
2025-12-18T16:13:47.343770,2,128,3,12,A,0,1,69,916,969,10,,,,
2025-12-18T16:13:47.399299,2,128,12,3,B,0,1,69,916,969,10,38,479,522,30
2025-12-18T16:13:47.590157,2,129,3,2,A,0,1,69,916,969,10,,,,
2025-12-18T16:13:47.607728,2,129,2,3,B,0,1,69,916,969,10,67,12,77,10
2025-12-18T16:13:47.761344,2,130,3,4,A,0,1,69,916,969,10,,,,
2025-12-18T16:13:47.774294,2,130,4,3,B,0,1,69,916,969,10,25,169,224,40
2025-12-18T16:13:48.111909,2,131,3,7,A,0,1,69,916,969,10,,,,
2025-12-18T16:13:48.160470,2,131,7,3,B,0,1,69,916,969,10,44,359,412,10
2025-12-18T16:13:48.307085,2,132,3,6,A,0,1,69,916,969,10,,,,
2025-12-18T16:13:48.315338,2,132,6,3,B,0,1,69,916,969,10,55,95,158,10
2025-12-18T16:13:48.622291,2,133,3,11,A,0,1,69,916,969,10,,,,
2025-12-18T16:13:48.663663,2,133,11,3,B,0,1,69,916,969,10,13,30,92,30
2025-12-18T16:13:48.919042,2,134,3,14,A,0,1,69,916,969,10,,,,
2025-12-18T16:13:48.947365,2,134,14,3,B,0,1,69,916,969,10,100,647,726,20
2025-12-18T16:13:49.071319,2,135,3,13,A,0,1,69,916,969,10,,,,
2025-12-18T16:13:49.075600,2,135,13,3,B,0,1,69,916,969,10,87,85,144,20
2025-12-18T16:13:49.155949,2,136,4,5,A,0,1,76,203,260,10,,,,
2025-12-18T16:13:49.163094,2,136,5,4,B,0,1,76,203,260,10,8,255,324,20
2025-12-18T16:13:49.502523,2,137,4,12,A,0,1,76,203,260,10,,,,
2025-12-18T16:13:49.559823,2,137,12,4,B,0,1,76,203,260,10,38,479,522,30
2025-12-18T16:13:49.686189,2,138,4,2,A,0,1,76,203,260,10,,,,
2025-12-18T16:13:49.703754,2,138,2,4,B,0,1,76,203,260,10,67,12,77,10
2025-12-18T16:13:49.811568,2,139,4,9,A,0,1,76,203,260,10,,,,
2025-12-18T16:13:49.826679,2,139,9,4,B,0,1,76,203,260,10,18,0,1110,20
2025-12-18T16:13:50.098152,2,140,4,7,A,0,1,76,203,260,10,,,,
2025-12-18T16:13:50.144111,2,140,7,4,B,0,1,76,203,260,10,44,359,412,10
2025-12-18T16:13:50.290615,2,141,4,3,A,0,1,76,203,260,10,,,,
2025-12-18T16:13:50.314344,2,141,3,4,B,0,1,76,203,260,10,84,458,523,20
2025-12-18T16:13:50.389018,2,142,4,6,A,0,1,76,203,260,10,,,,
2025-12-18T16:13:50.397016,2,142,6,4,B,0,1,76,203,260,10,55,95,158,10
2025-12-18T16:13:50.637377,2,143,4,11,A,0,1,76,203,260,10,,,,
2025-12-18T16:13:50.677794,2,143,11,4,B,0,1,76,203,260,10,13,30,92,30
2025-12-18T16:13:50.822092,2,144,4,10,A,0,1,76,203,260,10,,,,
2025-12-18T16:13:50.843705,2,144,10,4,B,0,1,76,203,260,10,77,574,643,10
2025-12-18T16:13:50.921877,2,145,4,1,A,0,1,76,203,260,10,,,,
2025-12-18T16:13:50.931193,2,145,1,4,B,0,1,76,203,260,10,43,0,1129,10
2025-12-18T16:13:50.991258,2,146,4,13,A,0,1,76,203,260,10,,,,
2025-12-18T16:13:50.995349,2,146,13,4,B,0,1,76,203,260,10,87,85,144,20
2025-12-18T16:13:51.118878,2,147,4,2,A,0,1,92,368,441,20,,,,
2025-12-18T16:13:51.136196,2,147,2,4,B,0,1,92,368,441,20,67,12,77,10
2025-12-18T16:13:51.246692,2,148,4,9,A,0,1,92,368,441,20,,,,
2025-12-18T16:13:51.262422,2,148,9,4,B,0,1,92,368,441,20,18,0,1110,20
2025-12-18T16:13:51.338701,2,149,4,6,A,0,1,92,368,441,20,,,,
2025-12-18T16:13:51.346647,2,149,6,4,B,0,1,92,368,441,20,55,95,158,10
2025-12-18T16:13:51.617422,2,150,4,7,A,0,1,92,368,441,20,,,,
2025-12-18T16:13:51.664200,2,150,7,4,B,0,1,92,368,441,20,44,359,412,10
2025-12-18T16:13:51.722700,2,151,4,13,A,0,1,92,368,441,20,,,,
2025-12-18T16:13:51.726848,2,151,13,4,B,0,1,92,368,441,20,87,85,144,20
2025-12-18T16:13:51.805428,2,152,4,1,A,0,1,92,368,441,20,,,,
2025-12-18T16:13:51.815365,2,152,1,4,B,0,1,92,368,441,20,43,0,1129,10
2025-12-18T16:13:52.128854,2,153,4,8,A,0,1,79,668,731,10,,,,
2025-12-18T16:13:52.187287,2,153,8,4,B,0,1,79,668,731,10,57,0,1111,40
2025-12-18T16:13:52.267980,2,154,4,5,A,0,1,79,668,731,10,,,,
2025-12-18T16:13:52.276007,2,154,5,4,B,0,1,79,668,731,10,8,255,324,20
2025-12-18T16:13:52.550223,2,155,4,7,A,0,1,79,668,731,10,,,,
2025-12-18T16:13:52.595457,2,155,7,4,B,0,1,79,668,731,10,44,359,412,10
2025-12-18T16:13:52.745755,2,156,4,3,A,0,1,79,668,731,10,,,,
2025-12-18T16:13:52.770730,2,156,3,4,B,0,1,79,668,731,10,84,458,523,20
2025-12-18T16:13:52.846284,2,157,4,6,A,0,1,79,668,731,10,,,,
2025-12-18T16:13:52.861682,2,157,6,4,B,0,1,79,668,731,10,55,95,158,10
2025-12-18T16:13:53.011244,2,158,4,10,A,0,1,79,668,731,10,,,,
2025-12-18T16:13:53.033510,2,158,10,4,B,0,1,79,668,731,10,77,574,643,10
2025-12-18T16:13:53.280623,2,159,4,11,A,0,1,79,668,731,10,,,,
2025-12-18T16:13:53.321332,2,159,11,4,B,0,1,79,668,731,10,13,30,92,30
2025-12-18T16:13:53.500363,2,160,4,14,A,0,1,79,668,731,10,,,,
2025-12-18T16:13:53.528929,2,160,14,4,B,0,1,79,668,731,10,100,647,726,20
2025-12-18T16:13:53.585339,2,161,4,13,A,0,1,79,668,731,10,,,,
2025-12-18T16:13:53.589616,2,161,13,4,B,0,1,79,668,731,10,87,85,144,20
2025-12-18T16:13:53.893627,2,162,5,8,A,0,1,8,255,324,20,,,,
2025-12-18T16:13:53.951192,2,162,8,5,B,0,1,8,255,324,20,57,0,1111,40
2025-12-18T16:13:54.239356,2,163,5,0,A,0,1,8,255,324,20,,,,
2025-12-18T16:13:54.291467,2,163,0,5,B,0,1,8,255,324,20,62,262,317,20
2025-12-18T16:13:54.587357,2,164,5,12,A,0,1,8,255,324,20,,,,
2025-12-18T16:13:54.643438,2,164,12,5,B,0,1,8,255,324,20,38,479,522,30
2025-12-18T16:13:54.743400,2,165,5,9,A,0,1,8,255,324,20,,,,
2025-12-18T16:13:54.758885,2,165,9,5,B,0,1,8,255,324,20,18,0,1110,20
2025-12-18T16:13:54.832097,2,166,5,4,A,0,1,8,255,324,20,,,,
2025-12-18T16:13:54.842342,2,166,4,5,B,0,1,8,255,324,20,25,169,224,40
2025-12-18T16:13:55.069513,2,167,5,11,A,0,1,8,255,324,20,,,,
2025-12-18T16:13:55.110330,2,167,11,5,B,0,1,8,255,324,20,13,30,92,30
2025-12-18T16:13:55.237468,2,168,5,10,A,0,1,8,255,324,20,,,,
2025-12-18T16:13:55.258564,2,168,10,5,B,0,1,8,255,324,20,77,574,643,10
2025-12-18T16:13:55.422115,2,169,5,14,A,0,1,8,255,324,20,,,,
2025-12-18T16:13:55.449878,2,169,14,5,B,0,1,8,255,324,20,100,647,726,20
2025-12-18T16:13:55.515722,2,170,5,1,A,0,1,8,255,324,20,,,,
2025-12-18T16:13:55.525316,2,170,1,5,B,0,1,8,255,324,20,43,0,1129,10
2025-12-18T16:13:55.574098,2,171,5,13,A,0,1,8,255,324,20,,,,
2025-12-18T16:13:55.578520,2,171,13,5,B,0,1,8,255,324,20,87,85,144,20
2025-12-18T16:13:55.878352,2,172,5,12,A,0,1,15,384,429,40,,,,
2025-12-18T16:13:55.934891,2,172,12,5,B,0,1,15,384,429,40,38,479,522,30
2025-12-18T16:13:56.049775,2,173,5,2,A,0,1,15,384,429,40,,,,
2025-12-18T16:13:56.068328,2,173,2,5,B,0,1,15,384,429,40,67,12,77,10
2025-12-18T16:13:56.183852,2,174,5,9,A,0,1,15,384,429,40,,,,
2025-12-18T16:13:56.199937,2,174,9,5,B,0,1,15,384,429,40,18,0,1110,20
2025-12-18T16:13:56.262832,2,175,5,6,A,0,1,15,384,429,40,,,,
2025-12-18T16:13:56.271285,2,175,6,5,B,0,1,15,384,429,40,55,95,158,10
2025-12-18T16:13:56.527386,2,176,5,7,A,0,1,15,384,429,40,,,,
2025-12-18T16:13:56.572417,2,176,7,5,B,0,1,15,384,429,40,44,359,412,10
2025-12-18T16:13:56.618375,2,177,5,13,A,0,1,15,384,429,40,,,,
2025-12-18T16:13:56.622722,2,177,13,5,B,0,1,15,384,429,40,87,85,144,20
2025-12-18T16:13:56.748566,2,178,5,10,A,0,1,15,384,429,40,,,,
2025-12-18T16:13:56.770166,2,178,10,5,B,0,1,15,384,429,40,77,574,643,10
2025-12-18T16:13:56.935429,2,179,5,14,A,0,1,15,384,429,40,,,,
2025-12-18T16:13:56.963250,2,179,14,5,B,0,1,15,384,429,40,100,647,726,20
2025-12-18T16:13:57.027374,2,180,5,1,A,0,1,15,384,429,40,,,,
2025-12-18T16:13:57.036670,2,180,1,5,B,0,1,15,384,429,40,43,0,1129,10
2025-12-18T16:13:57.100655,2,181,6,5,A,0,1,55,95,158,10,,,,
2025-12-18T16:13:57.109438,2,181,5,6,B,0,1,55,95,158,10,8,255,324,20
2025-12-18T16:13:57.393221,2,182,6,0,A,0,1,55,95,158,10,,,,
2025-12-18T16:13:57.440886,2,182,0,6,B,0,1,55,95,158,10,62,262,317,20
2025-12-18T16:13:57.737888,2,183,6,12,A,0,1,55,95,158,10,,,,
2025-12-18T16:13:57.790205,2,183,12,6,B,0,1,55,95,158,10,38,479,522,30
2025-12-18T16:13:57.889563,2,184,6,9,A,0,1,55,95,158,10,,,,
2025-12-18T16:13:57.905451,2,184,9,6,B,0,1,55,95,158,10,18,0,1110,20
2025-12-18T16:13:58.016794,2,185,6,2,A,0,1,55,95,158,10,,,,
2025-12-18T16:13:58.034745,2,185,2,6,B,0,1,55,95,158,10,67,12,77,10
2025-12-18T16:13:58.107522,2,186,6,4,A,0,1,55,95,158,10,,,,
2025-12-18T16:13:58.117798,2,186,4,6,B,0,1,55,95,158,10,25,169,224,40
2025-12-18T16:13:58.375985,2,187,6,7,A,0,1,55,95,158,10,,,,
2025-12-18T16:13:58.423143,2,187,7,6,B,0,1,55,95,158,10,44,359,412,10
2025-12-18T16:13:58.557690,2,188,6,3,A,0,1,55,95,158,10,,,,
2025-12-18T16:13:58.579930,2,188,3,6,B,0,1,55,95,158,10,84,458,523,20
2025-12-18T16:13:58.710013,2,189,6,10,A,0,1,55,95,158,10,,,,
2025-12-18T16:13:58.730660,2,189,10,6,B,0,1,55,95,158,10,77,574,643,10
2025-12-18T16:13:58.773787,2,190,6,13,A,0,1,55,95,158,10,,,,
2025-12-18T16:13:58.777401,2,190,13,6,B,0,1,55,95,158,10,87,85,144,20
2025-12-18T16:13:58.939391,2,191,6,14,A,0,1,55,95,158,10,,,,
2025-12-18T16:13:58.967514,2,191,14,6,B,0,1,55,95,158,10,100,647,726,20
2025-12-18T16:13:59.032280,2,192,6,1,A,0,1,55,95,158,10,,,,
2025-12-18T16:13:59.042186,2,192,1,6,B,0,1,55,95,158,10,43,0,1129,10
2025-12-18T16:13:59.107203,2,193,6,5,A,0,1,11,448,505,10,,,,
2025-12-18T16:13:59.115525,2,193,5,6,B,0,1,11,448,505,10,8,255,324,20
2025-12-18T16:13:59.419277,2,194,6,12,A,0,1,11,448,505,10,,,,
2025-12-18T16:13:59.475953,2,194,12,6,B,0,1,11,448,505,10,38,479,522,30
2025-12-18T16:13:59.588397,2,195,6,2,A,0,1,11,448,505,10,,,,
2025-12-18T16:13:59.607194,2,195,2,6,B,0,1,11,448,505,10,67,12,77,10
2025-12-18T16:13:59.705361,2,196,6,9,A,0,1,11,448,505,10,,,,
2025-12-18T16:13:59.720807,2,196,9,6,B,0,1,11,448,505,10,18,0,1110,20
2025-12-18T16:13:59.795223,2,197,6,4,A,0,1,11,448,505,10,,,,
2025-12-18T16:13:59.807110,2,197,4,6,B,0,1,11,448,505,10,25,169,224,40
2025-12-18T16:14:00.082082,2,198,6,7,A,0,1,11,448,505,10,,,,
2025-12-18T16:14:00.127098,2,198,7,6,B,0,1,11,448,505,10,44,359,412,10
2025-12-18T16:14:00.171547,2,199,6,13,A,0,1,11,448,505,10,,,,
2025-12-18T16:14:00.175428,2,199,13,6,B,0,1,11,448,505,10,87,85,144,20
2025-12-18T16:14:00.303717,2,200,6,10,A,0,1,11,448,505,10,,,,
2025-12-18T16:14:00.325386,2,200,10,6,B,0,1,11,448,505,10,77,574,643,10
2025-12-18T16:14:00.495033,2,201,6,14,A,0,1,11,448,505,10,,,,
2025-12-18T16:14:00.523903,2,201,14,6,B,0,1,11,448,505,10,100,647,726,20
2025-12-18T16:14:00.592465,2,202,6,1,A,0,1,11,448,505,10,,,,
2025-12-18T16:14:00.601630,2,202,1,6,B,0,1,11,448,505,10,43,0,1129,10
2025-12-18T16:14:00.902130,2,203,7,9,A,0,1,86,0,1119,10,,,,
2025-12-18T16:14:00.922319,2,203,9,7,B,0,1,86,0,1119,10,18,0,1110,20
2025-12-18T16:14:01.256822,2,204,7,2,A,0,1,86,0,1119,10,,,,
2025-12-18T16:14:01.277129,2,204,2,7,B,0,1,86,0,1119,10,67,12,77,10
2025-12-18T16:14:01.566825,2,205,7,4,A,0,1,86,0,1119,10,,,,
2025-12-18T16:14:01.582209,2,205,4,7,B,0,1,86,0,1119,10,25,169,224,40
2025-12-18T16:14:01.860017,2,206,7,6,A,0,1,86,0,1119,10,,,,
2025-12-18T16:14:01.870931,2,206,6,7,B,0,1,86,0,1119,10,55,95,158,10
2025-12-18T16:14:02.218034,2,207,7,10,A,0,1,86,0,1119,10,,,,
2025-12-18T16:14:02.241482,2,207,10,7,B,0,1,86,0,1119,10,77,574,643,10
2025-12-18T16:14:02.500126,2,208,7,13,A,0,1,86,0,1119,10,,,,
2025-12-18T16:14:02.506804,2,208,13,7,B,0,1,86,0,1119,10,87,85,144,20
2025-12-18T16:14:02.821501,2,209,7,9,A,0,1,73,0,1090,10,,,,
2025-12-18T16:14:02.839422,2,209,9,7,B,0,1,73,0,1090,10,18,0,1110,20
2025-12-18T16:14:03.165515,2,210,7,2,A,0,1,73,0,1090,10,,,,
2025-12-18T16:14:03.185241,2,210,2,7,B,0,1,73,0,1090,10,67,12,77,10
2025-12-18T16:14:03.471362,2,211,7,4,A,0,1,73,0,1090,10,,,,
2025-12-18T16:14:03.484835,2,211,4,7,B,0,1,73,0,1090,10,25,169,224,40
2025-12-18T16:14:03.765002,2,212,7,6,A,0,1,73,0,1090,10,,,,
2025-12-18T16:14:03.774868,2,212,6,7,B,0,1,73,0,1090,10,55,95,158,10
2025-12-18T16:14:04.124640,2,213,7,10,A,0,1,73,0,1090,10,,,,
2025-12-18T16:14:04.147724,2,213,10,7,B,0,1,73,0,1090,10,77,574,643,10
2025-12-18T16:14:04.404221,2,214,7,13,A,0,1,73,0,1090,10,,,,
2025-12-18T16:14:04.411781,2,214,13,7,B,0,1,73,0,1090,10,87,85,144,20
2025-12-18T16:14:04.776828,2,215,7,9,A,0,1,81,0,1098,30,,,,
2025-12-18T16:14:04.794978,2,215,9,7,B,0,1,81,0,1098,30,18,0,1110,20
2025-12-18T16:14:05.141281,2,216,7,2,A,0,1,81,0,1098,30,,,,
2025-12-18T16:14:05.161400,2,216,2,7,B,0,1,81,0,1098,30,67,12,77,10
2025-12-18T16:14:05.444359,2,217,7,4,A,0,1,81,0,1098,30,,,,
2025-12-18T16:14:05.458080,2,217,4,7,B,0,1,81,0,1098,30,25,169,224,40
2025-12-18T16:14:05.737339,2,218,7,6,A,0,1,81,0,1098,30,,,,
2025-12-18T16:14:05.747519,2,218,6,7,B,0,1,81,0,1098,30,55,95,158,10
2025-12-18T16:14:06.099624,2,219,7,10,A,0,1,81,0,1098,30,,,,
2025-12-18T16:14:06.122791,2,219,10,7,B,0,1,81,0,1098,30,77,574,643,10
2025-12-18T16:14:06.374943,2,220,7,13,A,0,1,81,0,1098,30,,,,
2025-12-18T16:14:06.381518,2,220,13,7,B,0,1,81,0,1098,30,87,85,144,20
2025-12-18T16:14:06.650208,2,221,7,5,A,0,1,90,0,1125,10,,,,
2025-12-18T16:14:06.660123,2,221,5,7,B,0,1,90,0,1125,10,8,255,324,20
2025-12-18T16:14:07.174355,2,222,7,8,A,0,1,90,0,1125,10,,,,
2025-12-18T16:14:07.232586,2,222,8,7,B,0,1,90,0,1125,10,57,0,1111,40
2025-12-18T16:14:07.734476,2,223,7,0,A,0,1,90,0,1125,10,,,,
2025-12-18T16:14:07.791628,2,223,0,7,B,0,1,90,0,1125,10,62,262,317,20
2025-12-18T16:14:08.106357,2,224,7,9,A,0,1,90,0,1125,10,,,,
2025-12-18T16:14:08.124163,2,224,9,7,B,0,1,90,0,1125,10,18,0,1110,20
2025-12-18T16:14:08.445238,2,225,7,2,A,0,1,90,0,1125,10,,,,
2025-12-18T16:14:08.465293,2,225,2,7,B,0,1,90,0,1125,10,67,12,77,10
2025-12-18T16:14:08.749161,2,226,7,4,A,0,1,90,0,1125,10,,,,
2025-12-18T16:14:08.763934,2,226,4,7,B,0,1,90,0,1125,10,25,169,224,40
2025-12-18T16:14:09.119312,2,227,7,3,A,0,1,90,0,1125,10,,,,
2025-12-18T16:14:09.145909,2,227,3,7,B,0,1,90,0,1125,10,84,458,523,20
2025-12-18T16:14:09.415942,2,228,7,6,A,0,1,90,0,1125,10,,,,
2025-12-18T16:14:09.425821,2,228,6,7,B,0,1,90,0,1125,10,55,95,158,10
2025-12-18T16:14:09.763659,2,229,7,10,A,0,1,90,0,1125,10,,,,
2025-12-18T16:14:09.787438,2,229,10,7,B,0,1,90,0,1125,10,77,574,643,10
2025-12-18T16:14:10.042818,2,230,7,13,A,0,1,90,0,1125,10,,,,
2025-12-18T16:14:10.049293,2,230,13,7,B,0,1,90,0,1125,10,87,85,144,20
2025-12-18T16:14:10.484343,2,231,7,11,A,0,1,90,0,1125,10,,,,
2025-12-18T16:14:10.527403,2,231,11,7,B,0,1,90,0,1125,10,13,30,92,30
2025-12-18T16:14:10.901799,2,232,7,14,A,0,1,90,0,1125,10,,,,
2025-12-18T16:14:10.932413,2,232,14,7,B,0,1,90,0,1125,10,100,647,726,20
2025-12-18T16:14:11.207925,2,233,7,1,A,0,1,90,0,1125,10,,,,
2025-12-18T16:14:11.219560,2,233,1,7,B,0,1,90,0,1125,10,43,0,1129,10
2025-12-18T16:14:11.499637,2,234,7,5,A,0,1,6,0,1127,20,,,,
2025-12-18T16:14:11.509967,2,234,5,7,B,0,1,6,0,1127,20,8,255,324,20
2025-12-18T16:14:12.048254,2,235,7,8,A,0,1,6,0,1127,20,,,,
2025-12-18T16:14:12.106472,2,235,8,7,B,0,1,6,0,1127,20,57,0,1111,40
2025-12-18T16:14:12.690990,2,236,7,0,A,0,1,6,0,1127,20,,,,
2025-12-18T16:14:12.748292,2,236,0,7,B,0,1,6,0,1127,20,62,262,317,20
2025-12-18T16:14:13.079068,2,237,7,2,A,0,1,6,0,1127,20,,,,
2025-12-18T16:14:13.099627,2,237,2,7,B,0,1,6,0,1127,20,67,12,77,10
2025-12-18T16:14:13.387053,2,238,7,4,A,0,1,6,0,1127,20,,,,
2025-12-18T16:14:13.401656,2,238,4,7,B,0,1,6,0,1127,20,25,169,224,40
2025-12-18T16:14:13.749022,2,239,7,3,A,0,1,6,0,1127,20,,,,
2025-12-18T16:14:13.776067,2,239,3,7,B,0,1,6,0,1127,20,84,458,523,20
2025-12-18T16:14:14.045897,2,240,7,6,A,0,1,6,0,1127,20,,,,
2025-12-18T16:14:14.056497,2,240,6,7,B,0,1,6,0,1127,20,55,95,158,10
2025-12-18T16:14:14.313158,2,241,7,13,A,0,1,6,0,1127,20,,,,
2025-12-18T16:14:14.319656,2,241,13,7,B,0,1,6,0,1127,20,87,85,144,20
2025-12-18T16:14:14.763012,2,242,7,11,A,0,1,6,0,1127,20,,,,
2025-12-18T16:14:14.805426,2,242,11,7,B,0,1,6,0,1127,20,13,30,92,30
2025-12-18T16:14:15.183431,2,243,7,14,A,0,1,6,0,1127,20,,,,
2025-12-18T16:14:15.213956,2,243,14,7,B,0,1,6,0,1127,20,100,647,726,20
2025-12-18T16:14:15.493790,2,244,7,1,A,0,1,6,0,1127,20,,,,
2025-12-18T16:14:15.505458,2,244,1,7,B,0,1,6,0,1127,20,43,0,1129,10
2025-12-18T16:14:15.832756,2,245,8,5,A,0,1,61,0,1123,10,,,,
2025-12-18T16:14:15.842855,2,245,5,8,B,0,1,61,0,1123,10,8,255,324,20
2025-12-18T16:14:16.398083,2,246,8,0,A,0,1,61,0,1123,10,,,,
2025-12-18T16:14:16.460667,2,246,0,8,B,0,1,61,0,1123,10,62,262,317,20
2025-12-18T16:14:16.843025,2,247,8,9,A,0,1,61,0,1123,10,,,,
2025-12-18T16:14:16.861300,2,247,9,8,B,0,1,61,0,1123,10,18,0,1110,20
2025-12-18T16:14:17.249022,2,248,8,2,A,0,1,61,0,1123,10,,,,
2025-12-18T16:14:17.268929,2,248,2,8,B,0,1,61,0,1123,10,67,12,77,10
2025-12-18T16:14:17.610395,2,249,8,4,A,0,1,61,0,1123,10,,,,
2025-12-18T16:14:17.625385,2,249,4,8,B,0,1,61,0,1123,10,25,169,224,40
2025-12-18T16:14:18.148111,2,250,8,7,A,0,1,61,0,1123,10,,,,
2025-12-18T16:14:18.197236,2,250,7,8,B,0,1,61,0,1123,10,44,359,412,10
2025-12-18T16:14:18.605276,2,251,8,3,A,0,1,61,0,1123,10,,,,
2025-12-18T16:14:18.632863,2,251,3,8,B,0,1,61,0,1123,10,84,458,523,20
2025-12-18T16:14:18.966609,2,252,8,6,A,0,1,61,0,1123,10,,,,
2025-12-18T16:14:18.976959,2,252,6,8,B,0,1,61,0,1123,10,55,95,158,10
2025-12-18T16:14:19.382270,2,253,8,10,A,0,1,61,0,1123,10,,,,
2025-12-18T16:14:19.406319,2,253,10,8,B,0,1,61,0,1123,10,77,574,643,10
2025-12-18T16:14:19.713803,2,254,8,13,A,0,1,61,0,1123,10,,,,
2025-12-18T16:14:19.720704,2,254,13,8,B,0,1,61,0,1123,10,87,85,144,20
2025-12-18T16:14:20.150817,2,255,8,14,A,0,1,61,0,1123,10,,,,
2025-12-18T16:14:20.181031,2,255,14,8,B,0,1,61,0,1123,10,100,647,726,20
2025-12-18T16:14:20.507609,2,256,8,1,A,0,1,61,0,1123,10,,,,
2025-12-18T16:14:20.519570,2,256,1,8,B,0,1,61,0,1123,10,43,0,1129,10
2025-12-18T16:14:20.843306,2,257,8,5,A,0,1,50,0,1123,10,,,,
2025-12-18T16:14:20.853505,2,257,5,8,B,0,1,50,0,1123,10,8,255,324,20
2025-12-18T16:14:21.411657,2,258,8,0,A,0,1,50,0,1123,10,,,,
2025-12-18T16:14:21.468551,2,258,0,8,B,0,1,50,0,1123,10,62,262,317,20
2025-12-18T16:14:21.846439,2,259,8,2,A,0,1,50,0,1123,10,,,,
2025-12-18T16:14:21.866633,2,259,2,8,B,0,1,50,0,1123,10,67,12,77,10
2025-12-18T16:14:22.194477,2,260,8,4,A,0,1,50,0,1123,10,,,,
2025-12-18T16:14:22.209781,2,260,4,8,B,0,1,50,0,1123,10,25,169,224,40
2025-12-18T16:14:22.731416,2,261,8,7,A,0,1,50,0,1123,10,,,,
2025-12-18T16:14:22.778963,2,261,7,8,B,0,1,50,0,1123,10,44,359,412,10
2025-12-18T16:14:23.174431,2,262,8,3,A,0,1,50,0,1123,10,,,,
2025-12-18T16:14:23.201413,2,262,3,8,B,0,1,50,0,1123,10,84,458,523,20
2025-12-18T16:14:23.586952,2,263,8,10,A,0,1,50,0,1123,10,,,,
2025-12-18T16:14:23.611250,2,263,10,8,B,0,1,50,0,1123,10,77,574,643,10
2025-12-18T16:14:24.105926,2,264,8,11,A,0,1,50,0,1123,10,,,,
2025-12-18T16:14:24.149361,2,264,11,8,B,0,1,50,0,1123,10,13,30,92,30
2025-12-18T16:14:24.572596,2,265,8,14,A,0,1,50,0,1123,10,,,,
2025-12-18T16:14:24.602655,2,265,14,8,B,0,1,50,0,1123,10,100,647,726,20
2025-12-18T16:14:24.932272,2,266,8,1,A,0,1,50,0,1123,10,,,,
2025-12-18T16:14:24.944196,2,266,1,8,B,0,1,50,0,1123,10,43,0,1129,10
2025-12-18T16:14:25.265662,2,267,8,5,A,0,1,36,0,1110,10,,,,
2025-12-18T16:14:25.276117,2,267,5,8,B,0,1,36,0,1110,10,8,255,324,20
2025-12-18T16:14:25.814375,2,268,8,0,A,0,1,36,0,1110,10,,,,
2025-12-18T16:14:25.870490,2,268,0,8,B,0,1,36,0,1110,10,62,262,317,20
2025-12-18T16:14:26.247372,2,269,8,2,A,0,1,36,0,1110,10,,,,
2025-12-18T16:14:26.267079,2,269,2,8,B,0,1,36,0,1110,10,67,12,77,10
2025-12-18T16:14:26.601184,2,270,8,4,A,0,1,36,0,1110,10,,,,
2025-12-18T16:14:26.614030,2,270,4,8,B,0,1,36,0,1110,10,25,169,224,40
2025-12-18T16:14:27.124455,2,271,8,7,A,0,1,36,0,1110,10,,,,
2025-12-18T16:14:27.170371,2,271,7,8,B,0,1,36,0,1110,10,44,359,412,10
2025-12-18T16:14:27.565637,2,272,8,3,A,0,1,36,0,1110,10,,,,
2025-12-18T16:14:27.592356,2,272,3,8,B,0,1,36,0,1110,10,84,458,523,20
2025-12-18T16:14:27.983790,2,273,8,10,A,0,1,36,0,1110,10,,,,
2025-12-18T16:14:28.006969,2,273,10,8,B,0,1,36,0,1110,10,77,574,643,10
2025-12-18T16:14:28.500351,2,274,8,11,A,0,1,36,0,1110,10,,,,
2025-12-18T16:14:28.542455,2,274,11,8,B,0,1,36,0,1110,10,13,30,92,30
2025-12-18T16:14:28.970030,2,275,8,14,A,0,1,36,0,1110,10,,,,
2025-12-18T16:14:29.000690,2,275,14,8,B,0,1,36,0,1110,10,100,647,726,20
2025-12-18T16:14:29.325048,2,276,8,1,A,0,1,36,0,1110,10,,,,
2025-12-18T16:14:29.336922,2,276,1,8,B,0,1,36,0,1110,10,43,0,1129,10
2025-12-18T16:14:29.655437,2,277,8,5,A,0,1,32,0,1114,30,,,,
2025-12-18T16:14:29.665567,2,277,5,8,B,0,1,32,0,1114,30,8,255,324,20
2025-12-18T16:14:30.207975,2,278,8,0,A,0,1,32,0,1114,30,,,,
2025-12-18T16:14:30.265286,2,278,0,8,B,0,1,32,0,1114,30,62,262,317,20
2025-12-18T16:14:30.643070,2,279,8,2,A,0,1,32,0,1114,30,,,,
2025-12-18T16:14:30.662889,2,279,2,8,B,0,1,32,0,1114,30,67,12,77,10
2025-12-18T16:14:30.994068,2,280,8,4,A,0,1,32,0,1114,30,,,,
2025-12-18T16:14:31.008679,2,280,4,8,B,0,1,32,0,1114,30,25,169,224,40
2025-12-18T16:14:31.527739,2,281,8,7,A,0,1,32,0,1114,30,,,,
2025-12-18T16:14:31.573338,2,281,7,8,B,0,1,32,0,1114,30,44,359,412,10
2025-12-18T16:14:32.007810,2,282,8,3,A,0,1,32,0,1114,30,,,,
2025-12-18T16:14:32.035670,2,282,3,8,B,0,1,32,0,1114,30,84,458,523,20
2025-12-18T16:14:32.432391,2,283,8,10,A,0,1,32,0,1114,30,,,,
2025-12-18T16:14:32.456185,2,283,10,8,B,0,1,32,0,1114,30,77,574,643,10
2025-12-18T16:14:32.963162,2,284,8,11,A,0,1,32,0,1114,30,,,,
2025-12-18T16:14:33.010513,2,284,11,8,B,0,1,32,0,1114,30,13,30,92,30
2025-12-18T16:14:33.521330,2,285,8,14,A,0,1,32,0,1114,30,,,,
2025-12-18T16:14:33.551601,2,285,14,8,B,0,1,32,0,1114,30,100,647,726,20
2025-12-18T16:14:33.885555,2,286,8,1,A,0,1,32,0,1114,30,,,,
2025-12-18T16:14:33.898361,2,286,1,8,B,0,1,32,0,1114,30,43,0,1129,10
2025-12-18T16:14:34.231244,2,287,8,5,A,0,1,19,0,1106,10,,,,
2025-12-18T16:14:34.241390,2,287,5,8,B,0,1,19,0,1106,10,8,255,324,20
2025-12-18T16:14:34.788112,2,288,8,0,A,0,1,19,0,1106,10,,,,
2025-12-18T16:14:34.845505,2,288,0,8,B,0,1,19,0,1106,10,62,262,317,20
2025-12-18T16:14:35.248624,2,289,8,2,A,0,1,19,0,1106,10,,,,
2025-12-18T16:14:35.269135,2,289,2,8,B,0,1,19,0,1106,10,67,12,77,10
2025-12-18T16:14:35.612994,2,290,8,4,A,0,1,19,0,1106,10,,,,
2025-12-18T16:14:35.626825,2,290,4,8,B,0,1,19,0,1106,10,25,169,224,40
2025-12-18T16:14:36.033063,2,291,8,3,A,0,1,19,0,1106,10,,,,
2025-12-18T16:14:36.060408,2,291,3,8,B,0,1,19,0,1106,10,84,458,523,20
2025-12-18T16:14:36.556658,2,292,8,11,A,0,1,19,0,1106,10,,,,
2025-12-18T16:14:36.599007,2,292,11,8,B,0,1,19,0,1106,10,13,30,92,30
2025-12-18T16:14:37.026300,2,293,8,14,A,0,1,19,0,1106,10,,,,
2025-12-18T16:14:37.058738,2,293,14,8,B,0,1,19,0,1106,10,100,647,726,20
2025-12-18T16:14:37.398956,2,294,8,1,A,0,1,19,0,1106,10,,,,
2025-12-18T16:14:37.410954,2,294,1,8,B,0,1,19,0,1106,10,43,0,1129,10
2025-12-18T16:14:37.740326,2,295,8,5,A,0,1,91,0,1123,10,,,,
2025-12-18T16:14:37.750875,2,295,5,8,B,0,1,91,0,1123,10,8,255,324,20
2025-12-18T16:14:38.298029,2,296,8,0,A,0,1,91,0,1123,10,,,,
2025-12-18T16:14:38.355730,2,296,0,8,B,0,1,91,0,1123,10,62,262,317,20
2025-12-18T16:14:38.727372,2,297,8,9,A,0,1,91,0,1123,10,,,,
2025-12-18T16:14:38.746967,2,297,9,8,B,0,1,91,0,1123,10,18,0,1110,20
2025-12-18T16:14:39.134044,2,298,8,2,A,0,1,91,0,1123,10,,,,
2025-12-18T16:14:39.154986,2,298,2,8,B,0,1,91,0,1123,10,67,12,77,10
2025-12-18T16:14:39.493847,2,299,8,4,A,0,1,91,0,1123,10,,,,
2025-12-18T16:14:39.507852,2,299,4,8,B,0,1,91,0,1123,10,25,169,224,40
2025-12-18T16:14:40.066215,2,300,8,7,A,0,1,91,0,1123,10,,,,
2025-12-18T16:14:40.116581,2,300,7,8,B,0,1,91,0,1123,10,44,359,412,10
2025-12-18T16:14:40.519537,2,301,8,3,A,0,1,91,0,1123,10,,,,
2025-12-18T16:14:40.547379,2,301,3,8,B,0,1,91,0,1123,10,84,458,523,20
2025-12-18T16:14:40.883944,2,302,8,6,A,0,1,91,0,1123,10,,,,
2025-12-18T16:14:40.894962,2,302,6,8,B,0,1,91,0,1123,10,55,95,158,10
2025-12-18T16:14:41.296428,2,303,8,10,A,0,1,91,0,1123,10,,,,
2025-12-18T16:14:41.321133,2,303,10,8,B,0,1,91,0,1123,10,77,574,643,10
2025-12-18T16:14:41.633488,2,304,8,13,A,0,1,91,0,1123,10,,,,
2025-12-18T16:14:41.640202,2,304,13,8,B,0,1,91,0,1123,10,87,85,144,20
2025-12-18T16:14:42.128750,2,305,8,11,A,0,1,91,0,1123,10,,,,
2025-12-18T16:14:42.172107,2,305,11,8,B,0,1,91,0,1123,10,13,30,92,30
2025-12-18T16:14:42.611031,2,306,8,14,A,0,1,91,0,1123,10,,,,
2025-12-18T16:14:42.655242,2,306,14,8,B,0,1,91,0,1123,10,100,647,726,20
2025-12-18T16:14:43.000822,2,307,8,1,A,0,1,91,0,1123,10,,,,
2025-12-18T16:14:43.012549,2,307,1,8,B,0,1,91,0,1123,10,43,0,1129,10
2025-12-18T16:14:43.339922,2,308,8,5,A,0,1,57,0,1111,40,,,,
2025-12-18T16:14:43.350232,2,308,5,8,B,0,1,57,0,1111,40,8,255,324,20
2025-12-18T16:14:43.898788,2,309,8,0,A,0,1,57,0,1111,40,,,,
2025-12-18T16:14:43.955082,2,309,0,8,B,0,1,57,0,1111,40,62,262,317,20
2025-12-18T16:14:44.313060,2,310,8,9,A,0,1,57,0,1111,40,,,,
2025-12-18T16:14:44.331134,2,310,9,8,B,0,1,57,0,1111,40,18,0,1110,20
2025-12-18T16:14:44.701713,2,311,8,2,A,0,1,57,0,1111,40,,,,
2025-12-18T16:14:44.721550,2,311,2,8,B,0,1,57,0,1111,40,67,12,77,10
2025-12-18T16:14:45.048584,2,312,8,4,A,0,1,57,0,1111,40,,,,
2025-12-18T16:14:45.062070,2,312,4,8,B,0,1,57,0,1111,40,25,169,224,40
2025-12-18T16:14:45.578496,2,313,8,7,A,0,1,57,0,1111,40,,,,
2025-12-18T16:14:45.626704,2,313,7,8,B,0,1,57,0,1111,40,44,359,412,10
2025-12-18T16:14:46.024810,2,314,8,3,A,0,1,57,0,1111,40,,,,
2025-12-18T16:14:46.051876,2,314,3,8,B,0,1,57,0,1111,40,84,458,523,20
2025-12-18T16:14:46.377305,2,315,8,6,A,0,1,57,0,1111,40,,,,
2025-12-18T16:14:46.387298,2,315,6,8,B,0,1,57,0,1111,40,55,95,158,10
2025-12-18T16:14:46.776755,2,316,8,10,A,0,1,57,0,1111,40,,,,
2025-12-18T16:14:46.800025,2,316,10,8,B,0,1,57,0,1111,40,77,574,643,10
2025-12-18T16:14:47.105457,2,317,8,13,A,0,1,57,0,1111,40,,,,
2025-12-18T16:14:47.112010,2,317,13,8,B,0,1,57,0,1111,40,87,85,144,20
2025-12-18T16:14:47.533514,2,318,8,14,A,0,1,57,0,1111,40,,,,
2025-12-18T16:14:47.563539,2,318,14,8,B,0,1,57,0,1111,40,100,647,726,20
2025-12-18T16:14:47.886624,2,319,8,1,A,0,1,57,0,1111,40,,,,
2025-12-18T16:14:47.898216,2,319,1,8,B,0,1,57,0,1111,40,43,0,1129,10
2025-12-18T16:14:48.062203,2,320,9,2,A,0,1,70,0,1087,30,,,,
2025-12-18T16:14:48.081883,2,320,2,9,B,0,1,70,0,1087,30,67,12,77,10
2025-12-18T16:14:48.196030,2,321,9,4,A,0,1,70,0,1087,30,,,,
2025-12-18T16:14:48.210017,2,321,4,9,B,0,1,70,0,1087,30,25,169,224,40
2025-12-18T16:14:48.504499,2,322,9,7,A,0,1,70,0,1087,30,,,,
2025-12-18T16:14:48.551320,2,322,7,9,B,0,1,70,0,1087,30,44,359,412,10
2025-12-18T16:14:48.653567,2,323,9,6,A,0,1,70,0,1087,30,,,,
2025-12-18T16:14:48.663941,2,323,6,9,B,0,1,70,0,1087,30,55,95,158,10
2025-12-18T16:14:48.832110,2,324,9,10,A,0,1,70,0,1087,30,,,,
2025-12-18T16:14:48.854909,2,324,10,9,B,0,1,70,0,1087,30,77,574,643,10
2025-12-18T16:14:48.939762,2,325,9,13,A,0,1,70,0,1087,30,,,,
2025-12-18T16:14:48.946474,2,325,13,9,B,0,1,70,0,1087,30,87,85,144,20
2025-12-18T16:14:49.114902,2,326,10,9,A,0,1,71,0,1088,20,,,,
2025-12-18T16:14:49.132533,2,326,9,10,B,0,1,71,0,1088,20,18,0,1110,20
2025-12-18T16:14:49.317016,2,327,10,2,A,0,1,71,0,1088,20,,,,
2025-12-18T16:14:49.336638,2,327,2,10,B,0,1,71,0,1088,20,67,12,77,10
2025-12-18T16:14:49.481594,2,328,10,4,A,0,1,71,0,1088,20,,,,
2025-12-18T16:14:49.495353,2,328,4,10,B,0,1,71,0,1088,20,25,169,224,40
2025-12-18T16:14:49.824624,2,329,10,7,A,0,1,71,0,1088,20,,,,
2025-12-18T16:14:49.869631,2,329,7,10,B,0,1,71,0,1088,20,44,359,412,10
2025-12-18T16:14:50.005535,2,330,10,6,A,0,1,71,0,1088,20,,,,
2025-12-18T16:14:50.015876,2,330,6,10,B,0,1,71,0,1088,20,55,95,158,10
2025-12-18T16:14:50.134658,2,331,10,13,A,0,1,71,0,1088,20,,,,
2025-12-18T16:14:50.141147,2,331,13,10,B,0,1,71,0,1088,20,87,85,144,20
2025-12-18T16:14:50.276018,2,332,10,5,A,0,1,1,0,1127,10,,,,
2025-12-18T16:14:50.286052,2,332,5,10,B,0,1,1,0,1127,10,8,255,324,20
2025-12-18T16:14:50.670527,2,333,10,8,A,0,1,1,0,1127,10,,,,
2025-12-18T16:14:50.728218,2,333,8,10,B,0,1,1,0,1127,10,57,0,1111,40
2025-12-18T16:14:51.092978,2,334,10,0,A,0,1,1,0,1127,10,,,,
2025-12-18T16:14:51.148873,2,334,0,10,B,0,1,1,0,1127,10,62,262,317,20
2025-12-18T16:14:51.338015,2,335,10,2,A,0,1,1,0,1127,10,,,,
2025-12-18T16:14:51.357881,2,335,2,10,B,0,1,1,0,1127,10,67,12,77,10
2025-12-18T16:14:51.508195,2,336,10,4,A,0,1,1,0,1127,10,,,,
2025-12-18T16:14:51.522964,2,336,4,10,B,0,1,1,0,1127,10,25,169,224,40
2025-12-18T16:14:51.734516,2,337,10,3,A,0,1,1,0,1127,10,,,,
2025-12-18T16:14:51.762193,2,337,3,10,B,0,1,1,0,1127,10,84,458,523,20
2025-12-18T16:14:51.899277,2,338,10,6,A,0,1,1,0,1127,10,,,,
2025-12-18T16:14:51.909919,2,338,6,10,B,0,1,1,0,1127,10,55,95,158,10
2025-12-18T16:14:52.032592,2,339,10,13,A,0,1,1,0,1127,10,,,,
2025-12-18T16:14:52.039145,2,339,13,10,B,0,1,1,0,1127,10,87,85,144,20
2025-12-18T16:14:52.399201,2,340,10,11,A,0,1,1,0,1127,10,,,,
2025-12-18T16:14:52.443736,2,340,11,10,B,0,1,1,0,1127,10,13,30,92,30
2025-12-18T16:14:52.686559,2,341,10,14,A,0,1,1,0,1127,10,,,,
2025-12-18T16:14:52.720420,2,341,14,10,B,0,1,1,0,1127,10,100,647,726,20
2025-12-18T16:14:52.870080,2,342,10,1,A,0,1,1,0,1127,10,,,,
2025-12-18T16:14:52.882779,2,342,1,10,B,0,1,1,0,1127,10,43,0,1129,10
2025-12-18T16:14:53.305282,2,343,10,8,A,0,1,77,574,643,10,,,,
2025-12-18T16:14:53.361914,2,343,8,10,B,0,1,77,574,643,10,57,0,1111,40
2025-12-18T16:14:53.503309,2,344,10,5,A,0,1,77,574,643,10,,,,
2025-12-18T16:14:53.511795,2,344,5,10,B,0,1,77,574,643,10,8,255,324,20
2025-12-18T16:14:53.855480,2,345,10,7,A,0,1,77,574,643,10,,,,
2025-12-18T16:14:53.901946,2,345,7,10,B,0,1,77,574,643,10,44,359,412,10
2025-12-18T16:14:54.113671,2,346,10,3,A,0,1,77,574,643,10,,,,
2025-12-18T16:14:54.138364,2,346,3,10,B,0,1,77,574,643,10,84,458,523,20
2025-12-18T16:14:54.276726,2,347,10,6,A,0,1,77,574,643,10,,,,
2025-12-18T16:14:54.284936,2,347,6,10,B,0,1,77,574,643,10,55,95,158,10
2025-12-18T16:14:54.593905,2,348,10,11,A,0,1,77,574,643,10,,,,
2025-12-18T16:14:54.634638,2,348,11,10,B,0,1,77,574,643,10,13,30,92,30
2025-12-18T16:14:54.880512,2,349,10,14,A,0,1,77,574,643,10,,,,
2025-12-18T16:14:54.908546,2,349,14,10,B,0,1,77,574,643,10,100,647,726,20
2025-12-18T16:14:55.026686,2,350,10,13,A,0,1,77,574,643,10,,,,
2025-12-18T16:14:55.030814,2,350,13,10,B,0,1,77,574,643,10,87,85,144,20
2025-12-18T16:14:55.308551,2,351,11,9,A,0,1,78,0,1095,20,,,,
2025-12-18T16:14:55.326692,2,351,9,11,B,0,1,78,0,1095,20,18,0,1110,20
2025-12-18T16:14:55.623668,2,352,11,2,A,0,1,78,0,1095,20,,,,
2025-12-18T16:14:55.644036,2,352,2,11,B,0,1,78,0,1095,20,67,12,77,10
2025-12-18T16:14:55.901267,2,353,11,4,A,0,1,78,0,1095,20,,,,
2025-12-18T16:14:55.916495,2,353,4,11,B,0,1,78,0,1095,20,25,169,224,40
2025-12-18T16:14:55.937337,2,353,11,4,A,1,2,78,0,1095,20,,,,
2025-12-18T16:14:55.937530,2,353,4,11,B,1,2,78,0,1095,20,92,368,441,20
2025-12-18T16:14:56.377973,2,354,11,7,A,0,1,78,0,1095,20,,,,
2025-12-18T16:14:56.426139,2,354,7,11,B,0,1,78,0,1095,20,44,359,412,10
2025-12-18T16:14:56.684403,2,355,11,6,A,0,1,78,0,1095,20,,,,
2025-12-18T16:14:56.695345,2,355,6,11,B,0,1,78,0,1095,20,55,95,158,10
2025-12-18T16:14:57.018706,2,356,11,10,A,0,1,78,0,1095,20,,,,
2025-12-18T16:14:57.042765,2,356,10,11,B,0,1,78,0,1095,20,77,574,643,10
2025-12-18T16:14:57.271114,2,357,11,13,A,0,1,78,0,1095,20,,,,
2025-12-18T16:14:57.277600,2,357,13,11,B,0,1,78,0,1095,20,87,85,144,20
2025-12-18T16:14:57.520101,2,358,11,5,A,0,1,65,0,1133,10,,,,
2025-12-18T16:14:57.529906,2,358,5,11,B,0,1,65,0,1133,10,8,255,324,20
2025-12-18T16:14:58.021208,2,359,11,8,A,0,1,65,0,1133,10,,,,
2025-12-18T16:14:58.080657,2,359,8,11,B,0,1,65,0,1133,10,57,0,1111,40
2025-12-18T16:14:58.104601,2,359,11,8,A,1,2,65,0,1133,10,,,,
2025-12-18T16:14:58.104763,2,359,8,11,B,1,2,65,0,1133,10,91,0,1123,10
2025-12-18T16:14:58.582638,2,360,11,0,A,0,1,65,0,1133,10,,,,
2025-12-18T16:14:58.639903,2,360,0,11,B,0,1,65,0,1133,10,62,262,317,20
2025-12-18T16:14:58.925000,2,361,11,9,A,0,1,65,0,1133,10,,,,
2025-12-18T16:14:58.942814,2,361,9,11,B,0,1,65,0,1133,10,18,0,1110,20
2025-12-18T16:14:59.241256,2,362,11,2,A,0,1,65,0,1133,10,,,,
2025-12-18T16:14:59.262372,2,362,2,11,B,0,1,65,0,1133,10,67,12,77,10
2025-12-18T16:14:59.521760,2,363,11,4,A,0,1,65,0,1133,10,,,,
2025-12-18T16:14:59.537051,2,363,4,11,B,0,1,65,0,1133,10,25,169,224,40
2025-12-18T16:14:59.558045,2,363,11,4,A,1,2,65,0,1133,10,,,,
2025-12-18T16:14:59.558255,2,363,4,11,B,1,2,65,0,1133,10,92,368,441,20
2025-12-18T16:14:59.994405,2,364,11,7,A,0,1,65,0,1133,10,,,,
2025-12-18T16:15:00.043787,2,364,7,11,B,0,1,65,0,1133,10,44,359,412,10
2025-12-18T16:15:00.362270,2,365,11,3,A,0,1,65,0,1133,10,,,,
2025-12-18T16:15:00.391258,2,365,3,11,B,0,1,65,0,1133,10,84,458,523,20
2025-12-18T16:15:00.634986,2,366,11,6,A,0,1,65,0,1133,10,,,,
2025-12-18T16:15:00.668205,2,366,6,11,B,0,1,65,0,1133,10,55,95,158,10
2025-12-18T16:15:01.057677,2,367,11,10,A,0,1,65,0,1133,10,,,,
2025-12-18T16:15:01.081840,2,367,10,11,B,0,1,65,0,1133,10,77,574,643,10
2025-12-18T16:15:01.310885,2,368,11,13,A,0,1,65,0,1133,10,,,,
2025-12-18T16:15:01.317542,2,368,13,11,B,0,1,65,0,1133,10,87,85,144,20
2025-12-18T16:15:01.740904,2,369,11,14,A,0,1,65,0,1133,10,,,,
2025-12-18T16:15:01.774780,2,369,14,11,B,0,1,65,0,1133,10,100,647,726,20
2025-12-18T16:15:02.060934,2,370,11,1,A,0,1,65,0,1133,10,,,,
2025-12-18T16:15:02.072515,2,370,1,11,B,0,1,65,0,1133,10,43,0,1129,10
2025-12-18T16:15:02.323278,2,371,11,5,A,0,1,24,0,1131,10,,,,
2025-12-18T16:15:02.333170,2,371,5,11,B,0,1,24,0,1131,10,8,255,324,20
2025-12-18T16:15:02.831671,2,372,11,8,A,0,1,24,0,1131,10,,,,
2025-12-18T16:15:02.888955,2,372,8,11,B,0,1,24,0,1131,10,57,0,1111,40
2025-12-18T16:15:02.913654,2,372,11,8,A,1,2,24,0,1131,10,,,,
2025-12-18T16:15:02.913885,2,372,8,11,B,1,2,24,0,1131,10,91,0,1123,10
2025-12-18T16:15:03.385267,2,373,11,0,A,0,1,24,0,1131,10,,,,
2025-12-18T16:15:03.444457,2,373,0,11,B,0,1,24,0,1131,10,62,262,317,20
2025-12-18T16:15:03.750361,2,374,11,2,A,0,1,24,0,1131,10,,,,
2025-12-18T16:15:03.771051,2,374,2,11,B,0,1,24,0,1131,10,67,12,77,10
2025-12-18T16:15:04.060018,2,375,11,4,A,0,1,24,0,1131,10,,,,
2025-12-18T16:15:04.077202,2,375,4,11,B,0,1,24,0,1131,10,25,169,224,40
2025-12-18T16:15:04.100070,2,375,11,4,A,1,2,24,0,1131,10,,,,
2025-12-18T16:15:04.100271,2,375,4,11,B,1,2,24,0,1131,10,92,368,441,20
2025-12-18T16:15:04.559372,2,376,11,7,A,0,1,24,0,1131,10,,,,
2025-12-18T16:15:04.607070,2,376,7,11,B,0,1,24,0,1131,10,44,359,412,10
2025-12-18T16:15:04.929677,2,377,11,3,A,0,1,24,0,1131,10,,,,
2025-12-18T16:15:04.957323,2,377,3,11,B,0,1,24,0,1131,10,84,458,523,20
2025-12-18T16:15:05.273304,2,378,11,10,A,0,1,24,0,1131,10,,,,
2025-12-18T16:15:05.298120,2,378,10,11,B,0,1,24,0,1131,10,77,574,643,10
2025-12-18T16:15:05.648123,2,379,11,14,A,0,1,24,0,1131,10,,,,
2025-12-18T16:15:05.678923,2,379,14,11,B,0,1,24,0,1131,10,100,647,726,20
2025-12-18T16:15:05.938616,2,380,11,1,A,0,1,24,0,1131,10,,,,
2025-12-18T16:15:05.951047,2,380,1,11,B,0,1,24,0,1131,10,43,0,1129,10
2025-12-18T16:15:06.201306,2,381,11,5,A,0,1,96,0,1109,10,,,,
2025-12-18T16:15:06.211822,2,381,5,11,B,0,1,96,0,1109,10,8,255,324,20
2025-12-18T16:15:06.700061,2,382,11,8,A,0,1,96,0,1109,10,,,,
2025-12-18T16:15:06.757284,2,382,8,11,B,0,1,96,0,1109,10,57,0,1111,40
2025-12-18T16:15:06.781732,2,382,11,8,A,1,2,96,0,1109,10,,,,
2025-12-18T16:15:06.781970,2,382,8,11,B,1,2,96,0,1109,10,91,0,1123,10
2025-12-18T16:15:07.253183,2,383,11,0,A,0,1,96,0,1109,10,,,,
2025-12-18T16:15:07.310059,2,383,0,11,B,0,1,96,0,1109,10,62,262,317,20
2025-12-18T16:15:07.602817,2,384,11,2,A,0,1,96,0,1109,10,,,,
2025-12-18T16:15:07.622998,2,384,2,11,B,0,1,96,0,1109,10,67,12,77,10
2025-12-18T16:15:07.879846,2,385,11,4,A,0,1,96,0,1109,10,,,,
2025-12-18T16:15:07.893991,2,385,4,11,B,0,1,96,0,1109,10,25,169,224,40
2025-12-18T16:15:07.914292,2,385,11,4,A,1,2,96,0,1109,10,,,,
2025-12-18T16:15:07.914448,2,385,4,11,B,1,2,96,0,1109,10,92,368,441,20
2025-12-18T16:15:08.255455,2,386,11,3,A,0,1,96,0,1109,10,,,,
2025-12-18T16:15:08.283342,2,386,3,11,B,0,1,96,0,1109,10,84,458,523,20
2025-12-18T16:15:08.529105,2,387,11,6,A,0,1,96,0,1109,10,,,,
2025-12-18T16:15:08.539176,2,387,6,11,B,0,1,96,0,1109,10,55,95,158,10
2025-12-18T16:15:08.769610,2,388,11,13,A,0,1,96,0,1109,10,,,,
2025-12-18T16:15:08.776454,2,388,13,11,B,0,1,96,0,1109,10,87,85,144,20
2025-12-18T16:15:09.150171,2,389,11,14,A,0,1,96,0,1109,10,,,,
2025-12-18T16:15:09.180601,2,389,14,11,B,0,1,96,0,1109,10,100,647,726,20
2025-12-18T16:15:09.429675,2,390,11,1,A,0,1,96,0,1109,10,,,,
2025-12-18T16:15:09.442161,2,390,1,11,B,0,1,96,0,1109,10,43,0,1129,10
2025-12-18T16:15:09.729283,2,391,11,9,A,0,1,83,0,1113,10,,,,
2025-12-18T16:15:09.747264,2,391,9,11,B,0,1,83,0,1113,10,18,0,1110,20
2025-12-18T16:15:10.041527,2,392,11,2,A,0,1,83,0,1113,10,,,,
2025-12-18T16:15:10.061345,2,392,2,11,B,0,1,83,0,1113,10,67,12,77,10
2025-12-18T16:15:10.341912,2,393,11,4,A,0,1,83,0,1113,10,,,,
2025-12-18T16:15:10.357991,2,393,4,11,B,0,1,83,0,1113,10,25,169,224,40
2025-12-18T16:15:10.379445,2,393,11,4,A,1,2,83,0,1113,10,,,,
2025-12-18T16:15:10.379658,2,393,4,11,B,1,2,83,0,1113,10,92,368,441,20
2025-12-18T16:15:10.841490,2,394,11,7,A,0,1,83,0,1113,10,,,,
2025-12-18T16:15:10.890017,2,394,7,11,B,0,1,83,0,1113,10,44,359,412,10
2025-12-18T16:15:11.134567,2,395,11,6,A,0,1,83,0,1113,10,,,,
2025-12-18T16:15:11.145932,2,395,6,11,B,0,1,83,0,1113,10,55,95,158,10
2025-12-18T16:15:11.464447,2,396,11,10,A,0,1,83,0,1113,10,,,,
2025-12-18T16:15:11.488098,2,396,10,11,B,0,1,83,0,1113,10,77,574,643,10
2025-12-18T16:15:11.738695,2,397,11,13,A,0,1,83,0,1113,10,,,,
2025-12-18T16:15:11.745705,2,397,13,11,B,0,1,83,0,1113,10,87,85,144,20
2025-12-18T16:15:11.987863,2,398,11,5,A,0,1,13,30,92,30,,,,
2025-12-18T16:15:11.995017,2,398,5,11,B,0,1,13,30,92,30,8,255,324,20
2025-12-18T16:15:12.510458,2,399,11,8,A,0,1,13,30,92,30,,,,
2025-12-18T16:15:12.539960,2,399,8,11,B,0,1,13,30,92,30,57,0,1111,40
2025-12-18T16:15:12.564812,2,399,11,8,A,1,2,13,30,92,30,,,,
2025-12-18T16:15:12.565070,2,399,8,11,B,1,2,13,30,92,30,91,0,1123,10
2025-12-18T16:15:13.045222,2,400,11,0,A,0,1,13,30,92,30,,,,
2025-12-18T16:15:13.071404,2,400,0,11,B,0,1,13,30,92,30,62,262,317,20
2025-12-18T16:15:13.571095,2,401,11,12,A,0,1,13,30,92,30,,,,
2025-12-18T16:15:13.602002,2,401,12,11,B,0,1,13,30,92,30,38,479,522,30
2025-12-18T16:15:13.624174,2,401,11,12,A,1,2,13,30,92,30,,,,
2025-12-18T16:15:13.624352,2,401,12,11,B,1,2,13,30,92,30,80,0,1094,10
2025-12-18T16:15:13.925814,2,402,11,2,A,0,1,13,30,92,30,,,,
2025-12-18T16:15:13.938353,2,402,2,11,B,0,1,13,30,92,30,67,12,77,10
2025-12-18T16:15:14.198810,2,403,11,4,A,0,1,13,30,92,30,,,,
2025-12-18T16:15:14.206714,2,403,4,11,B,0,1,13,30,92,30,25,169,224,40
2025-12-18T16:15:14.227236,2,403,11,4,A,1,2,13,30,92,30,,,,
2025-12-18T16:15:14.227427,2,403,4,11,B,1,2,13,30,92,30,92,368,441,20
2025-12-18T16:15:14.543549,2,404,11,3,A,0,1,13,30,92,30,,,,
2025-12-18T16:15:14.557480,2,404,3,11,B,0,1,13,30,92,30,84,458,523,20
2025-12-18T16:15:14.903812,2,405,11,14,A,0,1,13,30,92,30,,,,
2025-12-18T16:15:14.922174,2,405,14,11,B,0,1,13,30,92,30,100,647,726,20
2025-12-18T16:15:15.178649,2,406,11,1,A,0,1,13,30,92,30,,,,
2025-12-18T16:15:15.187357,2,406,1,11,B,0,1,13,30,92,30,43,0,1129,10
2025-12-18T16:15:15.582841,2,407,12,9,A,0,1,80,0,1094,10,,,,
2025-12-18T16:15:15.601072,2,407,9,12,B,0,1,80,0,1094,10,18,0,1110,20
2025-12-18T16:15:15.973302,2,408,12,2,A,0,1,80,0,1094,10,,,,
2025-12-18T16:15:15.995419,2,408,2,12,B,0,1,80,0,1094,10,67,12,77,10
2025-12-18T16:15:16.331618,2,409,12,4,A,0,1,80,0,1094,10,,,,
2025-12-18T16:15:16.345290,2,409,4,12,B,0,1,80,0,1094,10,25,169,224,40
2025-12-18T16:15:16.370696,2,409,12,4,A,1,2,80,0,1094,10,,,,
2025-12-18T16:15:16.370891,2,409,4,12,B,1,2,80,0,1094,10,92,368,441,20
2025-12-18T16:15:16.913049,2,410,12,7,A,0,1,80,0,1094,10,,,,
2025-12-18T16:15:16.958159,2,410,7,12,B,0,1,80,0,1094,10,44,359,412,10
2025-12-18T16:15:17.285088,2,411,12,6,A,0,1,80,0,1094,10,,,,
2025-12-18T16:15:17.295829,2,411,6,12,B,0,1,80,0,1094,10,55,95,158,10
2025-12-18T16:15:17.682080,2,412,12,10,A,0,1,80,0,1094,10,,,,
2025-12-18T16:15:17.705896,2,412,10,12,B,0,1,80,0,1094,10,77,574,643,10
2025-12-18T16:15:18.011383,2,413,12,13,A,0,1,80,0,1094,10,,,,
2025-12-18T16:15:18.017973,2,413,13,12,B,0,1,80,0,1094,10,87,85,144,20
2025-12-18T16:15:18.357545,2,414,12,5,A,0,1,16,0,1105,40,,,,
2025-12-18T16:15:18.367583,2,414,5,12,B,0,1,16,0,1105,40,8,255,324,20
2025-12-18T16:15:18.930305,2,415,12,8,A,0,1,16,0,1105,40,,,,
2025-12-18T16:15:18.989795,2,415,8,12,B,0,1,16,0,1105,40,57,0,1111,40
2025-12-18T16:15:19.019568,2,415,12,8,A,1,2,16,0,1105,40,,,,
2025-12-18T16:15:19.019770,2,415,8,12,B,1,2,16,0,1105,40,91,0,1123,10
2025-12-18T16:15:19.583513,2,416,12,0,A,0,1,16,0,1105,40,,,,
2025-12-18T16:15:19.640638,2,416,0,12,B,0,1,16,0,1105,40,62,262,317,20
2025-12-18T16:15:20.008691,2,417,12,2,A,0,1,16,0,1105,40,,,,
2025-12-18T16:15:20.028934,2,417,2,12,B,0,1,16,0,1105,40,67,12,77,10
2025-12-18T16:15:20.357758,2,418,12,4,A,0,1,16,0,1105,40,,,,
2025-12-18T16:15:20.371711,2,418,4,12,B,0,1,16,0,1105,40,25,169,224,40
2025-12-18T16:15:20.397354,2,418,12,4,A,1,2,16,0,1105,40,,,,
2025-12-18T16:15:20.397563,2,418,4,12,B,1,2,16,0,1105,40,92,368,441,20
2025-12-18T16:15:20.809516,2,419,12,3,A,0,1,16,0,1105,40,,,,
2025-12-18T16:15:20.836965,2,419,3,12,B,0,1,16,0,1105,40,84,458,523,20
2025-12-18T16:15:21.327333,2,420,12,11,A,0,1,16,0,1105,40,,,,
2025-12-18T16:15:21.370847,2,420,11,12,B,0,1,16,0,1105,40,13,30,92,30
2025-12-18T16:15:21.394903,2,420,12,11,A,1,2,16,0,1105,40,,,,
2025-12-18T16:15:21.395128,2,420,11,12,B,1,2,16,0,1105,40,53,286,347,20
2025-12-18T16:15:21.839149,2,421,12,14,A,0,1,16,0,1105,40,,,,
2025-12-18T16:15:21.871219,2,421,14,12,B,0,1,16,0,1105,40,100,647,726,20
2025-12-18T16:15:22.199731,2,422,12,1,A,0,1,16,0,1105,40,,,,
2025-12-18T16:15:22.211701,2,422,1,12,B,0,1,16,0,1105,40,43,0,1129,10
2025-12-18T16:15:22.548159,2,423,12,5,A,0,1,14,0,1106,10,,,,
2025-12-18T16:15:22.558203,2,423,5,12,B,0,1,14,0,1106,10,8,255,324,20
2025-12-18T16:15:23.124868,2,424,12,8,A,0,1,14,0,1106,10,,,,
2025-12-18T16:15:23.183731,2,424,8,12,B,0,1,14,0,1106,10,57,0,1111,40
2025-12-18T16:15:23.213512,2,424,12,8,A,1,2,14,0,1106,10,,,,
2025-12-18T16:15:23.213724,2,424,8,12,B,1,2,14,0,1106,10,91,0,1123,10
2025-12-18T16:15:23.773942,2,425,12,0,A,0,1,14,0,1106,10,,,,
2025-12-18T16:15:23.830341,2,425,0,12,B,0,1,14,0,1106,10,62,262,317,20
2025-12-18T16:15:24.199892,2,426,12,2,A,0,1,14,0,1106,10,,,,
2025-12-18T16:15:24.219833,2,426,2,12,B,0,1,14,0,1106,10,67,12,77,10
2025-12-18T16:15:24.553676,2,427,12,4,A,0,1,14,0,1106,10,,,,
2025-12-18T16:15:24.567989,2,427,4,12,B,0,1,14,0,1106,10,25,169,224,40
2025-12-18T16:15:24.596119,2,427,12,4,A,1,2,14,0,1106,10,,,,
2025-12-18T16:15:24.596329,2,427,4,12,B,1,2,14,0,1106,10,92,368,441,20
2025-12-18T16:15:25.012965,2,428,12,3,A,0,1,14,0,1106,10,,,,
2025-12-18T16:15:25.040424,2,428,3,12,B,0,1,14,0,1106,10,84,458,523,20
2025-12-18T16:15:25.530615,2,429,12,11,A,0,1,14,0,1106,10,,,,
2025-12-18T16:15:25.573520,2,429,11,12,B,0,1,14,0,1106,10,13,30,92,30
2025-12-18T16:15:25.598504,2,429,12,11,A,1,2,14,0,1106,10,,,,
2025-12-18T16:15:25.598726,2,429,11,12,B,1,2,14,0,1106,10,53,286,347,20
2025-12-18T16:15:26.021719,2,430,12,14,A,0,1,14,0,1106,10,,,,
2025-12-18T16:15:26.053660,2,430,14,12,B,0,1,14,0,1106,10,100,647,726,20
2025-12-18T16:15:26.380856,2,431,12,1,A,0,1,14,0,1106,10,,,,
2025-12-18T16:15:26.393022,2,431,1,12,B,0,1,14,0,1106,10,43,0,1129,10
2025-12-18T16:15:26.717774,2,432,12,5,A,0,1,30,0,1125,10,,,,
2025-12-18T16:15:26.728014,2,432,5,12,B,0,1,30,0,1125,10,8,255,324,20
2025-12-18T16:15:27.297953,2,433,12,8,A,0,1,30,0,1125,10,,,,
2025-12-18T16:15:27.354862,2,433,8,12,B,0,1,30,0,1125,10,57,0,1111,40
2025-12-18T16:15:27.385080,2,433,12,8,A,1,2,30,0,1125,10,,,,
2025-12-18T16:15:27.385329,2,433,8,12,B,1,2,30,0,1125,10,91,0,1123,10
2025-12-18T16:15:27.923337,2,434,12,0,A,0,1,30,0,1125,10,,,,
2025-12-18T16:15:27.980369,2,434,0,12,B,0,1,30,0,1125,10,62,262,317,20
2025-12-18T16:15:28.376332,2,435,12,2,A,0,1,30,0,1125,10,,,,
2025-12-18T16:15:28.398520,2,435,2,12,B,0,1,30,0,1125,10,67,12,77,10
2025-12-18T16:15:28.741880,2,436,12,4,A,0,1,30,0,1125,10,,,,
2025-12-18T16:15:28.756084,2,436,4,12,B,0,1,30,0,1125,10,25,169,224,40
2025-12-18T16:15:28.782221,2,436,12,4,A,1,2,30,0,1125,10,,,,
2025-12-18T16:15:28.782422,2,436,4,12,B,1,2,30,0,1125,10,92,368,441,20
2025-12-18T16:15:29.296690,2,437,12,7,A,0,1,30,0,1125,10,,,,
2025-12-18T16:15:29.344443,2,437,7,12,B,0,1,30,0,1125,10,44,359,412,10
2025-12-18T16:15:29.734001,2,438,12,3,A,0,1,30,0,1125,10,,,,
2025-12-18T16:15:29.761178,2,438,3,12,B,0,1,30,0,1125,10,84,458,523,20
2025-12-18T16:15:30.144524,2,439,12,10,A,0,1,30,0,1125,10,,,,
2025-12-18T16:15:30.167523,2,439,10,12,B,0,1,30,0,1125,10,77,574,643,10
2025-12-18T16:15:30.653344,2,440,12,11,A,0,1,30,0,1125,10,,,,
2025-12-18T16:15:30.696217,2,440,11,12,B,0,1,30,0,1125,10,13,30,92,30
2025-12-18T16:15:30.719494,2,440,12,11,A,1,2,30,0,1125,10,,,,
2025-12-18T16:15:30.719687,2,440,11,12,B,1,2,30,0,1125,10,53,286,347,20
2025-12-18T16:15:31.140891,2,441,12,14,A,0,1,30,0,1125,10,,,,
2025-12-18T16:15:31.170860,2,441,14,12,B,0,1,30,0,1125,10,100,647,726,20
2025-12-18T16:15:31.499078,2,442,12,1,A,0,1,30,0,1125,10,,,,
2025-12-18T16:15:31.510678,2,442,1,12,B,0,1,30,0,1125,10,43,0,1129,10
2025-12-18T16:15:31.827222,2,443,12,5,A,0,1,2,0,1125,30,,,,
2025-12-18T16:15:31.837537,2,443,5,12,B,0,1,2,0,1125,30,8,255,324,20
2025-12-18T16:15:32.399173,2,444,12,8,A,0,1,2,0,1125,30,,,,
2025-12-18T16:15:32.455608,2,444,8,12,B,0,1,2,0,1125,30,57,0,1111,40
2025-12-18T16:15:32.485815,2,444,12,8,A,1,2,2,0,1125,30,,,,
2025-12-18T16:15:32.486042,2,444,8,12,B,1,2,2,0,1125,30,91,0,1123,10
2025-12-18T16:15:33.015818,2,445,12,0,A,0,1,2,0,1125,30,,,,
2025-12-18T16:15:33.072740,2,445,0,12,B,0,1,2,0,1125,30,62,262,317,20
2025-12-18T16:15:33.441774,2,446,12,2,A,0,1,2,0,1125,30,,,,
2025-12-18T16:15:33.461615,2,446,2,12,B,0,1,2,0,1125,30,67,12,77,10
2025-12-18T16:15:33.789445,2,447,12,4,A,0,1,2,0,1125,30,,,,
2025-12-18T16:15:33.803039,2,447,4,12,B,0,1,2,0,1125,30,25,169,224,40
2025-12-18T16:15:33.828738,2,447,12,4,A,1,2,2,0,1125,30,,,,
2025-12-18T16:15:33.828939,2,447,4,12,B,1,2,2,0,1125,30,92,368,441,20
2025-12-18T16:15:34.215306,2,448,12,3,A,0,1,2,0,1125,30,,,,
2025-12-18T16:15:34.242430,2,448,3,12,B,0,1,2,0,1125,30,84,458,523,20
2025-12-18T16:15:34.566359,2,449,12,6,A,0,1,2,0,1125,30,,,,
2025-12-18T16:15:34.586477,2,449,6,12,B,0,1,2,0,1125,30,55,95,158,10
2025-12-18T16:15:34.917847,2,450,12,13,A,0,1,2,0,1125,30,,,,
2025-12-18T16:15:34.924856,2,450,13,12,B,0,1,2,0,1125,30,87,85,144,20
2025-12-18T16:15:35.406040,2,451,12,11,A,0,1,2,0,1125,30,,,,
2025-12-18T16:15:35.449844,2,451,11,12,B,0,1,2,0,1125,30,13,30,92,30
2025-12-18T16:15:35.475429,2,451,12,11,A,1,2,2,0,1125,30,,,,
2025-12-18T16:15:35.475620,2,451,11,12,B,1,2,2,0,1125,30,53,286,347,20
2025-12-18T16:15:35.924695,2,452,12,14,A,0,1,2,0,1125,30,,,,
2025-12-18T16:15:35.956669,2,452,14,12,B,0,1,2,0,1125,30,100,647,726,20
2025-12-18T16:15:36.279449,2,453,12,1,A,0,1,2,0,1125,30,,,,
2025-12-18T16:15:36.290853,2,453,1,12,B,0,1,2,0,1125,30,43,0,1129,10
2025-12-18T16:15:36.607117,2,454,12,5,A,0,1,75,0,1130,20,,,,
2025-12-18T16:15:36.617369,2,454,5,12,B,0,1,75,0,1130,20,8,255,324,20
2025-12-18T16:15:37.182378,2,455,12,8,A,0,1,75,0,1130,20,,,,
2025-12-18T16:15:37.239126,2,455,8,12,B,0,1,75,0,1130,20,57,0,1111,40
2025-12-18T16:15:37.270020,2,455,12,8,A,1,2,75,0,1130,20,,,,
2025-12-18T16:15:37.270235,2,455,8,12,B,1,2,75,0,1130,20,91,0,1123,10
2025-12-18T16:15:37.828492,2,456,12,0,A,0,1,75,0,1130,20,,,,
2025-12-18T16:15:37.885488,2,456,0,12,B,0,1,75,0,1130,20,62,262,317,20
2025-12-18T16:15:38.257525,2,457,12,2,A,0,1,75,0,1130,20,,,,
2025-12-18T16:15:38.277468,2,457,2,12,B,0,1,75,0,1130,20,67,12,77,10
